transaction_id,order_id,customer_id,amount,expected_settlement,settled_amount,difference,status,priority,anomaly_score,ml_risk,combined_risk_score,risk_level
TXN000001,ORD000001,CUST00655,2872.14,2833.7,2833.7,0.0,MATCHED,LOW,15.63,LOW,9.38,LOW
TXN000002,ORD000002,CUST00282,6197.81,3524.94,3524.94,0.0,MATCHED,LOW,35.18,MEDIUM,21.11,LOW
TXN000003,ORD000003,CUST00105,16949.82,16622.75,16622.75,0.0,MATCHED,LOW,4.23,LOW,2.54,LOW
TXN000004,ORD000004,CUST00090,14803.26,14537.32,14537.32,0.0,MATCHED,LOW,3.27,LOW,1.96,LOW
TXN000005,ORD000005,CUST00031,2433.01,2390.48,2390.48,0.0,MATCHED,LOW,12.07,LOW,7.24,LOW
TXN000006,ORD000006,CUST00518,15090.27,14753.58,14753.58,0.0,MATCHED,LOW,3.73,LOW,2.24,LOW
TXN000007,ORD000007,CUST00204,17928.89,17709.65,17709.65,0.0,MATCHED,LOW,13.2,LOW,7.92,LOW
TXN000008,ORD000008,CUST00559,10546.04,10364.7,10364.7,0.0,MATCHED,LOW,2.18,LOW,1.31,LOW
TXN000009,ORD000009,CUST00604,7026.95,6821.19,6821.19,0.0,MATCHED,LOW,12.8,LOW,7.68,LOW
TXN000010,ORD000010,CUST00164,17483.67,17086.67,17086.67,0.0,MATCHED,LOW,6.09,LOW,3.65,LOW
TXN000011,ORD000011,CUST00285,3971.44,3854.97,3854.97,0.0,MATCHED,LOW,16.32,LOW,9.79,LOW
TXN000012,ORD000012,CUST00345,2645.04,2593.12,2593.12,0.0,MATCHED,LOW,10.09,LOW,6.05,LOW
TXN000013,ORD000013,CUST00100,9038.59,8908.6,8908.6,0.0,MATCHED,LOW,7.14,LOW,4.28,LOW
TXN000014,ORD000014,CUST00619,6686.57,6602.35,6602.35,0.0,MATCHED,LOW,9.79,LOW,5.87,LOW
TXN000015,ORD000015,CUST00471,13452.08,13098.54,13098.54,0.0,MATCHED,LOW,6.96,LOW,4.18,LOW
TXN000016,ORD000016,CUST00081,13845.81,13633.49,13633.49,0.0,MATCHED,LOW,5.34,LOW,3.2,LOW
TXN000017,ORD000017,CUST00634,22147.75,21739.86,21739.86,0.0,MATCHED,LOW,11.84,LOW,7.1,LOW
TXN000018,ORD000018,CUST00592,4887.99,4764.75,4764.75,0.0,MATCHED,LOW,8.59,LOW,5.15,LOW
TXN000019,ORD000019,CUST00047,16565.46,16119.95,16119.95,0.0,MATCHED,LOW,11.89,LOW,7.13,LOW
TXN000020,ORD000020,CUST00297,24632.02,20132.53,20132.53,0.0,MATCHED,LOW,44.02,MEDIUM,26.41,LOW
TXN000021,ORD000021,CUST00104,9565.14,7559.95,7559.95,0.0,MATCHED,LOW,30.66,LOW,18.4,LOW
TXN000022,ORD000022,CUST00651,20869.35,20272.57,20272.57,0.0,MATCHED,LOW,25.05,LOW,15.03,LOW
TXN000023,ORD000023,CUST00380,8946.24,8693.93,8693.93,0.0,MATCHED,LOW,9.8,LOW,5.88,LOW
TXN000024,ORD000024,CUST00274,17575.33,17097.69,17097.69,0.0,MATCHED,LOW,12.74,LOW,7.64,LOW
TXN000025,ORD000025,CUST00664,1877.92,1828.5,1828.5,0.0,MATCHED,LOW,15.62,LOW,9.37,LOW
TXN000026,ORD000026,CUST00176,13400.08,13238.7,13238.7,0.0,MATCHED,LOW,10.21,LOW,6.13,LOW
TXN000027,ORD000027,CUST00168,11610.28,11330.7,11330.7,0.0,MATCHED,LOW,1.6,LOW,0.96,LOW
TXN000028,ORD000028,CUST00656,17235.23,16997.91,16997.91,0.0,MATCHED,LOW,8.62,LOW,5.17,LOW
TXN000029,ORD000029,CUST00333,21087.01,20670.2,20670.2,0.0,MATCHED,LOW,9.72,LOW,5.83,LOW
TXN000030,ORD000030,CUST00058,5803.3,5732.49,5732.49,0.0,MATCHED,LOW,12.49,LOW,7.49,LOW
TXN000031,ORD000031,CUST00324,10089.0,9932.63,9343.54,589.09,UNDER_SETTLED,MEDIUM,26.51,LOW,17.41,LOW
TXN000032,ORD000032,CUST00217,22837.09,22350.14,22350.14,0.0,MATCHED,LOW,16.23,LOW,9.74,LOW
TXN000033,ORD000033,CUST00323,5394.4,5311.29,5311.29,0.0,MATCHED,LOW,7.19,LOW,4.31,LOW
TXN000034,ORD000034,CUST00406,22128.61,21662.55,21662.55,0.0,MATCHED,LOW,13.73,LOW,8.24,LOW
TXN000035,ORD000035,CUST00470,3657.5,3597.59,3597.59,0.0,MATCHED,LOW,8.91,LOW,5.35,LOW
TXN000036,ORD000036,CUST00253,18650.23,18270.71,17977.79,292.92,UNDER_SETTLED,MEDIUM,25.98,LOW,16.59,LOW
TXN000037,ORD000037,CUST00270,18700.64,18238.36,18238.36,0.0,MATCHED,LOW,9.39,LOW,5.63,LOW
TXN000038,ORD000038,CUST00598,10045.07,9901.41,9901.41,0.0,MATCHED,LOW,6.35,LOW,3.81,LOW
TXN000039,ORD000039,CUST00142,12787.2,12478.16,12478.16,0.0,MATCHED,LOW,1.95,LOW,1.17,LOW
TXN000040,ORD000040,CUST00049,21541.46,21280.26,21031.85,248.41,UNDER_SETTLED,MEDIUM,32.51,LOW,20.44,LOW
TXN000041,ORD000041,CUST00643,4083.55,3993.22,3993.22,0.0,MATCHED,LOW,7.45,LOW,4.47,LOW
TXN000042,ORD000042,CUST00433,14950.58,14598.57,14598.57,0.0,MATCHED,LOW,4.13,LOW,2.48,LOW
TXN000043,ORD000043,CUST00391,14937.62,14749.86,14749.86,0.0,MATCHED,LOW,10.66,LOW,6.4,LOW
TXN000044,ORD000044,CUST00542,6360.21,6265.99,6265.99,0.0,MATCHED,LOW,5.87,LOW,3.52,LOW
TXN000045,ORD000045,CUST00012,17039.06,16752.34,,16752.34,MISSING_SETTLEMENT,CRITICAL,88.84,CRITICAL,82.54,CRITICAL
TXN000046,ORD000046,CUST00699,22131.23,21560.94,21560.94,0.0,MATCHED,LOW,22.6,LOW,13.56,LOW
TXN000047,ORD000047,CUST00274,19238.11,18800.67,18800.67,0.0,MATCHED,LOW,8.4,LOW,5.04,LOW
TXN000048,ORD000048,CUST00115,7408.15,7313.77,7313.77,0.0,MATCHED,LOW,10.03,LOW,6.02,LOW
TXN000049,ORD000049,CUST00465,180.81,176.59,176.59,0.0,MATCHED,LOW,29.84,LOW,17.9,LOW
TXN000050,ORD000050,CUST00270,24300.01,24009.68,24009.68,0.0,MATCHED,LOW,30.25,LOW,18.15,LOW
TXN000051,ORD000051,CUST00183,12741.27,12503.28,12503.28,0.0,MATCHED,LOW,1.45,LOW,0.87,LOW
TXN000052,ORD000052,CUST00641,7531.28,5862.26,5862.26,0.0,MATCHED,LOW,26.15,LOW,15.69,LOW
TXN000053,ORD000053,CUST00520,15263.36,14853.05,14853.05,0.0,MATCHED,LOW,9.69,LOW,5.81,LOW
TXN000054,ORD000054,CUST00383,19086.52,18638.3,18638.3,0.0,MATCHED,LOW,9.07,LOW,5.44,LOW
TXN000055,ORD000055,CUST00544,22970.49,22348.04,22348.04,0.0,MATCHED,LOW,31.83,LOW,19.1,LOW
TXN000056,ORD000056,CUST00332,12266.28,12117.4,12117.4,0.0,MATCHED,LOW,11.61,LOW,6.97,LOW
TXN000057,ORD000057,CUST00372,21980.17,21383.34,21383.34,0.0,MATCHED,LOW,24.72,LOW,14.83,LOW
TXN000058,ORD000058,CUST00315,6062.36,5921.14,5921.14,0.0,MATCHED,LOW,3.14,LOW,1.88,LOW
TXN000059,ORD000059,CUST00581,23679.04,23302.74,23302.74,0.0,MATCHED,LOW,19.5,LOW,11.7,LOW
TXN000060,ORD000060,CUST00498,20418.98,20040.45,20040.45,0.0,MATCHED,LOW,9.3,LOW,5.58,LOW
TXN000061,ORD000061,CUST00546,19169.28,18611.72,18611.72,0.0,MATCHED,LOW,24.13,LOW,14.48,LOW
TXN000062,ORD000062,CUST00676,11934.53,11772.66,11772.66,0.0,MATCHED,LOW,8.78,LOW,5.27,LOW
TXN000063,ORD000063,CUST00170,6699.91,6583.44,6583.44,0.0,MATCHED,LOW,3.58,LOW,2.15,LOW
TXN000064,ORD000064,CUST00434,24112.64,23458.18,23458.18,0.0,MATCHED,LOW,40.74,MEDIUM,24.44,LOW
TXN000065,ORD000065,CUST00206,17852.43,17473.8,17473.8,0.0,MATCHED,LOW,6.95,LOW,4.17,LOW
TXN000066,ORD000066,CUST00688,16281.96,16036.11,16036.11,0.0,MATCHED,LOW,5.28,LOW,3.17,LOW
TXN000067,ORD000067,CUST00530,11342.0,11107.65,11107.65,0.0,MATCHED,LOW,0.82,LOW,0.49,LOW
TXN000068,ORD000068,CUST00231,1694.24,1320.45,1320.45,0.0,MATCHED,LOW,28.95,LOW,17.37,LOW
TXN000069,ORD000069,CUST00603,13892.65,0.0,0.0,0.0,MATCHED,LOW,73.51,HIGH,44.11,MEDIUM
TXN000070,ORD000070,CUST00226,279.05,275.65,275.65,0.0,MATCHED,LOW,33.61,LOW,20.17,LOW
TXN000071,ORD000071,CUST00647,1565.96,1540.63,1540.63,0.0,MATCHED,LOW,16.44,LOW,9.86,LOW
TXN000072,ORD000072,CUST00033,21504.92,21049.65,21049.65,0.0,MATCHED,LOW,12.63,LOW,7.58,LOW
TXN000073,ORD000073,CUST00527,6026.32,5919.62,5919.62,0.0,MATCHED,LOW,4.51,LOW,2.71,LOW
TXN000074,ORD000074,CUST00498,5434.5,5332.54,4712.47,620.07,UNDER_SETTLED,MEDIUM,31.57,LOW,20.5,LOW
TXN000075,ORD000075,CUST00585,14447.67,14237.04,14237.04,0.0,MATCHED,LOW,6.46,LOW,3.88,LOW
TXN000076,ORD000076,CUST00485,20206.68,19844.21,19844.21,0.0,MATCHED,LOW,10.03,LOW,6.02,LOW
TXN000077,ORD000077,CUST00097,2513.58,2468.27,2468.27,0.0,MATCHED,LOW,11.61,LOW,6.97,LOW
TXN000078,ORD000078,CUST00363,10647.11,10403.65,,10403.65,MISSING_SETTLEMENT,CRITICAL,78.47,HIGH,65.56,HIGH
TXN000079,ORD000079,CUST00056,16866.78,16597.23,16597.23,0.0,MATCHED,LOW,6.17,LOW,3.7,LOW
TXN000080,ORD000080,CUST00101,1609.26,1562.4,1562.4,0.0,MATCHED,LOW,21.91,LOW,13.15,LOW
TXN000081,ORD000081,CUST00348,20034.75,14622.02,14622.02,0.0,MATCHED,LOW,41.93,MEDIUM,25.16,LOW
TXN000082,ORD000082,CUST00255,4870.59,4743.13,4743.13,0.0,MATCHED,LOW,10.27,LOW,6.16,LOW
TXN000083,ORD000083,CUST00460,3590.54,3508.4,3508.4,0.0,MATCHED,LOW,7.91,LOW,4.75,LOW
TXN000084,ORD000084,CUST00286,11619.44,11301.62,11301.62,0.0,MATCHED,LOW,6.76,LOW,4.06,LOW
TXN000085,ORD000085,CUST00454,20219.75,19662.5,19662.5,0.0,MATCHED,LOW,19.21,LOW,11.53,LOW
TXN000086,ORD000086,CUST00101,1359.65,1323.99,0.0,1323.99,UNDER_SETTLED,MEDIUM,59.26,MEDIUM,38.31,MEDIUM
TXN000087,ORD000087,CUST00016,24228.01,23929.48,23389.07,540.41,UNDER_SETTLED,MEDIUM,47.88,MEDIUM,30.15,LOW
TXN000088,ORD000088,CUST00243,4241.15,4149.44,,4149.44,MISSING_SETTLEMENT,HIGH,72.93,HIGH,51.64,MEDIUM
TXN000089,ORD000089,CUST00493,5422.31,5331.44,5331.44,0.0,MATCHED,LOW,6.14,LOW,3.68,LOW
TXN000090,ORD000090,CUST00061,4199.46,4138.63,4138.63,0.0,MATCHED,LOW,10.05,LOW,6.03,LOW
TXN000091,ORD000091,CUST00400,6703.56,5800.15,5800.15,0.0,MATCHED,LOW,21.14,LOW,12.68,LOW
TXN000092,ORD000092,CUST00466,7202.71,7033.97,7033.97,0.0,MATCHED,LOW,2.27,LOW,1.36,LOW
TXN000093,ORD000093,CUST00570,16580.6,16359.18,16359.18,0.0,MATCHED,LOW,8.36,LOW,5.02,LOW
TXN000094,ORD000094,CUST00159,4828.46,4738.82,4738.82,0.0,MATCHED,LOW,6.84,LOW,4.1,LOW
TXN000095,ORD000095,CUST00060,14521.59,14103.33,14103.33,0.0,MATCHED,LOW,13.27,LOW,7.96,LOW
TXN000096,ORD000096,CUST00063,18724.59,18300.66,18300.66,0.0,MATCHED,LOW,6.57,LOW,3.94,LOW
TXN000097,ORD000097,CUST00052,14646.02,14311.04,,14311.04,MISSING_SETTLEMENT,CRITICAL,84.26,CRITICAL,75.66,HIGH
TXN000098,ORD000098,CUST00544,4020.07,3956.46,3956.46,0.0,MATCHED,LOW,8.58,LOW,5.15,LOW
TXN000099,ORD000099,CUST00083,21298.43,20956.5,20956.5,0.0,MATCHED,LOW,11.61,LOW,6.97,LOW
TXN000100,ORD000100,CUST00610,1792.23,1766.23,1766.23,0.0,MATCHED,LOW,18.13,LOW,10.88,LOW
TXN000101,ORD000101,CUST00414,3085.18,2995.77,2995.77,0.0,MATCHED,LOW,16.62,LOW,9.97,LOW
TXN000102,ORD000102,CUST00253,14515.08,14110.08,14110.08,0.0,MATCHED,LOW,11.32,LOW,6.79,LOW
TXN000103,ORD000103,CUST00635,2141.39,2103.64,2103.64,0.0,MATCHED,LOW,13.06,LOW,7.84,LOW
TXN000104,ORD000104,CUST00598,14174.15,13870.85,13870.85,0.0,MATCHED,LOW,2.66,LOW,1.6,LOW
TXN000105,ORD000105,CUST00268,5186.05,5105.88,5105.88,0.0,MATCHED,LOW,8.22,LOW,4.93,LOW
TXN000106,ORD000106,CUST00322,6043.28,5957.15,5957.15,0.0,MATCHED,LOW,7.22,LOW,4.33,LOW
TXN000107,ORD000107,CUST00135,16825.09,16465.33,16465.33,0.0,MATCHED,LOW,6.03,LOW,3.62,LOW
TXN000108,ORD000108,CUST00469,7972.81,7765.83,7765.83,0.0,MATCHED,LOW,5.26,LOW,3.16,LOW
TXN000109,ORD000109,CUST00075,331.95,322.97,322.97,0.0,MATCHED,LOW,29.55,LOW,17.73,LOW
TXN000110,ORD000110,CUST00577,24902.8,24472.75,24472.75,0.0,MATCHED,LOW,28.39,LOW,17.03,LOW
TXN000111,ORD000111,CUST00551,5407.54,390.04,390.04,0.0,MATCHED,LOW,53.92,MEDIUM,32.35,LOW
TXN000112,ORD000112,CUST00136,23338.16,22846.39,22846.39,0.0,MATCHED,LOW,17.44,LOW,10.46,LOW
TXN000113,ORD000113,CUST00251,9301.22,9169.2,8071.33,1097.87,UNDER_SETTLED,MEDIUM,39.76,MEDIUM,26.23,LOW
TXN000114,ORD000114,CUST00449,20860.25,20246.46,20246.46,0.0,MATCHED,LOW,30.59,LOW,18.35,LOW
TXN000115,ORD000115,CUST00310,15330.78,14885.09,14885.09,0.0,MATCHED,LOW,15.93,LOW,9.56,LOW
TXN000116,ORD000116,CUST00670,13270.62,13079.93,13079.93,0.0,MATCHED,LOW,6.15,LOW,3.69,LOW
TXN000117,ORD000117,CUST00568,7554.53,7340.63,7340.63,0.0,MATCHED,LOW,9.65,LOW,5.79,LOW
TXN000118,ORD000118,CUST00107,23479.36,14387.16,14387.16,0.0,MATCHED,LOW,70.03,HIGH,42.02,MEDIUM
TXN000119,ORD000119,CUST00271,2974.17,2922.36,2922.36,0.0,MATCHED,LOW,10.59,LOW,6.35,LOW
TXN000120,ORD000120,CUST00567,3970.65,3884.63,3884.63,0.0,MATCHED,LOW,6.66,LOW,4.0,LOW
TXN000121,ORD000121,CUST00620,5344.68,5191.87,5191.87,0.0,MATCHED,LOW,12.56,LOW,7.54,LOW
TXN000122,ORD000122,CUST00209,17218.68,16979.42,16979.42,0.0,MATCHED,LOW,8.28,LOW,4.97,LOW
TXN000123,ORD000123,CUST00518,12264.44,12050.78,12050.78,0.0,MATCHED,LOW,3.18,LOW,1.91,LOW
TXN000124,ORD000124,CUST00095,15893.68,15458.67,15458.67,0.0,MATCHED,LOW,11.43,LOW,6.86,LOW
TXN000125,ORD000125,CUST00046,188.29,183.64,183.64,0.0,MATCHED,LOW,29.87,LOW,17.92,LOW
TXN000126,ORD000126,CUST00134,15964.12,15559.46,15559.46,0.0,MATCHED,LOW,6.74,LOW,4.04,LOW
TXN000127,ORD000127,CUST00166,18556.65,18048.6,18048.6,0.0,MATCHED,LOW,14.57,LOW,8.74,LOW
TXN000128,ORD000128,CUST00438,14066.58,13797.5,13797.5,0.0,MATCHED,LOW,2.39,LOW,1.43,LOW
TXN000129,ORD000129,CUST00078,23631.77,23180.89,23180.89,0.0,MATCHED,LOW,19.05,LOW,11.43,LOW
TXN000130,ORD000130,CUST00153,13685.2,13416.41,13416.41,0.0,MATCHED,LOW,1.92,LOW,1.15,LOW
TXN000131,ORD000131,CUST00597,13857.87,13465.31,13465.31,0.0,MATCHED,LOW,12.63,LOW,7.58,LOW
TXN000132,ORD000132,CUST00131,1141.54,1110.0,1110.0,0.0,MATCHED,LOW,22.01,LOW,13.21,LOW
TXN000133,ORD000133,CUST00041,22483.22,21846.53,21846.53,0.0,MATCHED,LOW,34.36,LOW,20.62,LOW
TXN000134,ORD000134,CUST00699,6313.29,6208.2,6208.2,0.0,MATCHED,LOW,3.98,LOW,2.39,LOW
TXN000135,ORD000135,CUST00363,19524.89,19025.24,19025.24,0.0,MATCHED,LOW,11.27,LOW,6.76,LOW
TXN000136,ORD000136,CUST00636,18761.99,18505.14,18505.14,0.0,MATCHED,LOW,10.14,LOW,6.08,LOW
TXN000137,ORD000137,CUST00167,24407.53,24039.71,24039.71,0.0,MATCHED,LOW,24.06,LOW,14.44,LOW
TXN000138,ORD000138,CUST00182,22047.26,21489.57,21489.57,0.0,MATCHED,LOW,19.08,LOW,11.45,LOW
TXN000139,ORD000139,CUST00184,18440.46,18023.12,18023.12,0.0,MATCHED,LOW,5.98,LOW,3.59,LOW
TXN000140,ORD000140,CUST00422,20075.65,19743.93,18275.53,1468.4,UNDER_SETTLED,MEDIUM,48.56,MEDIUM,32.13,LOW
TXN000141,ORD000141,CUST00255,6743.46,6596.21,6596.21,0.0,MATCHED,LOW,2.78,LOW,1.67,LOW
TXN000142,ORD000142,CUST00111,9625.29,9472.37,9472.37,0.0,MATCHED,LOW,4.5,LOW,2.7,LOW
TXN000143,ORD000143,CUST00482,5638.6,5548.9,,5548.9,MISSING_SETTLEMENT,CRITICAL,74.56,HIGH,54.99,MEDIUM
TXN000144,ORD000144,CUST00359,7699.25,7514.72,7514.72,0.0,MATCHED,LOW,1.56,LOW,0.94,LOW
TXN000145,ORD000145,CUST00234,5650.8,5548.19,5548.19,0.0,MATCHED,LOW,5.19,LOW,3.11,LOW
TXN000146,ORD000146,CUST00198,10021.8,9781.48,9781.48,0.0,MATCHED,LOW,1.35,LOW,0.81,LOW
TXN000147,ORD000147,CUST00072,24175.54,23686.32,23686.32,0.0,MATCHED,LOW,20.89,LOW,12.53,LOW
TXN000148,ORD000148,CUST00360,16072.9,15740.33,15740.33,0.0,MATCHED,LOW,4.52,LOW,2.71,LOW
TXN000149,ORD000149,CUST00696,24530.63,23978.6,23978.6,0.0,MATCHED,LOW,31.7,LOW,19.02,LOW
TXN000150,ORD000150,CUST00340,23487.0,20181.9,20181.9,0.0,MATCHED,LOW,39.37,MEDIUM,23.62,LOW
TXN000151,ORD000151,CUST00268,4546.34,4462.6,4462.6,0.0,MATCHED,LOW,7.29,LOW,4.37,LOW
TXN000152,ORD000152,CUST00040,2799.22,2723.97,2723.97,0.0,MATCHED,LOW,13.23,LOW,7.94,LOW
TXN000153,ORD000153,CUST00354,18240.77,17866.86,17866.86,0.0,MATCHED,LOW,5.56,LOW,3.34,LOW
TXN000154,ORD000154,CUST00447,15194.6,14978.32,14978.32,0.0,MATCHED,LOW,6.52,LOW,3.91,LOW
TXN000155,ORD000155,CUST00119,9691.37,9543.86,9543.86,0.0,MATCHED,LOW,5.33,LOW,3.2,LOW
TXN000156,ORD000156,CUST00195,6442.59,5349.48,5349.48,0.0,MATCHED,LOW,27.31,LOW,16.39,LOW
TXN000157,ORD000157,CUST00447,142.11,138.51,138.51,0.0,MATCHED,LOW,30.79,LOW,18.47,LOW
TXN000158,ORD000158,CUST00552,17202.74,16995.18,16995.18,0.0,MATCHED,LOW,14.37,LOW,8.62,LOW
TXN000159,ORD000159,CUST00687,5006.17,4923.18,4923.18,0.0,MATCHED,LOW,6.86,LOW,4.12,LOW
TXN000160,ORD000160,CUST00072,23726.97,23273.53,23273.53,0.0,MATCHED,LOW,19.33,LOW,11.6,LOW
TXN000161,ORD000161,CUST00639,7916.5,7719.06,7719.06,0.0,MATCHED,LOW,3.34,LOW,2.0,LOW
TXN000162,ORD000162,CUST00308,12727.35,12354.54,12354.54,0.0,MATCHED,LOW,14.02,LOW,8.41,LOW
TXN000163,ORD000163,CUST00419,8221.95,8014.65,8014.65,0.0,MATCHED,LOW,3.12,LOW,1.87,LOW
TXN000164,ORD000164,CUST00303,13904.87,1349.99,1349.99,0.0,MATCHED,LOW,65.06,HIGH,39.04,MEDIUM
TXN000165,ORD000165,CUST00431,16656.74,16186.85,16186.85,0.0,MATCHED,LOW,15.47,LOW,9.28,LOW
TXN000166,ORD000166,CUST00694,18728.55,18180.82,18180.82,0.0,MATCHED,LOW,23.43,LOW,14.06,LOW
TXN000167,ORD000167,CUST00631,14270.72,13883.29,13883.29,0.0,MATCHED,LOW,10.39,LOW,6.23,LOW
TXN000168,ORD000168,CUST00562,20859.76,20432.72,20432.72,0.0,MATCHED,LOW,9.37,LOW,5.62,LOW
TXN000169,ORD000169,CUST00294,5333.55,5239.94,5239.94,0.0,MATCHED,LOW,5.72,LOW,3.43,LOW
TXN000170,ORD000170,CUST00594,15205.87,14903.29,14903.29,0.0,MATCHED,LOW,2.83,LOW,1.7,LOW
TXN000171,ORD000171,CUST00477,11100.47,10920.99,10920.99,0.0,MATCHED,LOW,3.14,LOW,1.88,LOW
TXN000172,ORD000172,CUST00219,12828.23,12584.93,12584.93,0.0,MATCHED,LOW,1.15,LOW,0.69,LOW
TXN000173,ORD000173,CUST00174,16505.38,16298.4,16298.4,0.0,MATCHED,LOW,11.37,LOW,6.82,LOW
TXN000174,ORD000174,CUST00528,16629.96,16217.28,16217.28,0.0,MATCHED,LOW,5.7,LOW,3.42,LOW
TXN000175,ORD000175,CUST00344,2425.34,2380.39,2380.39,0.0,MATCHED,LOW,11.25,LOW,6.75,LOW
TXN000176,ORD000176,CUST00241,16852.61,16560.42,16560.42,0.0,MATCHED,LOW,4.92,LOW,2.95,LOW
TXN000177,ORD000177,CUST00204,3769.11,3683.84,3683.84,0.0,MATCHED,LOW,8.26,LOW,4.96,LOW
TXN000178,ORD000178,CUST00251,24600.01,23986.45,23986.45,0.0,MATCHED,LOW,35.95,MEDIUM,21.57,LOW
TXN000179,ORD000179,CUST00075,11439.86,11184.64,11184.64,0.0,MATCHED,LOW,1.39,LOW,0.83,LOW
TXN000180,ORD000180,CUST00590,4941.44,4837.19,4837.19,0.0,MATCHED,LOW,5.37,LOW,3.22,LOW
TXN000181,ORD000181,CUST00394,12409.99,9652.85,9652.85,0.0,MATCHED,LOW,29.71,LOW,17.83,LOW
TXN000182,ORD000182,CUST00152,16435.84,16012.98,16012.98,0.0,MATCHED,LOW,8.51,LOW,5.11,LOW
TXN000183,ORD000183,CUST00110,19482.67,19073.23,19073.23,0.0,MATCHED,LOW,7.45,LOW,4.47,LOW
TXN000184,ORD000184,CUST00181,20122.34,19724.04,19724.04,0.0,MATCHED,LOW,8.4,LOW,5.04,LOW
TXN000185,ORD000185,CUST00531,11667.29,11358.83,11358.83,0.0,MATCHED,LOW,5.11,LOW,3.07,LOW
TXN000186,ORD000186,CUST00256,22945.0,22657.02,22657.02,0.0,MATCHED,LOW,24.38,LOW,14.63,LOW
TXN000187,ORD000187,CUST00468,3420.14,3319.5,3319.5,0.0,MATCHED,LOW,16.44,LOW,9.86,LOW
TXN000188,ORD000188,CUST00684,13325.18,13045.6,13045.6,0.0,MATCHED,LOW,2.69,LOW,1.61,LOW
TXN000189,ORD000189,CUST00610,8000.72,7850.29,7850.29,0.0,MATCHED,LOW,2.55,LOW,1.53,LOW
TXN000190,ORD000190,CUST00454,15355.04,14974.04,14974.04,0.0,MATCHED,LOW,6.83,LOW,4.1,LOW
TXN000191,ORD000191,CUST00517,10725.84,10493.39,10493.39,0.0,MATCHED,LOW,0.78,LOW,0.47,LOW
TXN000192,ORD000192,CUST00457,22440.48,21970.67,21970.67,0.0,MATCHED,LOW,14.1,LOW,8.46,LOW
TXN000193,ORD000193,CUST00487,11306.74,11047.1,11047.1,0.0,MATCHED,LOW,1.36,LOW,0.82,LOW
TXN000194,ORD000194,CUST00254,21012.59,20746.31,20746.31,0.0,MATCHED,LOW,18.27,LOW,10.96,LOW
TXN000195,ORD000195,CUST00534,12166.47,11960.21,11960.21,0.0,MATCHED,LOW,3.79,LOW,2.27,LOW
TXN000196,ORD000196,CUST00282,11052.83,10844.54,10844.54,0.0,MATCHED,LOW,1.75,LOW,1.05,LOW
TXN000197,ORD000197,CUST00293,5938.89,5836.8,5836.8,0.0,MATCHED,LOW,4.42,LOW,2.65,LOW
TXN000198,ORD000198,CUST00328,22336.37,21745.6,21745.6,0.0,MATCHED,LOW,25.2,LOW,15.12,LOW
TXN000199,ORD000199,CUST00142,3855.68,3778.7,2634.71,1143.99,UNDER_SETTLED,MEDIUM,43.03,MEDIUM,28.27,LOW
TXN000200,ORD000200,CUST00157,17689.84,17348.82,17348.82,0.0,MATCHED,LOW,5.15,LOW,3.09,LOW
TXN000201,ORD000201,CUST00425,10249.22,10017.06,10017.06,0.0,MATCHED,LOW,0.84,LOW,0.5,LOW
TXN000202,ORD000202,CUST00478,10452.78,10319.35,10319.35,0.0,MATCHED,LOW,10.14,LOW,6.08,LOW
TXN000203,ORD000203,CUST00431,9797.97,9592.7,9592.7,0.0,MATCHED,LOW,1.56,LOW,0.94,LOW
TXN000204,ORD000204,CUST00599,23656.94,23318.23,23318.23,0.0,MATCHED,LOW,20.57,LOW,12.34,LOW
TXN000205,ORD000205,CUST00590,9571.49,9317.96,9317.96,0.0,MATCHED,LOW,5.35,LOW,3.21,LOW
TXN000206,ORD000206,CUST00361,7535.46,7386.3,7386.3,0.0,MATCHED,LOW,1.75,LOW,1.05,LOW
TXN000207,ORD000207,CUST00430,13501.69,13169.67,13169.67,0.0,MATCHED,LOW,2.53,LOW,1.52,LOW
TXN000208,ORD000208,CUST00560,20016.72,19740.42,19740.42,0.0,MATCHED,LOW,12.93,LOW,7.76,LOW
TXN000209,ORD000209,CUST00500,5563.6,5421.27,5421.27,0.0,MATCHED,LOW,7.38,LOW,4.43,LOW
TXN000210,ORD000210,CUST00498,822.72,799.36,799.36,0.0,MATCHED,LOW,24.78,LOW,14.87,LOW
TXN000211,ORD000211,CUST00685,17010.63,16600.31,16600.31,0.0,MATCHED,LOW,5.29,LOW,3.17,LOW
TXN000212,ORD000212,CUST00170,21028.59,20730.09,20730.09,0.0,MATCHED,LOW,13.85,LOW,8.31,LOW
TXN000213,ORD000213,CUST00638,13399.68,13143.48,13143.48,0.0,MATCHED,LOW,1.99,LOW,1.19,LOW
TXN000214,ORD000214,CUST00607,14153.36,13873.39,13873.39,0.0,MATCHED,LOW,2.21,LOW,1.33,LOW
TXN000215,ORD000215,CUST00086,16104.47,15863.44,15863.44,0.0,MATCHED,LOW,5.69,LOW,3.41,LOW
TXN000216,ORD000216,CUST00473,4625.05,4522.15,4522.15,0.0,MATCHED,LOW,7.37,LOW,4.42,LOW
TXN000217,ORD000217,CUST00389,8251.08,8049.64,8049.64,0.0,MATCHED,LOW,1.82,LOW,1.09,LOW
TXN000218,ORD000218,CUST00335,8503.76,6408.43,6408.43,0.0,MATCHED,LOW,30.32,LOW,18.19,LOW
TXN000219,ORD000219,CUST00285,18825.04,2909.03,2909.03,0.0,MATCHED,LOW,67.35,HIGH,40.41,MEDIUM
TXN000220,ORD000220,CUST00259,20889.28,20550.33,20550.33,0.0,MATCHED,LOW,10.93,LOW,6.56,LOW
TXN000221,ORD000221,CUST00020,18750.7,18299.87,18299.87,0.0,MATCHED,LOW,9.14,LOW,5.48,LOW
TXN000222,ORD000222,CUST00359,5683.13,5524.82,5524.82,0.0,MATCHED,LOW,10.1,LOW,6.06,LOW
TXN000223,ORD000223,CUST00668,1102.43,1073.87,1073.87,0.0,MATCHED,LOW,20.19,LOW,12.11,LOW
TXN000224,ORD000224,CUST00254,5064.08,4939.93,4939.93,0.0,MATCHED,LOW,7.49,LOW,4.49,LOW
TXN000225,ORD000225,CUST00637,3894.32,789.53,789.53,0.0,MATCHED,LOW,54.93,MEDIUM,32.96,LOW
TXN000226,ORD000226,CUST00485,16769.53,16537.77,16537.77,0.0,MATCHED,LOW,7.54,LOW,4.52,LOW
TXN000227,ORD000227,CUST00224,11679.35,11448.64,11448.64,0.0,MATCHED,LOW,0.62,LOW,0.37,LOW
TXN000228,ORD000228,CUST00378,4277.95,4199.99,4199.99,0.0,MATCHED,LOW,7.62,LOW,4.57,LOW
TXN000229,ORD000229,CUST00118,19467.02,6044.15,6044.15,0.0,MATCHED,LOW,60.08,HIGH,36.05,MEDIUM
TXN000230,ORD000230,CUST00319,2791.66,2739.74,2739.74,0.0,MATCHED,LOW,9.32,LOW,5.59,LOW
TXN000231,ORD000231,CUST00320,14437.34,14064.83,14064.83,0.0,MATCHED,LOW,6.82,LOW,4.09,LOW
TXN000232,ORD000232,CUST00407,23542.62,23051.6,23051.6,0.0,MATCHED,LOW,18.21,LOW,10.93,LOW
TXN000233,ORD000233,CUST00078,14843.24,14418.57,14418.57,0.0,MATCHED,LOW,12.68,LOW,7.61,LOW
TXN000234,ORD000234,CUST00249,2637.34,2588.55,2588.55,0.0,MATCHED,LOW,11.12,LOW,6.67,LOW
TXN000235,ORD000235,CUST00309,21272.3,20877.98,20877.98,0.0,MATCHED,LOW,11.08,LOW,6.65,LOW
TXN000236,ORD000236,CUST00124,19926.06,19419.97,19419.97,0.0,MATCHED,LOW,10.48,LOW,6.29,LOW
TXN000237,ORD000237,CUST00043,8745.37,8500.97,8500.97,0.0,MATCHED,LOW,9.78,LOW,5.87,LOW
TXN000238,ORD000238,CUST00678,9327.21,9123.79,9123.79,0.0,MATCHED,LOW,1.76,LOW,1.06,LOW
TXN000239,ORD000239,CUST00664,8596.66,8394.87,8394.87,0.0,MATCHED,LOW,1.19,LOW,0.71,LOW
TXN000240,ORD000240,CUST00502,2727.92,1728.79,1728.79,0.0,MATCHED,LOW,40.23,MEDIUM,24.14,LOW
TXN000241,ORD000241,CUST00651,22300.22,21694.15,21694.15,0.0,MATCHED,LOW,27.77,LOW,16.66,LOW
TXN000242,ORD000242,CUST00157,10943.63,10779.85,10779.85,0.0,MATCHED,LOW,4.98,LOW,2.99,LOW
TXN000243,ORD000243,CUST00535,24140.3,23551.2,23414.45,136.75,UNDER_SETTLED,LOW,37.54,MEDIUM,23.26,LOW
TXN000244,ORD000244,CUST00631,20224.16,19835.31,19835.31,0.0,MATCHED,LOW,8.66,LOW,5.2,LOW
TXN000245,ORD000245,CUST00496,11675.36,11473.63,11473.63,0.0,MATCHED,LOW,3.3,LOW,1.98,LOW
TXN000246,ORD000246,CUST00607,6783.05,6610.72,6610.72,0.0,MATCHED,LOW,3.78,LOW,2.27,LOW
TXN000247,ORD000247,CUST00089,7045.31,6906.53,6906.53,0.0,MATCHED,LOW,2.51,LOW,1.51,LOW
TXN000248,ORD000248,CUST00250,18786.86,18356.87,18356.87,0.0,MATCHED,LOW,7.01,LOW,4.21,LOW
TXN000249,ORD000249,CUST00625,16737.89,16505.56,16505.56,0.0,MATCHED,LOW,7.38,LOW,4.43,LOW
TXN000250,ORD000250,CUST00030,12408.23,12232.92,12232.92,0.0,MATCHED,LOW,7.04,LOW,4.22,LOW
TXN000251,ORD000251,CUST00187,12239.99,12051.61,12051.61,0.0,MATCHED,LOW,5.17,LOW,3.1,LOW
TXN000252,ORD000252,CUST00265,8574.44,8378.77,8378.77,0.0,MATCHED,LOW,1.15,LOW,0.69,LOW
TXN000253,ORD000253,CUST00283,13939.2,13712.27,13712.27,0.0,MATCHED,LOW,4.02,LOW,2.41,LOW
TXN000254,ORD000254,CUST00196,2231.76,2187.31,2187.31,0.0,MATCHED,LOW,10.88,LOW,6.53,LOW
TXN000255,ORD000255,CUST00417,12265.59,7016.1,7016.1,0.0,MATCHED,LOW,38.21,MEDIUM,22.93,LOW
TXN000256,ORD000256,CUST00247,17296.17,16925.69,16925.69,0.0,MATCHED,LOW,6.08,LOW,3.65,LOW
TXN000257,ORD000257,CUST00503,11259.55,11125.54,11125.54,0.0,MATCHED,LOW,12.49,LOW,7.49,LOW
TXN000258,ORD000258,CUST00096,7426.47,7222.8,7222.8,0.0,MATCHED,LOW,8.89,LOW,5.33,LOW
TXN000259,ORD000259,CUST00250,7724.53,7600.85,7600.85,0.0,MATCHED,LOW,4.94,LOW,2.96,LOW
TXN000260,ORD000260,CUST00378,11884.19,11620.09,11620.09,0.0,MATCHED,LOW,1.82,LOW,1.09,LOW
TXN000261,ORD000261,CUST00353,10695.04,10478.78,10478.78,0.0,MATCHED,LOW,0.52,LOW,0.31,LOW
TXN000262,ORD000262,CUST00564,8336.7,8177.8,8177.8,0.0,MATCHED,LOW,1.75,LOW,1.05,LOW
TXN000263,ORD000263,CUST00465,6845.82,6755.42,,6755.42,MISSING_SETTLEMENT,CRITICAL,76.73,HIGH,58.34,MEDIUM
TXN000264,ORD000264,CUST00237,3104.33,3034.72,,3034.72,MISSING_SETTLEMENT,HIGH,71.98,HIGH,49.18,MEDIUM
TXN000265,ORD000265,CUST00324,3076.91,3027.28,3027.28,0.0,MATCHED,LOW,10.62,LOW,6.37,LOW
TXN000266,ORD000266,CUST00190,4869.37,786.76,,786.76,MISSING_SETTLEMENT,MEDIUM,85.74,CRITICAL,53.62,MEDIUM
TXN000267,ORD000267,CUST00496,6984.84,6825.8,6825.8,0.0,MATCHED,LOW,1.48,LOW,0.89,LOW
TXN000268,ORD000268,CUST00538,14960.09,14635.92,14635.92,0.0,MATCHED,LOW,3.73,LOW,2.24,LOW
TXN000269,ORD000269,CUST00199,7476.54,7279.1,7279.1,0.0,MATCHED,LOW,6.09,LOW,3.65,LOW
TXN000270,ORD000270,CUST00184,7626.46,7529.87,7529.87,0.0,MATCHED,LOW,9.83,LOW,5.9,LOW
TXN000271,ORD000271,CUST00547,3251.92,3205.02,3205.02,0.0,MATCHED,LOW,13.1,LOW,7.86,LOW
TXN000272,ORD000272,CUST00056,13878.64,13554.39,13554.39,0.0,MATCHED,LOW,2.06,LOW,1.24,LOW
TXN000273,ORD000273,CUST00130,15982.95,8820.5,8820.5,0.0,MATCHED,LOW,47.15,MEDIUM,28.29,LOW
TXN000274,ORD000274,CUST00503,2654.43,2582.99,2582.99,0.0,MATCHED,LOW,14.26,LOW,8.56,LOW
TXN000275,ORD000275,CUST00588,7180.05,7010.55,7010.55,0.0,MATCHED,LOW,2.27,LOW,1.36,LOW
TXN000276,ORD000276,CUST00452,8583.58,2467.79,2467.79,0.0,MATCHED,LOW,47.35,MEDIUM,28.41,LOW
TXN000277,ORD000277,CUST00259,23532.48,23130.49,22914.34,216.15,UNDER_SETTLED,MEDIUM,33.19,LOW,20.79,LOW
TXN000278,ORD000278,CUST00117,20570.68,19992.83,19992.83,0.0,MATCHED,LOW,21.95,LOW,13.17,LOW
TXN000279,ORD000279,CUST00504,1944.65,1920.01,1920.01,0.0,MATCHED,LOW,20.17,LOW,12.1,LOW
TXN000280,ORD000280,CUST00055,3878.0,3803.62,3803.62,0.0,MATCHED,LOW,7.01,LOW,4.21,LOW
TXN000281,ORD000281,CUST00577,23733.23,23378.3,23378.3,0.0,MATCHED,LOW,20.66,LOW,12.4,LOW
TXN000282,ORD000282,CUST00255,3049.44,2977.18,2977.18,0.0,MATCHED,LOW,8.63,LOW,5.18,LOW
TXN000283,ORD000283,CUST00427,15197.31,14853.6,14853.6,0.0,MATCHED,LOW,4.39,LOW,2.63,LOW
TXN000284,ORD000284,CUST00634,5719.61,5582.12,5582.12,0.0,MATCHED,LOW,5.43,LOW,3.26,LOW
TXN000285,ORD000285,CUST00390,11317.81,11065.08,11065.08,0.0,MATCHED,LOW,1.2,LOW,0.72,LOW
TXN000286,ORD000286,CUST00305,21518.15,20964.38,20964.38,0.0,MATCHED,LOW,18.66,LOW,11.2,LOW
TXN000287,ORD000287,CUST00313,14258.87,14045.83,14045.83,0.0,MATCHED,LOW,5.81,LOW,3.49,LOW
TXN000288,ORD000288,CUST00625,24006.71,23529.95,23529.95,0.0,MATCHED,LOW,19.27,LOW,11.56,LOW
TXN000289,ORD000289,CUST00213,15675.32,15329.71,15329.71,0.0,MATCHED,LOW,4.99,LOW,2.99,LOW
TXN000290,ORD000290,CUST00677,2121.57,2061.56,2061.56,0.0,MATCHED,LOW,17.71,LOW,10.63,LOW
TXN000291,ORD000291,CUST00178,13844.61,13658.42,13658.42,0.0,MATCHED,LOW,8.48,LOW,5.09,LOW
TXN000292,ORD000292,CUST00003,10272.09,10096.46,10096.46,0.0,MATCHED,LOW,2.75,LOW,1.65,LOW
TXN000293,ORD000293,CUST00609,11800.82,11584.59,11584.59,0.0,MATCHED,LOW,2.24,LOW,1.34,LOW
TXN000294,ORD000294,CUST00238,7273.81,7139.2,7139.2,0.0,MATCHED,LOW,3.37,LOW,2.02,LOW
TXN000295,ORD000295,CUST00465,1872.38,1848.05,1848.05,0.0,MATCHED,LOW,20.34,LOW,12.2,LOW
TXN000296,ORD000296,CUST00271,19716.92,19335.13,19335.13,0.0,MATCHED,LOW,7.06,LOW,4.24,LOW
TXN000297,ORD000297,CUST00604,16563.46,16206.63,16206.63,0.0,MATCHED,LOW,6.31,LOW,3.79,LOW
TXN000298,ORD000298,CUST00436,2957.93,2907.7,2907.7,0.0,MATCHED,LOW,10.46,LOW,6.28,LOW
TXN000299,ORD000299,CUST00664,3809.84,3755.81,3755.81,0.0,MATCHED,LOW,11.31,LOW,6.79,LOW
TXN000300,ORD000300,CUST00146,1878.1,1832.85,1832.85,0.0,MATCHED,LOW,12.98,LOW,7.79,LOW
TXN000301,ORD000301,CUST00315,14916.6,14668.13,14668.13,0.0,MATCHED,LOW,3.44,LOW,2.06,LOW
TXN000302,ORD000302,CUST00296,11034.92,10801.76,,10801.76,MISSING_SETTLEMENT,CRITICAL,78.8,HIGH,66.44,HIGH
TXN000303,ORD000303,CUST00312,17523.37,17153.86,17153.86,0.0,MATCHED,LOW,5.99,LOW,3.59,LOW
TXN000304,ORD000304,CUST00513,13545.54,13218.87,13218.87,0.0,MATCHED,LOW,2.13,LOW,1.28,LOW
TXN000305,ORD000305,CUST00083,14991.11,1164.93,1164.93,0.0,MATCHED,LOW,64.26,HIGH,38.56,MEDIUM
TXN000306,ORD000306,CUST00331,15132.47,14924.64,,14924.64,MISSING_SETTLEMENT,CRITICAL,84.71,CRITICAL,76.97,HIGH
TXN000307,ORD000307,CUST00094,5800.22,5656.86,5656.86,0.0,MATCHED,LOW,5.75,LOW,3.45,LOW
TXN000308,ORD000308,CUST00590,14719.36,14381.8,14381.8,0.0,MATCHED,LOW,2.75,LOW,1.65,LOW
TXN000309,ORD000309,CUST00689,20553.39,19951.72,19951.72,0.0,MATCHED,LOW,28.82,LOW,17.29,LOW
TXN000310,ORD000310,CUST00042,19101.41,18712.49,18712.49,0.0,MATCHED,LOW,7.64,LOW,4.58,LOW
TXN000311,ORD000311,CUST00482,13022.2,12709.81,12709.81,0.0,MATCHED,LOW,1.84,LOW,1.1,LOW
TXN000312,ORD000312,CUST00285,4619.08,4488.22,4488.22,0.0,MATCHED,LOW,13.64,LOW,8.18,LOW
TXN000313,ORD000313,CUST00447,15906.14,15440.77,15440.77,0.0,MATCHED,LOW,18.38,LOW,11.03,LOW
TXN000314,ORD000314,CUST00094,11803.26,11603.98,11603.98,0.0,MATCHED,LOW,3.63,LOW,2.18,LOW
TXN000315,ORD000315,CUST00342,8094.35,7911.6,7911.6,0.0,MATCHED,LOW,1.25,LOW,0.75,LOW
TXN000316,ORD000316,CUST00165,8312.11,8167.47,8167.47,0.0,MATCHED,LOW,3.42,LOW,2.05,LOW
TXN000317,ORD000317,CUST00508,7276.62,7123.09,7123.09,0.0,MATCHED,LOW,1.81,LOW,1.09,LOW
TXN000318,ORD000318,CUST00564,1013.76,983.94,983.94,0.0,MATCHED,LOW,25.58,LOW,15.35,LOW
TXN000319,ORD000319,CUST00323,6384.73,6269.4,6269.4,0.0,MATCHED,LOW,3.29,LOW,1.97,LOW
TXN000320,ORD000320,CUST00414,21636.27,21331.29,21331.29,0.0,MATCHED,LOW,14.74,LOW,8.84,LOW
TXN000321,ORD000321,CUST00674,21747.25,21274.06,21274.06,0.0,MATCHED,LOW,13.45,LOW,8.07,LOW
TXN000322,ORD000322,CUST00424,1449.68,1419.24,1419.24,0.0,MATCHED,LOW,15.0,LOW,9.0,LOW
TXN000323,ORD000323,CUST00371,15603.58,15244.95,15244.95,0.0,MATCHED,LOW,5.8,LOW,3.48,LOW
TXN000324,ORD000324,CUST00641,11106.82,10878.94,10878.94,0.0,MATCHED,LOW,0.92,LOW,0.55,LOW
TXN000325,ORD000325,CUST00209,6749.7,6648.56,6648.56,0.0,MATCHED,LOW,5.48,LOW,3.29,LOW
TXN000326,ORD000326,CUST00295,11009.09,10760.43,10760.43,0.0,MATCHED,LOW,0.56,LOW,0.34,LOW
TXN000327,ORD000327,CUST00497,3123.51,3047.48,3047.48,0.0,MATCHED,LOW,9.03,LOW,5.42,LOW
TXN000328,ORD000328,CUST00624,20002.91,19420.17,19420.17,0.0,MATCHED,LOW,25.58,LOW,15.35,LOW
TXN000329,ORD000329,CUST00163,7837.68,7744.98,7744.98,0.0,MATCHED,LOW,11.6,LOW,6.96,LOW
TXN000330,ORD000330,CUST00566,10258.97,10133.56,10133.56,0.0,MATCHED,LOW,11.44,LOW,6.86,LOW
TXN000331,ORD000331,CUST00117,11590.05,11324.97,11324.97,0.0,MATCHED,LOW,1.11,LOW,0.67,LOW
TXN000332,ORD000332,CUST00664,20820.37,20531.23,20531.23,0.0,MATCHED,LOW,14.39,LOW,8.63,LOW
TXN000333,ORD000333,CUST00299,12770.91,12428.51,12428.51,0.0,MATCHED,LOW,6.94,LOW,4.16,LOW
TXN000334,ORD000334,CUST00426,20884.63,20342.62,20342.62,0.0,MATCHED,LOW,17.04,LOW,10.22,LOW
TXN000335,ORD000335,CUST00250,11473.98,11135.7,11135.7,0.0,MATCHED,LOW,13.63,LOW,8.18,LOW
TXN000336,ORD000336,CUST00393,4846.2,4753.5,4753.5,0.0,MATCHED,LOW,6.36,LOW,3.82,LOW
TXN000337,ORD000337,CUST00521,18682.68,18351.84,18351.84,0.0,MATCHED,LOW,6.05,LOW,3.63,LOW
TXN000338,ORD000338,CUST00072,6978.56,5166.27,5166.27,0.0,MATCHED,LOW,26.43,LOW,15.86,LOW
TXN000339,ORD000339,CUST00425,8562.89,8365.23,8365.23,0.0,MATCHED,LOW,1.32,LOW,0.79,LOW
TXN000340,ORD000340,CUST00520,6752.6,6671.57,6671.57,0.0,MATCHED,LOW,10.85,LOW,6.51,LOW
TXN000341,ORD000341,CUST00290,18178.67,17899.42,17899.42,0.0,MATCHED,LOW,6.98,LOW,4.19,LOW
TXN000342,ORD000342,CUST00594,24972.67,24553.51,24553.51,0.0,MATCHED,LOW,28.26,LOW,16.96,LOW
TXN000343,ORD000343,CUST00153,11219.03,10929.73,10929.73,0.0,MATCHED,LOW,4.81,LOW,2.89,LOW
TXN000344,ORD000344,CUST00354,8377.75,8233.26,8233.26,0.0,MATCHED,LOW,3.27,LOW,1.96,LOW
TXN000345,ORD000345,CUST00557,9492.53,9295.39,9295.39,0.0,MATCHED,LOW,1.3,LOW,0.78,LOW
TXN000346,ORD000346,CUST00194,24521.29,1903.81,1903.81,0.0,MATCHED,LOW,81.19,CRITICAL,48.71,MEDIUM
TXN000347,ORD000347,CUST00586,9635.97,9521.22,9521.22,0.0,MATCHED,LOW,12.42,LOW,7.45,LOW
TXN000348,ORD000348,CUST00421,1186.82,1158.41,1158.41,0.0,MATCHED,LOW,16.82,LOW,10.09,LOW
TXN000349,ORD000349,CUST00485,17660.17,17345.07,17345.07,0.0,MATCHED,LOW,5.15,LOW,3.09,LOW
TXN000350,ORD000350,CUST00391,9713.36,9474.2,9474.2,0.0,MATCHED,LOW,2.11,LOW,1.27,LOW
TXN000351,ORD000351,CUST00668,24522.37,23965.63,23965.63,0.0,MATCHED,LOW,32.2,LOW,19.32,LOW
TXN000352,ORD000352,CUST00038,3243.53,3203.59,3203.59,0.0,MATCHED,LOW,17.58,LOW,10.55,LOW
TXN000353,ORD000353,CUST00340,21755.54,21431.19,21431.19,0.0,MATCHED,LOW,13.61,LOW,8.17,LOW
TXN000354,ORD000354,CUST00103,13196.18,12963.27,12963.27,0.0,MATCHED,LOW,2.29,LOW,1.37,LOW
TXN000355,ORD000355,CUST00016,18088.85,17767.21,17283.03,484.18,UNDER_SETTLED,MEDIUM,29.24,LOW,18.87,LOW
TXN000356,ORD000356,CUST00671,24251.92,23677.08,23677.08,0.0,MATCHED,LOW,31.06,LOW,18.64,LOW
TXN000357,ORD000357,CUST00481,19559.98,19011.99,19011.99,0.0,MATCHED,LOW,19.51,LOW,11.71,LOW
TXN000358,ORD000358,CUST00347,15619.16,15214.44,15214.44,0.0,MATCHED,LOW,8.81,LOW,5.29,LOW
TXN000359,ORD000359,CUST00666,2099.85,2051.07,,2051.07,MISSING_SETTLEMENT,HIGH,74.39,HIGH,48.96,MEDIUM
TXN000360,ORD000360,CUST00691,21497.62,21060.74,,21060.74,MISSING_SETTLEMENT,CRITICAL,96.6,CRITICAL,94.5,CRITICAL
TXN000361,ORD000361,CUST00325,15707.3,15347.58,15347.58,0.0,MATCHED,LOW,5.63,LOW,3.38,LOW
TXN000362,ORD000362,CUST00500,21822.34,21220.27,21220.27,0.0,MATCHED,LOW,25.92,LOW,15.55,LOW
TXN000363,ORD000363,CUST00633,1803.68,1765.26,1765.26,0.0,MATCHED,LOW,13.52,LOW,8.11,LOW
TXN000364,ORD000364,CUST00295,24935.91,24493.76,23646.91,846.85,UNDER_SETTLED,MEDIUM,56.68,MEDIUM,35.95,MEDIUM
TXN000365,ORD000365,CUST00093,10905.89,10625.86,9623.17,1002.69,UNDER_SETTLED,MEDIUM,38.48,MEDIUM,25.3,LOW
TXN000366,ORD000366,CUST00649,17626.88,17289.73,17289.73,0.0,MATCHED,LOW,4.81,LOW,2.89,LOW
TXN000367,ORD000367,CUST00455,4242.48,4136.66,4136.66,0.0,MATCHED,LOW,9.35,LOW,5.61,LOW
TXN000368,ORD000368,CUST00030,1245.18,1212.08,1212.08,0.0,MATCHED,LOW,19.85,LOW,11.91,LOW
TXN000369,ORD000369,CUST00058,7404.86,7278.25,7278.25,0.0,MATCHED,LOW,4.43,LOW,2.66,LOW
TXN000370,ORD000370,CUST00442,3724.69,3632.95,3632.95,0.0,MATCHED,LOW,8.32,LOW,4.99,LOW
TXN000371,ORD000371,CUST00422,14191.61,13944.9,13944.9,0.0,MATCHED,LOW,3.34,LOW,2.0,LOW
TXN000372,ORD000372,CUST00185,4332.59,4240.37,4240.37,0.0,MATCHED,LOW,6.7,LOW,4.02,LOW
TXN000373,ORD000373,CUST00625,21783.91,21446.56,21446.56,0.0,MATCHED,LOW,13.53,LOW,8.12,LOW
TXN000374,ORD000374,CUST00700,6096.66,5950.75,5950.75,0.0,MATCHED,LOW,3.48,LOW,2.09,LOW
TXN000375,ORD000375,CUST00147,5881.49,5728.86,5728.86,0.0,MATCHED,LOW,7.43,LOW,4.46,LOW
TXN000376,ORD000376,CUST00261,11543.31,11225.65,11225.65,0.0,MATCHED,LOW,6.6,LOW,3.96,LOW
TXN000377,ORD000377,CUST00010,22482.82,22076.81,21962.26,114.55,UNDER_SETTLED,LOW,23.47,LOW,14.78,LOW
TXN000378,ORD000378,CUST00295,16972.51,16480.95,16480.95,0.0,MATCHED,LOW,18.53,LOW,11.12,LOW
TXN000379,ORD000379,CUST00076,11099.07,10913.01,10913.01,0.0,MATCHED,LOW,3.25,LOW,1.95,LOW
TXN000380,ORD000380,CUST00602,7548.94,7455.7,7455.7,0.0,MATCHED,LOW,10.35,LOW,6.21,LOW
TXN000381,ORD000381,CUST00257,11475.21,11140.02,11140.02,0.0,MATCHED,LOW,12.21,LOW,7.33,LOW
TXN000382,ORD000382,CUST00204,24984.4,24412.52,24412.52,0.0,MATCHED,LOW,37.47,MEDIUM,22.48,LOW
TXN000383,ORD000383,CUST00110,6006.42,5845.99,5845.99,0.0,MATCHED,LOW,6.28,LOW,3.77,LOW
TXN000384,ORD000384,CUST00368,14412.82,14097.09,14097.09,0.0,MATCHED,LOW,2.73,LOW,1.64,LOW
TXN000385,ORD000385,CUST00303,646.3,634.22,634.22,0.0,MATCHED,LOW,21.47,LOW,12.88,LOW
TXN000386,ORD000386,CUST00406,6934.56,6779.67,6779.67,0.0,MATCHED,LOW,2.31,LOW,1.39,LOW
TXN000387,ORD000387,CUST00051,22774.36,22157.1,22157.1,0.0,MATCHED,LOW,31.13,LOW,18.68,LOW
TXN000388,ORD000388,CUST00509,20837.69,20314.62,20314.62,0.0,MATCHED,LOW,13.36,LOW,8.02,LOW
TXN000389,ORD000389,CUST00236,15215.92,14846.43,14846.43,0.0,MATCHED,LOW,5.25,LOW,3.15,LOW
TXN000390,ORD000390,CUST00225,15951.79,5892.8,5892.8,0.0,MATCHED,LOW,47.63,MEDIUM,28.58,LOW
TXN000391,ORD000391,CUST00257,16976.34,16766.51,16766.51,0.0,MATCHED,LOW,12.57,LOW,7.54,LOW
TXN000392,ORD000392,CUST00676,17053.29,16727.14,16727.14,0.0,MATCHED,LOW,4.47,LOW,2.68,LOW
TXN000393,ORD000393,CUST00644,2519.38,2467.48,2467.48,0.0,MATCHED,LOW,10.5,LOW,6.3,LOW
TXN000394,ORD000394,CUST00662,1081.62,1064.31,1064.31,0.0,MATCHED,LOW,18.64,LOW,11.18,LOW
TXN000395,ORD000395,CUST00452,930.78,912.35,912.35,0.0,MATCHED,LOW,17.29,LOW,10.37,LOW
TXN000396,ORD000396,CUST00135,2344.32,2277.2,2277.2,0.0,MATCHED,LOW,18.23,LOW,10.94,LOW
TXN000397,ORD000397,CUST00335,18712.27,3298.84,3298.84,0.0,MATCHED,LOW,65.93,HIGH,39.56,MEDIUM
TXN000398,ORD000398,CUST00206,3390.78,3332.63,3332.63,0.0,MATCHED,LOW,9.06,LOW,5.44,LOW
TXN000399,ORD000399,CUST00375,13318.22,13134.61,13134.61,0.0,MATCHED,LOW,6.7,LOW,4.02,LOW
TXN000400,ORD000400,CUST00169,6498.56,6331.59,6331.59,0.0,MATCHED,LOW,5.14,LOW,3.08,LOW
TXN000401,ORD000401,CUST00303,18689.33,18211.5,18211.5,0.0,MATCHED,LOW,10.0,LOW,6.0,LOW
TXN000402,ORD000402,CUST00118,11761.45,11432.53,11432.53,0.0,MATCHED,LOW,8.58,LOW,5.15,LOW
TXN000403,ORD000403,CUST00145,18878.37,18507.32,18507.32,0.0,MATCHED,LOW,6.27,LOW,3.76,LOW
TXN000404,ORD000404,CUST00693,18133.0,17911.03,17911.03,0.0,MATCHED,LOW,12.84,LOW,7.7,LOW
TXN000405,ORD000405,CUST00571,9207.8,956.51,956.51,0.0,MATCHED,LOW,54.7,MEDIUM,32.82,LOW
TXN000406,ORD000406,CUST00405,446.57,217.04,217.04,0.0,MATCHED,LOW,44.66,MEDIUM,26.8,LOW
TXN000407,ORD000407,CUST00127,11424.17,11250.9,11250.9,0.0,MATCHED,LOW,4.74,LOW,2.84,LOW
TXN000408,ORD000408,CUST00689,6627.82,6441.26,6441.26,0.0,MATCHED,LOW,8.73,LOW,5.24,LOW
TXN000409,ORD000409,CUST00654,23513.27,22930.99,22930.99,0.0,MATCHED,LOW,28.0,LOW,16.8,LOW
TXN000410,ORD000410,CUST00692,5922.17,5797.4,5797.4,0.0,MATCHED,LOW,4.26,LOW,2.56,LOW
TXN000411,ORD000411,CUST00635,22117.45,21552.86,21552.86,0.0,MATCHED,LOW,21.41,LOW,12.85,LOW
TXN000412,ORD000412,CUST00336,22889.87,22561.71,22561.71,0.0,MATCHED,LOW,16.95,LOW,10.17,LOW
TXN000413,ORD000413,CUST00664,1674.1,1628.52,1628.52,0.0,MATCHED,LOW,18.44,LOW,11.06,LOW
TXN000414,ORD000414,CUST00310,16266.06,15837.43,15837.43,0.0,MATCHED,LOW,10.04,LOW,6.02,LOW
TXN000415,ORD000415,CUST00144,1229.14,1194.22,1194.22,0.0,MATCHED,LOW,22.28,LOW,13.37,LOW
TXN000416,ORD000416,CUST00312,24898.59,24306.55,24306.55,0.0,MATCHED,LOW,37.24,MEDIUM,22.34,LOW
TXN000417,ORD000417,CUST00100,5946.52,5862.39,5862.39,0.0,MATCHED,LOW,7.11,LOW,4.27,LOW
TXN000418,ORD000418,CUST00139,9777.28,9536.51,9536.51,0.0,MATCHED,LOW,2.19,LOW,1.31,LOW
TXN000419,ORD000419,CUST00687,23739.58,23266.44,23266.44,0.0,MATCHED,LOW,18.62,LOW,11.17,LOW
TXN000420,ORD000420,CUST00554,10536.26,10278.84,10278.84,0.0,MATCHED,LOW,1.14,LOW,0.68,LOW
TXN000421,ORD000421,CUST00159,22146.8,21680.71,21680.71,0.0,MATCHED,LOW,13.82,LOW,8.29,LOW
TXN000422,ORD000422,CUST00102,20858.96,17427.15,17427.15,0.0,MATCHED,LOW,37.53,MEDIUM,22.52,LOW
TXN000423,ORD000423,CUST00418,23482.42,22817.81,22817.81,0.0,MATCHED,LOW,42.0,MEDIUM,25.2,LOW
TXN000424,ORD000424,CUST00034,17287.99,16873.75,16873.75,0.0,MATCHED,LOW,5.28,LOW,3.17,LOW
TXN000425,ORD000425,CUST00455,11172.93,10923.56,10923.56,0.0,MATCHED,LOW,0.98,LOW,0.59,LOW
TXN000426,ORD000426,CUST00372,2573.93,2539.59,,2539.59,MISSING_SETTLEMENT,HIGH,75.83,HIGH,50.65,MEDIUM
TXN000427,ORD000427,CUST00377,13657.2,13383.18,13383.18,0.0,MATCHED,LOW,1.7,LOW,1.02,LOW
TXN000428,ORD000428,CUST00368,1607.7,1587.42,,1587.42,MISSING_SETTLEMENT,HIGH,76.26,HIGH,49.29,MEDIUM
TXN000429,ORD000429,CUST00195,24208.35,23699.63,23699.63,0.0,MATCHED,LOW,23.04,LOW,13.82,LOW
TXN000430,ORD000430,CUST00094,16602.94,16213.36,16213.36,0.0,MATCHED,LOW,6.39,LOW,3.83,LOW
TXN000431,ORD000431,CUST00655,14968.93,14709.51,14709.51,0.0,MATCHED,LOW,3.94,LOW,2.36,LOW
TXN000432,ORD000432,CUST00052,19691.19,19257.54,19257.54,0.0,MATCHED,LOW,8.86,LOW,5.32,LOW
TXN000433,ORD000433,CUST00129,19695.75,19354.52,19354.52,0.0,MATCHED,LOW,8.34,LOW,5.0,LOW
TXN000434,ORD000434,CUST00071,20762.46,20189.61,20189.61,0.0,MATCHED,LOW,20.45,LOW,12.27,LOW
TXN000435,ORD000435,CUST00213,14700.94,14443.97,13962.35,481.62,UNDER_SETTLED,MEDIUM,25.8,LOW,16.8,LOW
TXN000436,ORD000436,CUST00337,19381.78,19087.02,18451.49,635.53,UNDER_SETTLED,MEDIUM,32.72,LOW,21.22,LOW
TXN000437,ORD000437,CUST00611,170.61,79.34,79.34,0.0,MATCHED,LOW,49.55,MEDIUM,29.73,LOW
TXN000438,ORD000438,CUST00134,13551.36,13314.9,13314.9,0.0,MATCHED,LOW,2.28,LOW,1.37,LOW
TXN000439,ORD000439,CUST00179,2837.17,2781.54,2781.54,0.0,MATCHED,LOW,8.74,LOW,5.24,LOW
TXN000440,ORD000440,CUST00135,470.02,463.49,463.49,0.0,MATCHED,LOW,27.78,LOW,16.67,LOW
TXN000441,ORD000441,CUST00244,14762.44,14549.23,14549.23,0.0,MATCHED,LOW,6.07,LOW,3.64,LOW
TXN000442,ORD000442,CUST00179,6707.65,6596.01,6596.01,0.0,MATCHED,LOW,3.58,LOW,2.15,LOW
TXN000443,ORD000443,CUST00432,13199.53,13040.21,13040.21,0.0,MATCHED,LOW,9.82,LOW,5.89,LOW
TXN000444,ORD000444,CUST00066,11958.52,11685.55,11685.55,0.0,MATCHED,LOW,1.85,LOW,1.11,LOW
TXN000445,ORD000445,CUST00371,12879.63,12610.46,12610.46,0.0,MATCHED,LOW,1.85,LOW,1.11,LOW
TXN000446,ORD000446,CUST00463,12645.58,12450.12,12450.12,0.0,MATCHED,LOW,4.67,LOW,2.8,LOW
TXN000447,ORD000447,CUST00045,18208.35,17880.59,17880.59,0.0,MATCHED,LOW,5.47,LOW,3.28,LOW
TXN000448,ORD000448,CUST00534,7610.6,7477.9,7477.9,0.0,MATCHED,LOW,3.2,LOW,1.92,LOW
TXN000449,ORD000449,CUST00032,1614.55,1591.46,1591.46,0.0,MATCHED,LOW,18.67,LOW,11.2,LOW
TXN000450,ORD000450,CUST00412,10714.21,10454.21,10454.21,0.0,MATCHED,LOW,1.43,LOW,0.86,LOW
TXN000451,ORD000451,CUST00503,17838.79,17538.85,17538.85,0.0,MATCHED,LOW,5.0,LOW,3.0,LOW
TXN000452,ORD000452,CUST00076,22491.74,22128.87,22128.87,0.0,MATCHED,LOW,15.54,LOW,9.32,LOW
TXN000453,ORD000453,CUST00623,3793.51,3743.96,3743.96,0.0,MATCHED,LOW,14.37,LOW,8.62,LOW
TXN000454,ORD000454,CUST00282,15645.51,15291.06,15291.06,0.0,MATCHED,LOW,5.85,LOW,3.51,LOW
TXN000455,ORD000455,CUST00562,17832.6,17515.26,17515.26,0.0,MATCHED,LOW,4.81,LOW,2.89,LOW
TXN000456,ORD000456,CUST00612,13310.87,13049.28,13049.28,0.0,MATCHED,LOW,1.65,LOW,0.99,LOW
TXN000457,ORD000457,CUST00518,15175.13,14961.13,14961.13,0.0,MATCHED,LOW,6.64,LOW,3.98,LOW
TXN000458,ORD000458,CUST00118,21334.54,20905.03,20905.03,0.0,MATCHED,LOW,10.64,LOW,6.38,LOW
TXN000459,ORD000459,CUST00565,18048.91,17620.13,17620.13,0.0,MATCHED,LOW,6.85,LOW,4.11,LOW
TXN000460,ORD000460,CUST00441,11343.72,11188.6,11188.6,0.0,MATCHED,LOW,8.74,LOW,5.24,LOW
TXN000461,ORD000461,CUST00424,8539.4,8430.5,8430.5,0.0,MATCHED,LOW,9.27,LOW,5.56,LOW
TXN000462,ORD000462,CUST00409,10458.14,4836.52,4836.52,0.0,MATCHED,LOW,35.65,MEDIUM,21.39,LOW
TXN000463,ORD000463,CUST00321,10726.42,10565.87,10565.87,0.0,MATCHED,LOW,4.8,LOW,2.88,LOW
TXN000464,ORD000464,CUST00262,9420.1,9209.55,9209.55,0.0,MATCHED,LOW,1.94,LOW,1.16,LOW
TXN000465,ORD000465,CUST00486,1771.62,1732.13,1732.13,0.0,MATCHED,LOW,14.19,LOW,8.51,LOW
TXN000466,ORD000466,CUST00096,10853.73,360.82,360.82,0.0,MATCHED,LOW,62.77,HIGH,37.66,MEDIUM
TXN000467,ORD000467,CUST00382,20313.06,19821.92,19821.92,0.0,MATCHED,LOW,9.34,LOW,5.6,LOW
TXN000468,ORD000468,CUST00062,14702.98,14369.1,14369.1,0.0,MATCHED,LOW,2.76,LOW,1.66,LOW
TXN000469,ORD000469,CUST00576,8308.18,8164.2,8164.2,0.0,MATCHED,LOW,3.21,LOW,1.93,LOW
TXN000470,ORD000470,CUST00421,8904.59,8670.68,8670.68,0.0,MATCHED,LOW,5.08,LOW,3.05,LOW
TXN000471,ORD000471,CUST00434,21715.49,21185.23,21185.23,0.0,MATCHED,LOW,17.27,LOW,10.36,LOW
TXN000472,ORD000472,CUST00053,24213.13,23639.9,23639.9,0.0,MATCHED,LOW,30.28,LOW,18.17,LOW
TXN000473,ORD000473,CUST00320,8855.99,8667.86,8667.86,0.0,MATCHED,LOW,0.86,LOW,0.52,LOW
TXN000474,ORD000474,CUST00520,5397.2,5240.5,5240.5,0.0,MATCHED,LOW,13.26,LOW,7.96,LOW
TXN000475,ORD000475,CUST00494,5683.7,1191.07,1191.07,0.0,MATCHED,LOW,46.48,MEDIUM,27.89,LOW
TXN000476,ORD000476,CUST00359,21149.8,20725.9,20725.9,0.0,MATCHED,LOW,10.28,LOW,6.17,LOW
TXN000477,ORD000477,CUST00118,19088.88,18819.1,18819.1,0.0,MATCHED,LOW,9.72,LOW,5.83,LOW
TXN000478,ORD000478,CUST00232,20199.81,19670.83,19670.83,0.0,MATCHED,LOW,15.29,LOW,9.17,LOW
TXN000479,ORD000479,CUST00637,15377.97,14946.18,14946.18,0.0,MATCHED,LOW,12.34,LOW,7.4,LOW
TXN000480,ORD000480,CUST00571,753.72,738.58,,738.58,MISSING_SETTLEMENT,MEDIUM,72.47,HIGH,45.58,MEDIUM
TXN000481,ORD000481,CUST00274,820.93,804.62,804.62,0.0,MATCHED,LOW,18.22,LOW,10.93,LOW
TXN000482,ORD000482,CUST00317,23046.28,22495.13,22495.13,0.0,MATCHED,LOW,22.13,LOW,13.28,LOW
TXN000483,ORD000483,CUST00007,4617.0,4504.48,4504.48,0.0,MATCHED,LOW,7.06,LOW,4.24,LOW
TXN000484,ORD000484,CUST00580,16467.88,16137.9,16137.9,0.0,MATCHED,LOW,3.99,LOW,2.39,LOW
TXN000485,ORD000485,CUST00146,18550.13,18255.17,18255.17,0.0,MATCHED,LOW,6.78,LOW,4.07,LOW
TXN000486,ORD000486,CUST00094,18678.18,18383.79,18383.79,0.0,MATCHED,LOW,7.21,LOW,4.33,LOW
TXN000487,ORD000487,CUST00386,10553.83,10268.44,10268.44,0.0,MATCHED,LOW,5.99,LOW,3.59,LOW
TXN000488,ORD000488,CUST00162,9314.32,9102.7,9102.7,0.0,MATCHED,LOW,1.75,LOW,1.05,LOW
TXN000489,ORD000489,CUST00333,19443.21,18899.62,18899.62,0.0,MATCHED,LOW,19.39,LOW,11.63,LOW
TXN000490,ORD000490,CUST00611,2215.43,2173.92,2173.92,0.0,MATCHED,LOW,11.59,LOW,6.95,LOW
TXN000491,ORD000491,CUST00160,4019.51,3922.3,3922.3,0.0,MATCHED,LOW,7.39,LOW,4.43,LOW
TXN000492,ORD000492,CUST00051,16881.82,16483.85,16483.85,0.0,MATCHED,LOW,6.1,LOW,3.66,LOW
TXN000493,ORD000493,CUST00454,16582.27,16155.09,16155.09,0.0,MATCHED,LOW,9.09,LOW,5.45,LOW
TXN000494,ORD000494,CUST00622,11106.9,10802.37,10802.37,0.0,MATCHED,LOW,6.5,LOW,3.9,LOW
TXN000495,ORD000495,CUST00221,18898.08,18523.47,18523.47,0.0,MATCHED,LOW,6.07,LOW,3.64,LOW
TXN000496,ORD000496,CUST00354,10804.85,10671.57,10671.57,0.0,MATCHED,LOW,10.67,LOW,6.4,LOW
TXN000497,ORD000497,CUST00695,16994.31,4369.68,4369.68,0.0,MATCHED,LOW,56.16,MEDIUM,33.7,LOW
TXN000498,ORD000498,CUST00540,16711.6,16410.45,16410.45,0.0,MATCHED,LOW,4.3,LOW,2.58,LOW
TXN000499,ORD000499,CUST00226,9942.06,4485.45,4485.45,0.0,MATCHED,LOW,36.25,MEDIUM,21.75,LOW
TXN000500,ORD000500,CUST00057,291.41,287.09,287.09,0.0,MATCHED,LOW,29.64,LOW,17.78,LOW
TXN000501,ORD000501,CUST00217,19207.0,18719.28,18719.28,0.0,MATCHED,LOW,10.35,LOW,6.21,LOW
TXN000502,ORD000502,CUST00262,7307.23,7142.83,7142.83,0.0,MATCHED,LOW,1.99,LOW,1.19,LOW
TXN000503,ORD000503,CUST00008,12484.89,12309.41,12309.41,0.0,MATCHED,LOW,7.08,LOW,4.25,LOW
TXN000504,ORD000504,CUST00180,3316.72,3271.54,3271.54,0.0,MATCHED,LOW,14.07,LOW,8.44,LOW
TXN000505,ORD000505,CUST00236,12556.53,12226.66,12226.66,0.0,MATCHED,LOW,5.56,LOW,3.34,LOW
TXN000506,ORD000506,CUST00363,1894.68,1845.6,1845.6,0.0,MATCHED,LOW,15.77,LOW,9.46,LOW
TXN000507,ORD000507,CUST00044,10961.87,10769.29,10769.29,0.0,MATCHED,LOW,2.65,LOW,1.59,LOW
TXN000508,ORD000508,CUST00080,21566.54,21064.14,21064.14,0.0,MATCHED,LOW,12.7,LOW,7.62,LOW
TXN000509,ORD000509,CUST00440,14377.65,12168.11,12168.11,0.0,MATCHED,LOW,22.48,LOW,13.49,LOW
TXN000510,ORD000510,CUST00656,10500.58,10277.65,10277.65,0.0,MATCHED,LOW,1.16,LOW,0.7,LOW
TXN000511,ORD000511,CUST00415,619.33,607.62,607.62,0.0,MATCHED,LOW,20.94,LOW,12.56,LOW
TXN000512,ORD000512,CUST00176,20052.92,19669.55,19669.55,0.0,MATCHED,LOW,7.52,LOW,4.51,LOW
TXN000513,ORD000513,CUST00472,20817.45,20343.03,20343.03,0.0,MATCHED,LOW,9.95,LOW,5.97,LOW
TXN000514,ORD000514,CUST00091,10974.12,10738.19,,10738.19,MISSING_SETTLEMENT,CRITICAL,78.51,HIGH,66.15,HIGH
TXN000515,ORD000515,CUST00250,10948.35,10630.43,10134.21,496.22,UNDER_SETTLED,MEDIUM,32.85,LOW,21.06,LOW
TXN000516,ORD000516,CUST00537,2058.31,2020.04,2020.04,0.0,MATCHED,LOW,11.89,LOW,7.13,LOW
TXN000517,ORD000517,CUST00348,5617.14,5516.98,5516.98,0.0,MATCHED,LOW,5.54,LOW,3.32,LOW
TXN000518,ORD000518,CUST00173,2001.85,1949.39,1949.39,0.0,MATCHED,LOW,15.34,LOW,9.2,LOW
TXN000519,ORD000519,CUST00117,13312.06,13015.73,12722.92,292.81,UNDER_SETTLED,MEDIUM,22.4,LOW,14.44,LOW
TXN000520,ORD000520,CUST00358,8842.38,4048.88,4048.88,0.0,MATCHED,LOW,38.5,MEDIUM,23.1,LOW
TXN000521,ORD000521,CUST00152,5983.09,5866.39,5866.39,0.0,MATCHED,LOW,3.56,LOW,2.14,LOW
TXN000522,ORD000522,CUST00263,5012.07,4883.08,4883.08,0.0,MATCHED,LOW,9.41,LOW,5.65,LOW
TXN000523,ORD000523,CUST00157,19029.36,18621.41,18621.41,0.0,MATCHED,LOW,8.13,LOW,4.88,LOW
TXN000524,ORD000524,CUST00078,4510.94,2846.39,2846.39,0.0,MATCHED,LOW,36.92,MEDIUM,22.15,LOW
TXN000525,ORD000525,CUST00644,12403.51,12111.67,12111.67,0.0,MATCHED,LOW,1.09,LOW,0.65,LOW
TXN000526,ORD000526,CUST00578,19020.94,18770.27,18770.27,0.0,MATCHED,LOW,11.37,LOW,6.82,LOW
TXN000527,ORD000527,CUST00698,23111.44,22457.93,22457.93,0.0,MATCHED,LOW,39.22,MEDIUM,23.53,LOW
TXN000528,ORD000528,CUST00659,15918.93,15569.3,15569.3,0.0,MATCHED,LOW,5.21,LOW,3.13,LOW
TXN000529,ORD000529,CUST00331,21619.75,21178.42,21178.42,0.0,MATCHED,LOW,12.14,LOW,7.28,LOW
TXN000530,ORD000530,CUST00324,3858.84,3772.87,3772.87,0.0,MATCHED,LOW,7.92,LOW,4.75,LOW
TXN000531,ORD000531,CUST00481,11110.98,10888.83,10888.83,0.0,MATCHED,LOW,0.15,LOW,0.09,LOW
TXN000532,ORD000532,CUST00282,14826.35,14505.73,14505.73,0.0,MATCHED,LOW,2.97,LOW,1.78,LOW
TXN000533,ORD000533,CUST00520,1947.35,1896.04,1896.04,0.0,MATCHED,LOW,15.58,LOW,9.35,LOW
TXN000534,ORD000534,CUST00463,1036.42,1020.96,1020.96,0.0,MATCHED,LOW,20.48,LOW,12.29,LOW
TXN000535,ORD000535,CUST00294,2010.6,1952.86,1952.86,0.0,MATCHED,LOW,19.11,LOW,11.47,LOW
TXN000536,ORD000536,CUST00630,14892.59,14698.5,14698.5,0.0,MATCHED,LOW,8.86,LOW,5.32,LOW
TXN000537,ORD000537,CUST00474,14550.2,14350.5,14350.5,0.0,MATCHED,LOW,7.87,LOW,4.72,LOW
TXN000538,ORD000538,CUST00043,11298.37,11002.25,11002.25,0.0,MATCHED,LOW,4.88,LOW,2.93,LOW
TXN000539,ORD000539,CUST00586,16330.75,15915.08,15915.08,0.0,MATCHED,LOW,6.68,LOW,4.01,LOW
TXN000540,ORD000540,CUST00620,11943.16,11722.13,11722.13,0.0,MATCHED,LOW,2.6,LOW,1.56,LOW
TXN000541,ORD000541,CUST00064,11318.03,11085.45,11085.45,0.0,MATCHED,LOW,0.79,LOW,0.47,LOW
TXN000542,ORD000542,CUST00352,24561.4,23984.58,23984.58,0.0,MATCHED,LOW,33.94,LOW,20.36,LOW
TXN000543,ORD000543,CUST00517,16188.56,15971.59,15971.59,0.0,MATCHED,LOW,8.04,LOW,4.82,LOW
TXN000544,ORD000544,CUST00254,17719.78,17254.44,17254.44,0.0,MATCHED,LOW,12.19,LOW,7.31,LOW
TXN000545,ORD000545,CUST00537,13116.43,12755.67,12755.67,0.0,MATCHED,LOW,8.18,LOW,4.91,LOW
TXN000546,ORD000546,CUST00373,9384.01,9123.25,9123.25,0.0,MATCHED,LOW,9.11,LOW,5.47,LOW
TXN000547,ORD000547,CUST00397,10278.36,10041.35,10041.35,0.0,MATCHED,LOW,0.69,LOW,0.41,LOW
TXN000548,ORD000548,CUST00696,14987.36,14810.45,14810.45,0.0,MATCHED,LOW,12.82,LOW,7.69,LOW
TXN000549,ORD000549,CUST00647,16217.9,12490.72,,12490.72,MISSING_SETTLEMENT,CRITICAL,91.75,CRITICAL,77.07,HIGH
TXN000550,ORD000550,CUST00338,2453.2,1599.24,1599.24,0.0,MATCHED,LOW,39.35,MEDIUM,23.61,LOW
TXN000551,ORD000551,CUST00396,7175.26,7023.12,7023.12,0.0,MATCHED,LOW,2.6,LOW,1.56,LOW
TXN000552,ORD000552,CUST00673,24113.81,23662.81,23662.81,0.0,MATCHED,LOW,20.69,LOW,12.41,LOW
TXN000553,ORD000553,CUST00154,8400.71,8215.65,8215.65,0.0,MATCHED,LOW,0.8,LOW,0.48,LOW
TXN000554,ORD000554,CUST00680,3621.57,3566.29,3566.29,0.0,MATCHED,LOW,10.74,LOW,6.44,LOW
TXN000555,ORD000555,CUST00318,24195.64,23618.27,23618.27,0.0,MATCHED,LOW,29.62,LOW,17.77,LOW
TXN000556,ORD000556,CUST00679,9859.75,9688.15,8405.0,1283.15,UNDER_SETTLED,MEDIUM,39.35,MEDIUM,26.29,LOW
TXN000557,ORD000557,CUST00087,7808.59,7637.63,7637.63,0.0,MATCHED,LOW,1.58,LOW,0.95,LOW
TXN000558,ORD000558,CUST00659,19812.38,19258.35,19258.35,0.0,MATCHED,LOW,19.14,LOW,11.48,LOW
TXN000559,ORD000559,CUST00687,17600.49,17297.93,17297.93,0.0,MATCHED,LOW,4.74,LOW,2.84,LOW
TXN000560,ORD000560,CUST00540,2426.98,2357.82,2357.82,0.0,MATCHED,LOW,17.71,LOW,10.63,LOW
TXN000561,ORD000561,CUST00434,12761.36,12512.58,12512.58,0.0,MATCHED,LOW,0.96,LOW,0.58,LOW
TXN000562,ORD000562,CUST00372,7790.77,7563.35,7563.35,0.0,MATCHED,LOW,12.3,LOW,7.38,LOW
TXN000563,ORD000563,CUST00350,23696.94,23272.92,23272.92,0.0,MATCHED,LOW,19.0,LOW,11.4,LOW
TXN000564,ORD000564,CUST00197,5740.92,5664.1,5664.1,0.0,MATCHED,LOW,9.63,LOW,5.78,LOW
TXN000565,ORD000565,CUST00159,2021.41,1997.27,1997.27,0.0,MATCHED,LOW,21.66,LOW,13.0,LOW
TXN000566,ORD000566,CUST00104,12741.47,329.46,329.46,0.0,MATCHED,LOW,70.04,HIGH,42.02,MEDIUM
TXN000567,ORD000567,CUST00540,1039.91,1020.2,1020.2,0.0,MATCHED,LOW,16.99,LOW,10.19,LOW
TXN000568,ORD000568,CUST00633,3363.12,3315.84,3315.84,0.0,MATCHED,LOW,13.57,LOW,8.14,LOW
TXN000569,ORD000569,CUST00158,4139.96,4069.55,4069.55,0.0,MATCHED,LOW,7.83,LOW,4.7,LOW
TXN000570,ORD000570,CUST00640,20245.19,19873.99,19873.99,0.0,MATCHED,LOW,8.14,LOW,4.88,LOW
TXN000571,ORD000571,CUST00449,1187.94,1162.38,1162.38,0.0,MATCHED,LOW,15.88,LOW,9.53,LOW
TXN000572,ORD000572,CUST00693,18017.68,17788.12,17788.12,0.0,MATCHED,LOW,10.92,LOW,6.55,LOW
TXN000573,ORD000573,CUST00626,7194.71,7020.25,7020.25,0.0,MATCHED,LOW,2.49,LOW,1.49,LOW
TXN000574,ORD000574,CUST00460,5926.67,5770.64,5770.64,0.0,MATCHED,LOW,6.92,LOW,4.15,LOW
TXN000575,ORD000575,CUST00317,24143.36,23704.95,23704.95,0.0,MATCHED,LOW,20.93,LOW,12.56,LOW
TXN000576,ORD000576,CUST00481,22608.96,21997.52,21997.52,0.0,MATCHED,LOW,29.03,LOW,17.42,LOW
TXN000577,ORD000577,CUST00377,16989.84,16529.04,16529.04,0.0,MATCHED,LOW,12.35,LOW,7.41,LOW
TXN000578,ORD000578,CUST00452,11595.83,11410.71,11410.71,0.0,MATCHED,LOW,4.49,LOW,2.69,LOW
TXN000579,ORD000579,CUST00392,12622.38,8843.54,8843.54,0.0,MATCHED,LOW,27.87,LOW,16.72,LOW
TXN000580,ORD000580,CUST00166,20440.59,20056.75,20056.75,0.0,MATCHED,LOW,8.59,LOW,5.15,LOW
TXN000581,ORD000581,CUST00620,3546.12,3484.31,,3484.31,MISSING_SETTLEMENT,HIGH,74.7,HIGH,51.57,MEDIUM
TXN000582,ORD000582,CUST00054,16065.36,3497.83,3497.83,0.0,MATCHED,LOW,55.29,MEDIUM,33.17,LOW
TXN000583,ORD000583,CUST00568,23363.91,22930.43,22659.89,270.54,UNDER_SETTLED,MEDIUM,34.91,LOW,21.91,LOW
TXN000584,ORD000584,CUST00529,21294.03,20837.3,20837.3,0.0,MATCHED,LOW,11.65,LOW,6.99,LOW
TXN000585,ORD000585,CUST00086,19101.61,12444.48,12444.48,0.0,MATCHED,LOW,45.06,MEDIUM,27.04,LOW
TXN000586,ORD000586,CUST00461,22642.12,22184.63,22184.63,0.0,MATCHED,LOW,14.94,LOW,8.96,LOW
TXN000587,ORD000587,CUST00448,2383.67,2347.6,2347.6,0.0,MATCHED,LOW,14.53,LOW,8.72,LOW
TXN000588,ORD000588,CUST00462,22127.28,21715.55,21715.55,0.0,MATCHED,LOW,11.8,LOW,7.08,LOW
TXN000589,ORD000589,CUST00425,1426.1,1385.93,1385.93,0.0,MATCHED,LOW,21.27,LOW,12.76,LOW
TXN000590,ORD000590,CUST00383,5970.87,5811.64,5811.64,0.0,MATCHED,LOW,6.56,LOW,3.94,LOW
TXN000591,ORD000591,CUST00384,5691.02,5608.33,5608.33,0.0,MATCHED,LOW,7.99,LOW,4.79,LOW
TXN000592,ORD000592,CUST00102,20995.49,20377.06,20377.06,0.0,MATCHED,LOW,31.02,LOW,18.61,LOW
TXN000593,ORD000593,CUST00344,19805.38,19336.78,19336.78,0.0,MATCHED,LOW,9.01,LOW,5.41,LOW
TXN000594,ORD000594,CUST00040,7243.3,7140.62,7140.62,0.0,MATCHED,LOW,6.8,LOW,4.08,LOW
TXN000595,ORD000595,CUST00143,18995.14,18746.88,18746.88,0.0,MATCHED,LOW,11.38,LOW,6.83,LOW
TXN000596,ORD000596,CUST00460,15422.17,15235.9,15235.9,0.0,MATCHED,LOW,12.5,LOW,7.5,LOW
TXN000597,ORD000597,CUST00020,6472.51,6313.49,6313.49,0.0,MATCHED,LOW,2.74,LOW,1.64,LOW
TXN000598,ORD000598,CUST00562,23511.63,23031.65,23031.65,0.0,MATCHED,LOW,17.14,LOW,10.28,LOW
TXN000599,ORD000599,CUST00541,10639.04,6173.19,6173.19,0.0,MATCHED,LOW,34.14,LOW,20.48,LOW
TXN000600,ORD000600,CUST00296,6017.24,5840.77,5840.77,0.0,MATCHED,LOW,12.94,LOW,7.76,LOW
TXN000601,ORD000601,CUST00049,6037.14,5956.85,5956.85,0.0,MATCHED,LOW,8.57,LOW,5.14,LOW
TXN000602,ORD000602,CUST00638,11482.13,11216.11,11216.11,0.0,MATCHED,LOW,1.19,LOW,0.71,LOW
TXN000603,ORD000603,CUST00512,14958.8,14672.18,14672.18,0.0,MATCHED,LOW,3.12,LOW,1.87,LOW
TXN000604,ORD000604,CUST00648,12932.86,12675.87,12675.87,0.0,MATCHED,LOW,0.73,LOW,0.44,LOW
TXN000605,ORD000605,CUST00148,7352.67,7163.23,7163.23,0.0,MATCHED,LOW,4.39,LOW,2.63,LOW
TXN000606,ORD000606,CUST00630,8885.12,8685.22,8685.22,0.0,MATCHED,LOW,1.48,LOW,0.89,LOW
TXN000607,ORD000607,CUST00427,4764.12,4672.01,4672.01,0.0,MATCHED,LOW,6.15,LOW,3.69,LOW
TXN000608,ORD000608,CUST00088,13134.77,11230.34,11230.34,0.0,MATCHED,LOW,23.06,LOW,13.84,LOW
TXN000609,ORD000609,CUST00070,23839.75,23343.49,23343.49,0.0,MATCHED,LOW,19.35,LOW,11.61,LOW
TXN000610,ORD000610,CUST00520,19681.67,19257.11,19257.11,0.0,MATCHED,LOW,8.67,LOW,5.2,LOW
TXN000611,ORD000611,CUST00568,606.32,464.1,464.1,0.0,MATCHED,LOW,34.28,LOW,20.57,LOW
TXN000612,ORD000612,CUST00045,15928.2,15640.08,15640.08,0.0,MATCHED,LOW,3.76,LOW,2.26,LOW
TXN000613,ORD000613,CUST00260,18708.18,18425.9,18425.9,0.0,MATCHED,LOW,7.86,LOW,4.72,LOW
TXN000614,ORD000614,CUST00070,8685.58,8490.15,8490.15,0.0,MATCHED,LOW,1.44,LOW,0.86,LOW
TXN000615,ORD000615,CUST00673,15743.6,15396.77,15396.77,0.0,MATCHED,LOW,5.02,LOW,3.01,LOW
TXN000616,ORD000616,CUST00596,18406.16,4848.25,4848.25,0.0,MATCHED,LOW,65.69,HIGH,39.41,MEDIUM
TXN000617,ORD000617,CUST00137,1203.96,1184.7,1184.7,0.0,MATCHED,LOW,17.8,LOW,10.68,LOW
TXN000618,ORD000618,CUST00347,20356.37,19935.39,19935.39,0.0,MATCHED,LOW,8.69,LOW,5.21,LOW
TXN000619,ORD000619,CUST00476,24522.4,24054.72,24054.72,0.0,MATCHED,LOW,24.54,LOW,14.72,LOW
TXN000620,ORD000620,CUST00647,4638.72,4539.14,4539.14,0.0,MATCHED,LOW,6.74,LOW,4.04,LOW
TXN000621,ORD000621,CUST00065,17929.52,17601.49,17601.49,0.0,MATCHED,LOW,4.72,LOW,2.83,LOW
TXN000622,ORD000622,CUST00038,7406.72,7191.08,7191.08,0.0,MATCHED,LOW,12.75,LOW,7.65,LOW
TXN000623,ORD000623,CUST00205,22156.18,21671.93,21671.93,0.0,MATCHED,LOW,14.7,LOW,8.82,LOW
TXN000624,ORD000624,CUST00318,12933.05,12619.09,12619.09,0.0,MATCHED,LOW,2.24,LOW,1.34,LOW
TXN000625,ORD000625,CUST00485,6407.51,3464.34,3464.34,0.0,MATCHED,LOW,41.49,MEDIUM,24.89,LOW
TXN000626,ORD000626,CUST00663,4858.48,4759.74,4759.74,0.0,MATCHED,LOW,5.72,LOW,3.43,LOW
TXN000627,ORD000627,CUST00049,21658.38,21138.11,21138.11,0.0,MATCHED,LOW,14.82,LOW,8.89,LOW
TXN000628,ORD000628,CUST00280,3199.43,3153.63,1860.79,1292.84,UNDER_SETTLED,MEDIUM,47.77,MEDIUM,31.36,LOW
TXN000629,ORD000629,CUST00448,22248.21,21697.7,21697.7,0.0,MATCHED,LOW,20.43,LOW,12.26,LOW
TXN000630,ORD000630,CUST00451,22376.47,21722.87,21722.87,0.0,MATCHED,LOW,39.46,MEDIUM,23.68,LOW
TXN000631,ORD000631,CUST00348,24345.72,23634.56,23634.56,0.0,MATCHED,LOW,52.32,MEDIUM,31.39,LOW
TXN000632,ORD000632,CUST00510,9246.94,9010.35,9010.35,0.0,MATCHED,LOW,3.49,LOW,2.09,LOW
TXN000633,ORD000633,CUST00532,6741.35,6606.32,6606.32,0.0,MATCHED,LOW,2.42,LOW,1.45,LOW
TXN000634,ORD000634,CUST00435,2065.28,2038.05,2038.05,0.0,MATCHED,LOW,18.9,LOW,11.34,LOW
TXN000635,ORD000635,CUST00185,13682.31,13305.35,13305.35,0.0,MATCHED,LOW,10.41,LOW,6.25,LOW
TXN000636,ORD000636,CUST00106,2093.72,2065.74,2065.74,0.0,MATCHED,LOW,18.79,LOW,11.27,LOW
TXN000637,ORD000637,CUST00303,7731.75,1309.47,1309.47,0.0,MATCHED,LOW,47.27,MEDIUM,28.36,LOW
TXN000638,ORD000638,CUST00437,4249.45,4143.52,4143.52,0.0,MATCHED,LOW,9.64,LOW,5.78,LOW
TXN000639,ORD000639,CUST00360,11233.53,10910.01,9760.1,1149.91,UNDER_SETTLED,MEDIUM,43.97,MEDIUM,28.84,LOW
TXN000640,ORD000640,CUST00362,15409.8,15206.66,15206.66,0.0,MATCHED,LOW,10.16,LOW,6.1,LOW
TXN000641,ORD000641,CUST00282,16022.79,15654.0,15654.0,0.0,MATCHED,LOW,5.33,LOW,3.2,LOW
TXN000642,ORD000642,CUST00059,1968.53,1917.49,1917.49,0.0,MATCHED,LOW,15.29,LOW,9.17,LOW
TXN000643,ORD000643,CUST00416,9146.45,8987.93,8987.93,0.0,MATCHED,LOW,3.23,LOW,1.94,LOW
TXN000644,ORD000644,CUST00696,4083.67,4031.67,4031.67,0.0,MATCHED,LOW,14.77,LOW,8.86,LOW
TXN000645,ORD000645,CUST00147,21231.87,20852.23,20852.23,0.0,MATCHED,LOW,11.55,LOW,6.93,LOW
TXN000646,ORD000646,CUST00449,966.49,941.77,941.77,0.0,MATCHED,LOW,19.78,LOW,11.87,LOW
TXN000647,ORD000647,CUST00242,19485.03,11679.34,11679.34,0.0,MATCHED,LOW,47.62,MEDIUM,28.57,LOW
TXN000648,ORD000648,CUST00371,9633.07,9431.99,9431.99,0.0,MATCHED,LOW,1.75,LOW,1.05,LOW
TXN000649,ORD000649,CUST00034,15166.86,14861.92,14861.92,0.0,MATCHED,LOW,2.92,LOW,1.75,LOW
TXN000650,ORD000650,CUST00461,23725.71,23137.59,23137.59,0.0,MATCHED,LOW,29.58,LOW,17.75,LOW
TXN000651,ORD000651,CUST00455,19100.8,18733.08,18733.08,0.0,MATCHED,LOW,7.71,LOW,4.63,LOW
TXN000652,ORD000652,CUST00141,13283.55,12900.96,12900.96,0.0,MATCHED,LOW,13.12,LOW,7.87,LOW
TXN000653,ORD000653,CUST00322,16274.06,15852.09,15852.09,0.0,MATCHED,LOW,9.09,LOW,5.45,LOW
TXN000654,ORD000654,CUST00117,745.24,732.63,732.63,0.0,MATCHED,LOW,22.29,LOW,13.37,LOW
TXN000655,ORD000655,CUST00512,12991.86,12830.44,12830.44,0.0,MATCHED,LOW,9.14,LOW,5.48,LOW
TXN000656,ORD000656,CUST00121,6618.24,6432.04,6432.04,0.0,MATCHED,LOW,8.73,LOW,5.24,LOW
TXN000657,ORD000657,CUST00457,5442.8,5306.38,5306.38,0.0,MATCHED,LOW,7.53,LOW,4.52,LOW
TXN000658,ORD000658,CUST00293,17380.12,6040.23,6040.23,0.0,MATCHED,LOW,55.53,MEDIUM,33.32,LOW
TXN000659,ORD000659,CUST00205,3153.67,3084.99,3084.99,0.0,MATCHED,LOW,8.22,LOW,4.93,LOW
TXN000660,ORD000660,CUST00463,4399.14,1894.78,1894.78,0.0,MATCHED,LOW,50.22,MEDIUM,30.13,LOW
TXN000661,ORD000661,CUST00456,24931.83,24428.83,24428.83,0.0,MATCHED,LOW,29.17,LOW,17.5,LOW
TXN000662,ORD000662,CUST00699,24192.27,23834.4,23834.4,0.0,MATCHED,LOW,21.9,LOW,13.14,LOW
TXN000663,ORD000663,CUST00684,8750.89,8639.64,8639.64,0.0,MATCHED,LOW,9.64,LOW,5.78,LOW
TXN000664,ORD000664,CUST00564,13600.07,13201.18,13201.18,0.0,MATCHED,LOW,16.26,LOW,9.76,LOW
TXN000665,ORD000665,CUST00162,17824.05,17358.53,17358.53,0.0,MATCHED,LOW,12.1,LOW,7.26,LOW
TXN000666,ORD000666,CUST00654,4434.87,4333.53,4333.53,0.0,MATCHED,LOW,7.74,LOW,4.64,LOW
TXN000667,ORD000667,CUST00521,5683.62,5587.7,5587.7,0.0,MATCHED,LOW,5.31,LOW,3.19,LOW
TXN000668,ORD000668,CUST00143,5994.73,5915.23,5915.23,0.0,MATCHED,LOW,8.65,LOW,5.19,LOW
TXN000669,ORD000669,CUST00027,9086.32,8897.79,8897.79,0.0,MATCHED,LOW,0.62,LOW,0.37,LOW
TXN000670,ORD000670,CUST00378,11738.41,11423.0,11423.0,0.0,MATCHED,LOW,5.97,LOW,3.58,LOW
TXN000671,ORD000671,CUST00133,15337.51,15081.1,15081.1,0.0,MATCHED,LOW,4.44,LOW,2.66,LOW
TXN000672,ORD000672,CUST00068,7801.34,7690.99,7690.99,0.0,MATCHED,LOW,6.56,LOW,3.94,LOW
TXN000673,ORD000673,CUST00491,13189.82,12968.58,12968.58,0.0,MATCHED,LOW,2.68,LOW,1.61,LOW
TXN000674,ORD000674,CUST00420,20601.15,20045.25,20045.25,0.0,MATCHED,LOW,18.01,LOW,10.81,LOW
TXN000675,ORD000675,CUST00129,24312.26,24019.27,24019.27,0.0,MATCHED,LOW,30.42,LOW,18.25,LOW
TXN000676,ORD000676,CUST00076,11304.36,11148.65,11148.65,0.0,MATCHED,LOW,7.68,LOW,4.61,LOW
TXN000677,ORD000677,CUST00530,8678.42,8549.2,8549.2,0.0,MATCHED,LOW,6.68,LOW,4.01,LOW
TXN000678,ORD000678,CUST00565,16030.87,15673.79,15673.79,0.0,MATCHED,LOW,5.11,LOW,3.07,LOW
TXN000679,ORD000679,CUST00133,10872.2,10714.82,10714.82,0.0,MATCHED,LOW,6.07,LOW,3.64,LOW
TXN000680,ORD000680,CUST00128,13000.74,12744.55,12744.55,0.0,MATCHED,LOW,1.02,LOW,0.61,LOW
TXN000681,ORD000681,CUST00169,4132.98,2795.7,2795.7,0.0,MATCHED,LOW,35.06,MEDIUM,21.04,LOW
TXN000682,ORD000682,CUST00231,8715.97,5951.72,5951.72,0.0,MATCHED,LOW,33.08,LOW,19.85,LOW
TXN000683,ORD000683,CUST00291,21163.75,20651.51,20651.51,0.0,MATCHED,LOW,11.53,LOW,6.92,LOW
TXN000684,ORD000684,CUST00202,15912.92,15588.56,15588.56,0.0,MATCHED,LOW,3.73,LOW,2.24,LOW
TXN000685,ORD000685,CUST00282,3216.74,3133.27,3133.27,0.0,MATCHED,LOW,10.9,LOW,6.54,LOW
TXN000686,ORD000686,CUST00630,13383.6,13021.47,13021.47,0.0,MATCHED,LOW,7.85,LOW,4.71,LOW
TXN000687,ORD000687,CUST00657,4299.03,4222.21,4222.21,0.0,MATCHED,LOW,8.07,LOW,4.84,LOW
TXN000688,ORD000688,CUST00158,4362.9,4304.9,4304.9,0.0,MATCHED,LOW,11.84,LOW,7.1,LOW
TXN000689,ORD000689,CUST00620,8506.73,8384.51,8384.51,0.0,MATCHED,LOW,7.14,LOW,4.28,LOW
TXN000690,ORD000690,CUST00043,20648.38,20063.4,20063.4,0.0,MATCHED,LOW,23.5,LOW,14.1,LOW
TXN000691,ORD000691,CUST00084,1232.0,1214.1,1214.1,0.0,MATCHED,LOW,19.52,LOW,11.71,LOW
TXN000692,ORD000692,CUST00591,6689.93,6552.26,6552.26,0.0,MATCHED,LOW,3.02,LOW,1.81,LOW
TXN000693,ORD000693,CUST00586,10473.01,10165.24,10165.24,0.0,MATCHED,LOW,11.14,LOW,6.68,LOW
TXN000694,ORD000694,CUST00032,12501.15,10595.34,10595.34,0.0,MATCHED,LOW,19.04,LOW,11.42,LOW
TXN000695,ORD000695,CUST00559,7312.82,7195.73,7195.73,0.0,MATCHED,LOW,4.34,LOW,2.6,LOW
TXN000696,ORD000696,CUST00495,6197.46,6076.04,6076.04,0.0,MATCHED,LOW,3.15,LOW,1.89,LOW
TXN000697,ORD000697,CUST00416,7506.1,7332.82,7332.82,0.0,MATCHED,LOW,1.9,LOW,1.14,LOW
TXN000698,ORD000698,CUST00062,4036.2,3973.51,3973.51,0.0,MATCHED,LOW,8.78,LOW,5.27,LOW
TXN000699,ORD000699,CUST00496,11664.61,11375.34,11375.34,0.0,MATCHED,LOW,3.26,LOW,1.96,LOW
TXN000700,ORD000700,CUST00622,3677.35,3145.51,2334.86,810.65,UNDER_SETTLED,MEDIUM,45.57,MEDIUM,29.22,LOW
TXN000701,ORD000701,CUST00327,18381.57,17955.71,17955.71,0.0,MATCHED,LOW,6.65,LOW,3.99,LOW
TXN000702,ORD000702,CUST00409,3356.08,3271.6,3271.6,0.0,MATCHED,LOW,9.88,LOW,5.93,LOW
TXN000703,ORD000703,CUST00528,14085.12,13890.0,,13890.0,MISSING_SETTLEMENT,CRITICAL,84.79,CRITICAL,75.26,HIGH
TXN000704,ORD000704,CUST00248,11715.17,11542.18,10359.12,1183.06,UNDER_SETTLED,MEDIUM,39.43,MEDIUM,26.17,LOW
TXN000705,ORD000705,CUST00461,6273.18,6154.89,6154.89,0.0,MATCHED,LOW,3.03,LOW,1.82,LOW
TXN000706,ORD000706,CUST00052,7326.28,7200.75,7200.75,0.0,MATCHED,LOW,4.26,LOW,2.56,LOW
TXN000707,ORD000707,CUST00631,10511.56,10248.7,,10248.7,MISSING_SETTLEMENT,CRITICAL,79.45,HIGH,65.89,HIGH
TXN000708,ORD000708,CUST00336,23350.41,2715.38,2715.38,0.0,MATCHED,LOW,83.21,CRITICAL,49.93,MEDIUM
TXN000709,ORD000709,CUST00321,4826.87,4724.42,4724.42,0.0,MATCHED,LOW,6.11,LOW,3.67,LOW
TXN000710,ORD000710,CUST00511,24899.64,6766.99,6766.99,0.0,MATCHED,LOW,73.97,HIGH,44.38,MEDIUM
TXN000711,ORD000711,CUST00511,21988.98,21454.89,21454.89,0.0,MATCHED,LOW,17.6,LOW,10.56,LOW
TXN000712,ORD000712,CUST00024,2342.22,2294.9,2294.9,0.0,MATCHED,LOW,10.43,LOW,6.26,LOW
TXN000713,ORD000713,CUST00518,11485.04,11320.01,11320.01,0.0,MATCHED,LOW,5.99,LOW,3.59,LOW
TXN000714,ORD000714,CUST00221,14625.27,14227.41,14227.41,0.0,MATCHED,LOW,10.34,LOW,6.2,LOW
TXN000715,ORD000715,CUST00052,7105.77,7020.43,7020.43,0.0,MATCHED,LOW,11.15,LOW,6.69,LOW
TXN000716,ORD000716,CUST00670,16845.76,16370.52,16370.52,0.0,MATCHED,LOW,15.18,LOW,9.11,LOW
TXN000717,ORD000717,CUST00550,303.62,297.63,297.63,0.0,MATCHED,LOW,25.09,LOW,15.05,LOW
TXN000718,ORD000718,CUST00442,3434.98,3353.19,3353.19,0.0,MATCHED,LOW,7.99,LOW,4.79,LOW
TXN000719,ORD000719,CUST00375,19120.03,18568.93,18568.93,0.0,MATCHED,LOW,22.28,LOW,13.37,LOW
TXN000720,ORD000720,CUST00047,10074.48,9833.83,9833.83,0.0,MATCHED,LOW,1.23,LOW,0.74,LOW
TXN000721,ORD000721,CUST00576,4946.92,4884.96,4884.96,0.0,MATCHED,LOW,12.91,LOW,7.75,LOW
TXN000722,ORD000722,CUST00296,1930.94,1876.79,1162.81,713.98,UNDER_SETTLED,MEDIUM,48.73,MEDIUM,30.96,LOW
TXN000723,ORD000723,CUST00462,19133.66,18692.01,18102.48,589.53,UNDER_SETTLED,MEDIUM,36.09,MEDIUM,23.16,LOW
TXN000724,ORD000724,CUST00639,17041.93,12632.95,12632.95,0.0,MATCHED,LOW,43.26,MEDIUM,25.96,LOW
TXN000725,ORD000725,CUST00132,24379.56,23905.55,23905.55,0.0,MATCHED,LOW,22.49,LOW,13.49,LOW
TXN000726,ORD000726,CUST00383,19892.94,19334.95,19334.95,0.0,MATCHED,LOW,19.42,LOW,11.65,LOW
TXN000727,ORD000727,CUST00572,23479.82,22846.03,22846.03,0.0,MATCHED,LOW,34.78,LOW,20.87,LOW
TXN000728,ORD000728,CUST00148,5056.54,4966.9,4966.9,0.0,MATCHED,LOW,6.33,LOW,3.8,LOW
TXN000729,ORD000729,CUST00412,12551.94,12344.48,12344.48,0.0,MATCHED,LOW,3.81,LOW,2.29,LOW
TXN000730,ORD000730,CUST00040,3512.21,3464.66,3464.66,0.0,MATCHED,LOW,14.32,LOW,8.59,LOW
TXN000731,ORD000731,CUST00486,13031.38,12726.68,12726.68,0.0,MATCHED,LOW,1.55,LOW,0.93,LOW
TXN000732,ORD000732,CUST00621,22338.98,21920.72,21920.72,0.0,MATCHED,LOW,12.13,LOW,7.28,LOW
TXN000733,ORD000733,CUST00336,23291.08,7455.25,7455.25,0.0,MATCHED,LOW,75.94,HIGH,45.56,MEDIUM
TXN000734,ORD000734,CUST00167,9884.57,9636.88,9636.88,0.0,MATCHED,LOW,2.77,LOW,1.66,LOW
TXN000735,ORD000735,CUST00307,14883.74,14514.66,14514.66,0.0,MATCHED,LOW,5.2,LOW,3.12,LOW
TXN000736,ORD000736,CUST00522,13355.26,13058.5,13058.5,0.0,MATCHED,LOW,2.21,LOW,1.33,LOW
TXN000737,ORD000737,CUST00577,7564.79,7449.42,7449.42,0.0,MATCHED,LOW,5.23,LOW,3.14,LOW
TXN000738,ORD000738,CUST00378,8347.87,1387.22,1387.22,0.0,MATCHED,LOW,48.56,MEDIUM,29.14,LOW
TXN000739,ORD000739,CUST00427,14634.18,14282.69,14282.69,0.0,MATCHED,LOW,4.02,LOW,2.41,LOW
TXN000740,ORD000740,CUST00645,763.51,752.06,752.06,0.0,MATCHED,LOW,22.95,LOW,13.77,LOW
TXN000741,ORD000741,CUST00272,24180.06,23660.36,23660.36,0.0,MATCHED,LOW,24.71,LOW,14.83,LOW
TXN000742,ORD000742,CUST00593,14483.1,14139.73,14139.73,0.0,MATCHED,LOW,3.19,LOW,1.91,LOW
TXN000743,ORD000743,CUST00053,14629.73,14241.73,14241.73,0.0,MATCHED,LOW,9.41,LOW,5.65,LOW
TXN000744,ORD000744,CUST00537,15762.73,15573.39,15573.39,0.0,MATCHED,LOW,12.31,LOW,7.39,LOW
TXN000745,ORD000745,CUST00390,3779.62,3728.48,3728.48,0.0,MATCHED,LOW,13.65,LOW,8.19,LOW
TXN000746,ORD000746,CUST00249,886.11,874.03,444.88,429.15,UNDER_SETTLED,MEDIUM,50.48,MEDIUM,31.52,LOW
TXN000747,ORD000747,CUST00113,4850.53,2049.62,2049.62,0.0,MATCHED,LOW,42.44,MEDIUM,25.46,LOW
TXN000748,ORD000748,CUST00322,10527.63,10362.51,10362.51,0.0,MATCHED,LOW,3.73,LOW,2.24,LOW
TXN000749,ORD000749,CUST00209,10318.4,10144.9,10144.9,0.0,MATCHED,LOW,2.47,LOW,1.48,LOW
TXN000750,ORD000750,CUST00627,23020.97,22670.65,22670.65,0.0,MATCHED,LOW,16.26,LOW,9.76,LOW
TXN000751,ORD000751,CUST00064,17673.8,17457.84,17457.84,0.0,MATCHED,LOW,12.79,LOW,7.67,LOW
TXN000752,ORD000752,CUST00213,14066.08,13877.21,12580.81,1296.4,UNDER_SETTLED,MEDIUM,41.2,MEDIUM,27.43,LOW
TXN000753,ORD000753,CUST00490,13184.38,12809.79,12809.79,0.0,MATCHED,LOW,10.76,LOW,6.46,LOW
TXN000754,ORD000754,CUST00178,11545.62,11275.2,11275.2,0.0,MATCHED,LOW,1.46,LOW,0.88,LOW
TXN000755,ORD000755,CUST00351,13702.2,13337.89,13337.89,0.0,MATCHED,LOW,7.51,LOW,4.51,LOW
TXN000756,ORD000756,CUST00698,16118.4,15657.03,15657.03,0.0,MATCHED,LOW,15.22,LOW,9.13,LOW
TXN000757,ORD000757,CUST00271,15290.91,14937.78,14937.78,0.0,MATCHED,LOW,5.02,LOW,3.01,LOW
TXN000758,ORD000758,CUST00253,7047.26,6875.78,6875.78,0.0,MATCHED,LOW,2.42,LOW,1.45,LOW
TXN000759,ORD000759,CUST00231,23542.99,23215.19,23215.19,0.0,MATCHED,LOW,20.25,LOW,12.15,LOW
TXN000760,ORD000760,CUST00296,17652.03,17176.15,17176.15,0.0,MATCHED,LOW,12.65,LOW,7.59,LOW
TXN000761,ORD000761,CUST00501,7994.31,7881.6,7881.6,0.0,MATCHED,LOW,6.78,LOW,4.07,LOW
TXN000762,ORD000762,CUST00574,23349.14,15854.25,15854.25,0.0,MATCHED,LOW,56.85,MEDIUM,34.11,LOW
TXN000763,ORD000763,CUST00281,7265.96,7064.49,7064.49,0.0,MATCHED,LOW,8.75,LOW,5.25,LOW
TXN000764,ORD000764,CUST00693,13625.45,13328.15,13328.15,0.0,MATCHED,LOW,2.49,LOW,1.49,LOW
TXN000765,ORD000765,CUST00354,23869.76,23179.47,23179.47,0.0,MATCHED,LOW,48.44,MEDIUM,29.06,LOW
TXN000766,ORD000766,CUST00150,7332.27,7129.46,7129.46,0.0,MATCHED,LOW,8.32,LOW,4.99,LOW
TXN000767,ORD000767,CUST00081,8724.45,8514.08,8514.08,0.0,MATCHED,LOW,2.14,LOW,1.28,LOW
TXN000768,ORD000768,CUST00672,6485.45,6379.84,6379.84,0.0,MATCHED,LOW,4.68,LOW,2.81,LOW
TXN000769,ORD000769,CUST00220,5131.49,5028.52,5028.52,0.0,MATCHED,LOW,5.5,LOW,3.3,LOW
TXN000770,ORD000770,CUST00278,23332.3,22670.36,22670.36,0.0,MATCHED,LOW,41.59,MEDIUM,24.95,LOW
TXN000771,ORD000771,CUST00279,3518.1,3436.81,3436.81,0.0,MATCHED,LOW,7.62,LOW,4.57,LOW
TXN000772,ORD000772,CUST00601,6058.12,5887.69,5887.69,0.0,MATCHED,LOW,9.77,LOW,5.86,LOW
TXN000773,ORD000773,CUST00686,22639.09,22261.2,22261.2,0.0,MATCHED,LOW,15.13,LOW,9.08,LOW
TXN000774,ORD000774,CUST00654,5897.63,5783.47,5783.47,0.0,MATCHED,LOW,3.77,LOW,2.26,LOW
TXN000775,ORD000775,CUST00424,8324.31,8092.98,8092.98,0.0,MATCHED,LOW,8.44,LOW,5.06,LOW
TXN000776,ORD000776,CUST00103,17061.68,16627.85,16627.85,0.0,MATCHED,LOW,7.83,LOW,4.7,LOW
TXN000777,ORD000777,CUST00006,24116.52,23693.89,23693.89,0.0,MATCHED,LOW,20.01,LOW,12.01,LOW
TXN000778,ORD000778,CUST00417,16357.03,16117.12,16117.12,0.0,MATCHED,LOW,5.53,LOW,3.32,LOW
TXN000779,ORD000779,CUST00489,16298.41,16084.75,16084.75,0.0,MATCHED,LOW,8.73,LOW,5.24,LOW
TXN000780,ORD000780,CUST00295,8097.08,7890.16,7890.16,0.0,MATCHED,LOW,3.82,LOW,2.29,LOW
TXN000781,ORD000781,CUST00061,22707.63,22285.83,22285.83,0.0,MATCHED,LOW,14.35,LOW,8.61,LOW
TXN000782,ORD000782,CUST00668,14395.92,14141.29,14141.29,0.0,MATCHED,LOW,3.53,LOW,2.12,LOW
TXN000783,ORD000783,CUST00039,22839.42,22545.64,22545.64,0.0,MATCHED,LOW,22.65,LOW,13.59,LOW
TXN000784,ORD000784,CUST00428,22067.9,21434.24,,21434.24,MISSING_SETTLEMENT,CRITICAL,96.68,CRITICAL,95.18,CRITICAL
TXN000785,ORD000785,CUST00038,24929.58,24518.62,24518.62,0.0,MATCHED,LOW,27.86,LOW,16.72,LOW
TXN000786,ORD000786,CUST00508,4739.16,4646.28,4646.28,0.0,MATCHED,LOW,6.15,LOW,3.69,LOW
TXN000787,ORD000787,CUST00297,21930.9,21481.24,21481.24,0.0,MATCHED,LOW,12.86,LOW,7.72,LOW
TXN000788,ORD000788,CUST00306,14242.25,13840.11,13840.11,0.0,MATCHED,LOW,11.97,LOW,7.18,LOW
TXN000789,ORD000789,CUST00344,7185.59,7023.17,,7023.17,MISSING_SETTLEMENT,CRITICAL,72.39,HIGH,56.18,MEDIUM
TXN000790,ORD000790,CUST00557,13155.53,12958.74,12356.53,602.21,UNDER_SETTLED,MEDIUM,27.94,LOW,18.29,LOW
TXN000791,ORD000791,CUST00517,11753.72,11512.66,11512.66,0.0,MATCHED,LOW,1.15,LOW,0.69,LOW
TXN000792,ORD000792,CUST00116,8334.03,8214.46,8214.46,0.0,MATCHED,LOW,6.77,LOW,4.06,LOW
TXN000793,ORD000793,CUST00470,16242.3,15829.64,15829.64,0.0,MATCHED,LOW,6.16,LOW,3.7,LOW
TXN000794,ORD000794,CUST00191,450.7,443.64,443.64,0.0,MATCHED,LOW,26.42,LOW,15.85,LOW
TXN000795,ORD000795,CUST00303,14237.75,13907.62,13907.62,0.0,MATCHED,LOW,2.14,LOW,1.28,LOW
TXN000796,ORD000796,CUST00198,4469.82,3743.89,3743.89,0.0,MATCHED,LOW,29.24,LOW,17.54,LOW
TXN000797,ORD000797,CUST00416,20692.05,20185.87,20185.87,0.0,MATCHED,LOW,11.3,LOW,6.78,LOW
TXN000798,ORD000798,CUST00336,2259.77,2228.97,2228.97,0.0,MATCHED,LOW,17.73,LOW,10.64,LOW
TXN000799,ORD000799,CUST00098,4701.05,4639.51,4639.51,0.0,MATCHED,LOW,12.32,LOW,7.39,LOW
TXN000800,ORD000800,CUST00489,8157.68,7978.92,7978.92,0.0,MATCHED,LOW,1.3,LOW,0.78,LOW
TXN000801,ORD000801,CUST00007,6593.55,6486.5,6486.5,0.0,MATCHED,LOW,4.36,LOW,2.62,LOW
TXN000802,ORD000802,CUST00458,18868.54,18496.98,18496.98,0.0,MATCHED,LOW,6.03,LOW,3.62,LOW
TXN000803,ORD000803,CUST00310,14603.27,14199.23,14199.23,0.0,MATCHED,LOW,10.56,LOW,6.34,LOW
TXN000804,ORD000804,CUST00012,6612.67,6517.22,6517.22,0.0,MATCHED,LOW,6.51,LOW,3.91,LOW
TXN000805,ORD000805,CUST00242,1646.9,1608.8,1608.8,0.0,MATCHED,LOW,14.84,LOW,8.9,LOW
TXN000806,ORD000806,CUST00477,7739.48,7520.35,7520.35,0.0,MATCHED,LOW,9.42,LOW,5.65,LOW
TXN000807,ORD000807,CUST00515,23085.34,22541.37,22541.37,0.0,MATCHED,LOW,22.18,LOW,13.31,LOW
TXN000808,ORD000808,CUST00319,17288.23,17002.69,17002.69,0.0,MATCHED,LOW,5.55,LOW,3.33,LOW
TXN000809,ORD000809,CUST00303,9251.84,9028.03,9028.03,0.0,MATCHED,LOW,1.94,LOW,1.16,LOW
TXN000810,ORD000810,CUST00225,23938.28,14426.68,14426.68,0.0,MATCHED,LOW,71.25,HIGH,42.75,MEDIUM
TXN000811,ORD000811,CUST00157,11428.97,11177.87,11177.87,0.0,MATCHED,LOW,1.17,LOW,0.7,LOW
TXN000812,ORD000812,CUST00383,10454.56,10235.82,10235.82,0.0,MATCHED,LOW,0.88,LOW,0.53,LOW
TXN000813,ORD000813,CUST00483,18958.03,18418.94,18418.94,0.0,MATCHED,LOW,20.61,LOW,12.37,LOW
TXN000814,ORD000814,CUST00681,20657.53,20234.36,20234.36,0.0,MATCHED,LOW,8.74,LOW,5.24,LOW
TXN000815,ORD000815,CUST00254,17040.51,16707.92,16707.92,0.0,MATCHED,LOW,4.6,LOW,2.76,LOW
TXN000816,ORD000816,CUST00084,13185.12,12832.56,12832.56,0.0,MATCHED,LOW,6.53,LOW,3.92,LOW
TXN000817,ORD000817,CUST00371,2044.76,1992.37,1992.37,0.0,MATCHED,LOW,14.54,LOW,8.72,LOW
TXN000818,ORD000818,CUST00115,1637.78,1595.69,1595.69,0.0,MATCHED,LOW,16.8,LOW,10.08,LOW
TXN000819,ORD000819,CUST00518,5133.7,5024.04,5024.04,0.0,MATCHED,LOW,6.05,LOW,3.63,LOW
TXN000820,ORD000820,CUST00154,4196.98,4147.21,4147.21,0.0,MATCHED,LOW,16.28,LOW,9.77,LOW
TXN000821,ORD000821,CUST00453,2994.38,2908.48,2908.48,0.0,MATCHED,LOW,16.28,LOW,9.77,LOW
TXN000822,ORD000822,CUST00598,12271.82,11949.34,11949.34,0.0,MATCHED,LOW,4.98,LOW,2.99,LOW
TXN000823,ORD000823,CUST00457,20236.43,19824.98,19824.98,0.0,MATCHED,LOW,7.52,LOW,4.51,LOW
TXN000824,ORD000824,CUST00136,12879.87,12598.57,12598.57,0.0,MATCHED,LOW,2.99,LOW,1.79,LOW
TXN000825,ORD000825,CUST00578,1537.65,1494.06,1494.06,0.0,MATCHED,LOW,20.22,LOW,12.13,LOW
TXN000826,ORD000826,CUST00689,20192.19,19825.65,19825.65,0.0,MATCHED,LOW,9.4,LOW,5.64,LOW
TXN000827,ORD000827,CUST00023,9959.12,9721.41,,9721.41,MISSING_SETTLEMENT,CRITICAL,77.11,HIGH,63.59,HIGH
TXN000828,ORD000828,CUST00224,14499.95,14226.04,14226.04,0.0,MATCHED,LOW,2.29,LOW,1.37,LOW
TXN000829,ORD000829,CUST00434,8678.77,8479.23,8479.23,0.0,MATCHED,LOW,1.73,LOW,1.04,LOW
TXN000830,ORD000830,CUST00555,24853.68,24138.61,24138.61,0.0,MATCHED,LOW,54.98,MEDIUM,32.99,LOW
TXN000831,ORD000831,CUST00484,890.2,878.27,878.27,0.0,MATCHED,LOW,24.45,LOW,14.67,LOW
TXN000832,ORD000832,CUST00185,19247.4,18838.14,18838.14,0.0,MATCHED,LOW,7.66,LOW,4.6,LOW
TXN000833,ORD000833,CUST00657,24460.5,23755.83,22639.07,1116.76,UNDER_SETTLED,MEDIUM,71.46,HIGH,45.28,MEDIUM
TXN000834,ORD000834,CUST00431,9424.08,9299.46,9299.46,0.0,MATCHED,LOW,9.67,LOW,5.8,LOW
TXN000835,ORD000835,CUST00460,21753.55,21319.88,21319.88,0.0,MATCHED,LOW,12.25,LOW,7.35,LOW
TXN000836,ORD000836,CUST00385,2098.22,2044.99,2044.99,0.0,MATCHED,LOW,12.94,LOW,7.76,LOW
TXN000837,ORD000837,CUST00553,3411.45,3332.08,3332.08,0.0,MATCHED,LOW,8.07,LOW,4.84,LOW
TXN000838,ORD000838,CUST00122,4543.99,4476.16,4476.16,0.0,MATCHED,LOW,9.91,LOW,5.95,LOW
TXN000839,ORD000839,CUST00403,13268.18,13102.38,13102.38,0.0,MATCHED,LOW,9.34,LOW,5.6,LOW
TXN000840,ORD000840,CUST00229,20887.06,20498.57,20498.57,0.0,MATCHED,LOW,10.65,LOW,6.39,LOW
TXN000841,ORD000841,CUST00024,24464.42,24093.03,24093.03,0.0,MATCHED,LOW,24.28,LOW,14.57,LOW
TXN000842,ORD000842,CUST00690,18005.44,2638.19,2638.19,0.0,MATCHED,LOW,67.48,HIGH,40.49,MEDIUM
TXN000843,ORD000843,CUST00545,9543.98,9279.92,9279.92,0.0,MATCHED,LOW,8.2,LOW,4.92,LOW
TXN000844,ORD000844,CUST00254,11569.57,11303.9,11303.9,0.0,MATCHED,LOW,1.17,LOW,0.7,LOW
TXN000845,ORD000845,CUST00283,4793.16,4706.12,4706.12,0.0,MATCHED,LOW,6.68,LOW,4.01,LOW
TXN000846,ORD000846,CUST00116,902.21,890.21,890.21,0.0,MATCHED,LOW,24.37,LOW,14.62,LOW
TXN000847,ORD000847,CUST00430,15411.59,15057.12,15057.12,0.0,MATCHED,LOW,5.72,LOW,3.43,LOW
TXN000848,ORD000848,CUST00247,5231.43,5101.61,5101.61,0.0,MATCHED,LOW,7.92,LOW,4.75,LOW
TXN000849,ORD000849,CUST00609,936.05,922.68,922.68,0.0,MATCHED,LOW,22.68,LOW,13.61,LOW
TXN000850,ORD000850,CUST00689,17611.83,17343.82,17343.82,0.0,MATCHED,LOW,6.29,LOW,3.77,LOW
TXN000851,ORD000851,CUST00251,18539.47,3126.47,3126.47,0.0,MATCHED,LOW,67.41,HIGH,40.45,MEDIUM
TXN000852,ORD000852,CUST00450,5935.05,5802.72,5802.72,0.0,MATCHED,LOW,3.82,LOW,2.29,LOW
TXN000853,ORD000853,CUST00058,3589.38,3515.95,3515.95,0.0,MATCHED,LOW,7.65,LOW,4.59,LOW
TXN000854,ORD000854,CUST00240,20413.08,20149.44,20149.44,0.0,MATCHED,LOW,14.57,LOW,8.74,LOW
TXN000855,ORD000855,CUST00590,8040.7,7868.89,7868.89,0.0,MATCHED,LOW,1.77,LOW,1.06,LOW
TXN000856,ORD000856,CUST00689,20477.72,20124.55,20124.55,0.0,MATCHED,LOW,10.32,LOW,6.19,LOW
TXN000857,ORD000857,CUST00310,21918.83,21453.04,21453.04,0.0,MATCHED,LOW,13.46,LOW,8.08,LOW
TXN000858,ORD000858,CUST00534,5603.96,5455.08,5455.08,0.0,MATCHED,LOW,9.26,LOW,5.56,LOW
TXN000859,ORD000859,CUST00282,1617.85,1585.9,1585.9,0.0,MATCHED,LOW,14.34,LOW,8.6,LOW
TXN000860,ORD000860,CUST00180,15687.23,15225.61,15225.61,0.0,MATCHED,LOW,17.97,LOW,10.78,LOW
TXN000861,ORD000861,CUST00570,12440.96,12286.0,12286.0,0.0,MATCHED,LOW,10.55,LOW,6.33,LOW
TXN000862,ORD000862,CUST00659,16816.43,16601.32,16601.32,0.0,MATCHED,LOW,11.05,LOW,6.63,LOW
TXN000863,ORD000863,CUST00538,8036.49,7829.6,7829.6,0.0,MATCHED,LOW,4.59,LOW,2.75,LOW
TXN000864,ORD000864,CUST00419,3815.52,3767.6,3767.6,0.0,MATCHED,LOW,15.84,LOW,9.5,LOW
TXN000865,ORD000865,CUST00189,18884.96,18622.61,18622.61,0.0,MATCHED,LOW,9.79,LOW,5.87,LOW
TXN000866,ORD000866,CUST00247,21248.59,20694.31,20694.31,0.0,MATCHED,LOW,17.58,LOW,10.55,LOW
TXN000867,ORD000867,CUST00148,20163.83,19687.74,,19687.74,MISSING_SETTLEMENT,CRITICAL,94.33,CRITICAL,90.81,CRITICAL
TXN000868,ORD000868,CUST00576,10375.67,10169.05,10169.05,0.0,MATCHED,LOW,0.8,LOW,0.48,LOW
TXN000869,ORD000869,CUST00571,13296.8,12980.31,12980.31,0.0,MATCHED,LOW,1.66,LOW,1.0,LOW
TXN000870,ORD000870,CUST00249,6449.39,6273.49,6273.49,0.0,MATCHED,LOW,7.53,LOW,4.52,LOW
TXN000871,ORD000871,CUST00663,2068.85,2038.98,2038.98,0.0,MATCHED,LOW,16.77,LOW,10.06,LOW
TXN000872,ORD000872,CUST00380,2402.35,619.38,619.38,0.0,MATCHED,LOW,47.86,MEDIUM,28.72,LOW
TXN000873,ORD000873,CUST00196,1383.26,1344.3,1344.3,0.0,MATCHED,LOW,21.67,LOW,13.0,LOW
TXN000874,ORD000874,CUST00690,15163.74,14974.9,14974.9,0.0,MATCHED,LOW,10.91,LOW,6.55,LOW
TXN000875,ORD000875,CUST00075,4785.27,90.91,90.91,0.0,MATCHED,LOW,61.87,HIGH,37.12,MEDIUM
TXN000876,ORD000876,CUST00602,18135.2,17711.33,17711.33,0.0,MATCHED,LOW,6.26,LOW,3.76,LOW
TXN000877,ORD000877,CUST00223,12036.92,11794.49,11794.49,0.0,MATCHED,LOW,0.84,LOW,0.5,LOW
TXN000878,ORD000878,CUST00311,23929.79,23258.58,23258.58,0.0,MATCHED,LOW,43.62,MEDIUM,26.17,LOW
TXN000879,ORD000879,CUST00217,23435.28,19584.43,19584.43,0.0,MATCHED,LOW,41.6,MEDIUM,24.96,LOW
TXN000880,ORD000880,CUST00121,18697.29,18244.57,18244.57,0.0,MATCHED,LOW,9.22,LOW,5.53,LOW
TXN000881,ORD000881,CUST00491,22869.59,22546.88,22546.88,0.0,MATCHED,LOW,17.17,LOW,10.3,LOW
TXN000882,ORD000882,CUST00619,17623.84,17362.15,16227.9,1134.25,UNDER_SETTLED,MEDIUM,38.68,MEDIUM,25.64,LOW
TXN000883,ORD000883,CUST00246,13846.77,13671.14,13671.14,0.0,MATCHED,LOW,10.46,LOW,6.28,LOW
TXN000884,ORD000884,CUST00290,9578.48,9413.35,9413.35,0.0,MATCHED,LOW,2.97,LOW,1.78,LOW
TXN000885,ORD000885,CUST00665,9045.56,8811.74,8811.74,0.0,MATCHED,LOW,4.45,LOW,2.67,LOW
TXN000886,ORD000886,CUST00369,12869.13,12613.36,12613.36,0.0,MATCHED,LOW,0.73,LOW,0.44,LOW
TXN000887,ORD000887,CUST00478,2555.34,2517.46,2517.46,0.0,MATCHED,LOW,14.0,LOW,8.4,LOW
TXN000888,ORD000888,CUST00481,19064.56,346.04,346.04,0.0,MATCHED,LOW,74.76,HIGH,44.86,MEDIUM
TXN000889,ORD000889,CUST00209,9330.55,9085.39,9085.39,0.0,MATCHED,LOW,5.33,LOW,3.2,LOW
TXN000890,ORD000890,CUST00047,14106.87,13913.86,13913.86,0.0,MATCHED,LOW,7.94,LOW,4.76,LOW
TXN000891,ORD000891,CUST00150,503.88,493.5,493.5,0.0,MATCHED,LOW,22.65,LOW,13.59,LOW
TXN000892,ORD000892,CUST00599,14520.66,14143.92,14143.92,0.0,MATCHED,LOW,8.21,LOW,4.93,LOW
TXN000893,ORD000893,CUST00303,3895.04,3833.87,3833.87,0.0,MATCHED,LOW,8.76,LOW,5.26,LOW
TXN000894,ORD000894,CUST00236,9558.01,9309.14,9309.14,0.0,MATCHED,LOW,4.66,LOW,2.8,LOW
TXN000895,ORD000895,CUST00512,13811.0,13543.84,13543.84,0.0,MATCHED,LOW,1.9,LOW,1.14,LOW
TXN000896,ORD000896,CUST00346,6507.44,6337.18,6337.18,0.0,MATCHED,LOW,5.76,LOW,3.46,LOW
TXN000897,ORD000897,CUST00658,18515.89,17975.51,17975.51,0.0,MATCHED,LOW,24.06,LOW,14.44,LOW
TXN000898,ORD000898,CUST00173,18346.03,17909.25,17909.25,0.0,MATCHED,LOW,7.17,LOW,4.3,LOW
TXN000899,ORD000899,CUST00174,3584.97,3522.09,3522.09,0.0,MATCHED,LOW,8.88,LOW,5.33,LOW
TXN000900,ORD000900,CUST00501,4682.79,4546.65,4546.65,0.0,MATCHED,LOW,15.66,LOW,9.4,LOW
TXN000901,ORD000901,CUST00658,23935.2,17941.4,17941.4,0.0,MATCHED,LOW,51.94,MEDIUM,31.16,LOW
TXN000902,ORD000902,CUST00035,20992.81,11051.79,11051.79,0.0,MATCHED,LOW,53.2,MEDIUM,31.92,LOW
TXN000903,ORD000903,CUST00685,1308.01,1273.21,1273.21,0.0,MATCHED,LOW,20.26,LOW,12.16,LOW
TXN000904,ORD000904,CUST00423,3523.54,3432.5,3432.5,0.0,MATCHED,LOW,10.11,LOW,6.07,LOW
TXN000905,ORD000905,CUST00237,1792.4,1747.01,1747.01,0.0,MATCHED,LOW,14.43,LOW,8.66,LOW
TXN000906,ORD000906,CUST00010,5546.12,5422.46,5422.46,0.0,MATCHED,LOW,5.9,LOW,3.54,LOW
TXN000907,ORD000907,CUST00383,1605.21,1576.74,1576.74,0.0,MATCHED,LOW,16.4,LOW,9.84,LOW
TXN000908,ORD000908,CUST00683,23354.2,23028.71,23028.71,0.0,MATCHED,LOW,19.77,LOW,11.86,LOW
TXN000909,ORD000909,CUST00676,12247.57,12072.43,12072.43,0.0,MATCHED,LOW,6.81,LOW,4.09,LOW
TXN000910,ORD000910,CUST00545,13835.92,13570.99,13570.99,0.0,MATCHED,LOW,2.13,LOW,1.28,LOW
TXN000911,ORD000911,CUST00018,13282.5,12962.07,12962.07,0.0,MATCHED,LOW,1.68,LOW,1.01,LOW
TXN000912,ORD000912,CUST00549,24439.24,23911.46,23911.46,0.0,MATCHED,LOW,27.61,LOW,16.57,LOW
TXN000913,ORD000913,CUST00515,20347.61,19949.53,19949.53,0.0,MATCHED,LOW,8.53,LOW,5.12,LOW
TXN000914,ORD000914,CUST00441,20173.58,19605.0,19605.0,0.0,MATCHED,LOW,21.43,LOW,12.86,LOW
TXN000915,ORD000915,CUST00110,22959.42,22671.96,22671.96,0.0,MATCHED,LOW,24.38,LOW,14.63,LOW
TXN000916,ORD000916,CUST00153,6100.12,6017.34,6017.34,0.0,MATCHED,LOW,8.05,LOW,4.83,LOW
TXN000917,ORD000917,CUST00540,6385.21,6214.1,6214.1,0.0,MATCHED,LOW,6.43,LOW,3.86,LOW
TXN000918,ORD000918,CUST00274,19893.91,19443.5,19443.5,0.0,MATCHED,LOW,9.37,LOW,5.62,LOW
TXN000919,ORD000919,CUST00383,23986.52,23373.31,23373.31,0.0,MATCHED,LOW,31.01,LOW,18.61,LOW
TXN000920,ORD000920,CUST00579,6155.88,6081.54,,6081.54,MISSING_SETTLEMENT,CRITICAL,77.4,HIGH,57.59,MEDIUM
TXN000921,ORD000921,CUST00232,7569.37,7414.81,7414.81,0.0,MATCHED,LOW,1.19,LOW,0.71,LOW
TXN000922,ORD000922,CUST00670,24792.7,24497.36,24497.36,0.0,MATCHED,LOW,34.12,LOW,20.47,LOW
TXN000923,ORD000923,CUST00033,2428.16,2391.79,2391.79,0.0,MATCHED,LOW,14.41,LOW,8.65,LOW
TXN000924,ORD000924,CUST00387,13862.27,13676.82,13676.82,0.0,MATCHED,LOW,8.28,LOW,4.97,LOW
TXN000925,ORD000925,CUST00653,335.31,327.49,327.49,0.0,MATCHED,LOW,25.36,LOW,15.22,LOW
TXN000926,ORD000926,CUST00085,12546.47,12201.46,12201.46,0.0,MATCHED,LOW,8.24,LOW,4.94,LOW
TXN000927,ORD000927,CUST00661,19630.97,19254.7,19254.7,0.0,MATCHED,LOW,7.52,LOW,4.51,LOW
TXN000928,ORD000928,CUST00098,22380.3,21796.38,21796.38,0.0,MATCHED,LOW,24.42,LOW,14.65,LOW
TXN000929,ORD000929,CUST00236,5364.28,5227.62,5227.62,0.0,MATCHED,LOW,8.05,LOW,4.83,LOW
TXN000930,ORD000930,CUST00581,11939.96,11652.75,11652.75,0.0,MATCHED,LOW,2.56,LOW,1.54,LOW
TXN000931,ORD000931,CUST00077,17142.28,16877.45,16877.45,0.0,MATCHED,LOW,6.12,LOW,3.67,LOW
TXN000932,ORD000932,CUST00557,14131.4,13804.61,13804.61,0.0,MATCHED,LOW,2.24,LOW,1.34,LOW
TXN000933,ORD000933,CUST00184,23226.28,22737.17,22737.17,0.0,MATCHED,LOW,17.52,LOW,10.51,LOW
TXN000934,ORD000934,CUST00017,24040.58,23581.57,23581.57,0.0,MATCHED,LOW,19.44,LOW,11.66,LOW
TXN000935,ORD000935,CUST00148,18831.14,18296.26,18296.26,0.0,MATCHED,LOW,20.29,LOW,12.17,LOW
TXN000936,ORD000936,CUST00408,23228.99,22703.87,22703.87,0.0,MATCHED,LOW,21.47,LOW,12.88,LOW
TXN000937,ORD000937,CUST00167,14142.56,13966.26,13966.26,0.0,MATCHED,LOW,10.63,LOW,6.38,LOW
TXN000938,ORD000938,CUST00399,16958.17,16704.03,16704.03,0.0,MATCHED,LOW,6.51,LOW,3.91,LOW
TXN000939,ORD000939,CUST00340,9657.77,9458.36,9458.36,0.0,MATCHED,LOW,1.72,LOW,1.03,LOW
TXN000940,ORD000940,CUST00144,19783.4,19217.19,19217.19,0.0,MATCHED,LOW,21.99,LOW,13.19,LOW
TXN000941,ORD000941,CUST00081,12569.74,9834.53,9834.53,0.0,MATCHED,LOW,22.68,LOW,13.61,LOW
TXN000942,ORD000942,CUST00055,2532.38,2467.42,2467.42,0.0,MATCHED,LOW,13.3,LOW,7.98,LOW
TXN000943,ORD000943,CUST00078,8580.76,8426.68,8426.68,0.0,MATCHED,LOW,3.97,LOW,2.38,LOW
TXN000944,ORD000944,CUST00629,23875.97,23592.3,22604.0,988.3,UNDER_SETTLED,MEDIUM,56.19,MEDIUM,35.9,MEDIUM
TXN000945,ORD000945,CUST00335,837.68,824.3,824.3,0.0,MATCHED,LOW,21.51,LOW,12.91,LOW
TXN000946,ORD000946,CUST00462,12316.03,12145.08,12145.08,0.0,MATCHED,LOW,7.64,LOW,4.58,LOW
TXN000947,ORD000947,CUST00567,23534.46,23035.9,23035.9,0.0,MATCHED,LOW,18.67,LOW,11.2,LOW
TXN000948,ORD000948,CUST00191,17024.4,4451.36,4451.36,0.0,MATCHED,LOW,59.22,MEDIUM,35.53,MEDIUM
TXN000949,ORD000949,CUST00390,2233.78,2193.12,2193.12,0.0,MATCHED,LOW,12.18,LOW,7.31,LOW
TXN000950,ORD000950,CUST00303,19971.57,19466.85,19466.85,0.0,MATCHED,LOW,10.59,LOW,6.35,LOW
TXN000951,ORD000951,CUST00076,2142.75,2097.0,2097.0,0.0,MATCHED,LOW,10.93,LOW,6.56,LOW
TXN000952,ORD000952,CUST00390,17820.76,17541.31,17541.31,0.0,MATCHED,LOW,6.78,LOW,4.07,LOW
TXN000953,ORD000953,CUST00158,18517.42,18046.43,18046.43,0.0,MATCHED,LOW,9.88,LOW,5.93,LOW
TXN000954,ORD000954,CUST00370,2753.12,2129.03,2129.03,0.0,MATCHED,LOW,25.04,LOW,15.02,LOW
TXN000955,ORD000955,CUST00316,11173.92,10987.4,10987.4,0.0,MATCHED,LOW,3.37,LOW,2.02,LOW
TXN000956,ORD000956,CUST00277,2645.56,2605.27,2605.27,0.0,MATCHED,LOW,13.17,LOW,7.9,LOW
TXN000957,ORD000957,CUST00192,10831.39,10550.86,10550.86,0.0,MATCHED,LOW,4.29,LOW,2.57,LOW
TXN000958,ORD000958,CUST00569,12859.78,12552.06,12552.06,0.0,MATCHED,LOW,1.74,LOW,1.04,LOW
TXN000959,ORD000959,CUST00027,2331.51,880.08,880.08,0.0,MATCHED,LOW,48.43,MEDIUM,29.06,LOW
TXN000960,ORD000960,CUST00096,14963.42,14661.2,14661.2,0.0,MATCHED,LOW,2.57,LOW,1.54,LOW
TXN000961,ORD000961,CUST00333,21606.58,21284.19,21284.19,0.0,MATCHED,LOW,13.36,LOW,8.02,LOW
TXN000962,ORD000962,CUST00299,10403.87,10157.7,10157.7,0.0,MATCHED,LOW,0.57,LOW,0.34,LOW
TXN000963,ORD000963,CUST00087,18148.61,17920.61,17920.61,0.0,MATCHED,LOW,11.91,LOW,7.15,LOW
TXN000964,ORD000964,CUST00249,14341.81,14008.87,14008.87,0.0,MATCHED,LOW,2.16,LOW,1.3,LOW
TXN000965,ORD000965,CUST00390,4320.59,4247.81,4247.81,0.0,MATCHED,LOW,7.15,LOW,4.29,LOW
TXN000966,ORD000966,CUST00309,6783.33,5359.12,5359.12,0.0,MATCHED,LOW,21.84,LOW,13.1,LOW
TXN000967,ORD000967,CUST00065,4263.46,4187.93,4187.93,0.0,MATCHED,LOW,7.87,LOW,4.72,LOW
TXN000968,ORD000968,CUST00432,7563.83,7366.78,7366.78,0.0,MATCHED,LOW,5.61,LOW,3.37,LOW
TXN000969,ORD000969,CUST00079,9092.01,8862.68,8862.68,0.0,MATCHED,LOW,3.06,LOW,1.84,LOW
TXN000970,ORD000970,CUST00641,12445.48,2491.62,2491.62,0.0,MATCHED,LOW,58.06,MEDIUM,34.84,LOW
TXN000971,ORD000971,CUST00201,11500.75,11214.32,11214.32,0.0,MATCHED,LOW,3.64,LOW,2.18,LOW
TXN000972,ORD000972,CUST00312,268.51,260.95,260.95,0.0,MATCHED,LOW,32.13,LOW,19.28,LOW
TXN000973,ORD000973,CUST00341,21056.17,20742.16,20742.16,0.0,MATCHED,LOW,12.82,LOW,7.69,LOW
TXN000974,ORD000974,CUST00338,11061.55,10777.23,10777.23,0.0,MATCHED,LOW,4.53,LOW,2.72,LOW
TXN000975,ORD000975,CUST00667,24358.21,6627.25,6627.25,0.0,MATCHED,LOW,73.32,HIGH,43.99,MEDIUM
TXN000976,ORD000976,CUST00308,8084.56,7972.55,7972.55,0.0,MATCHED,LOW,6.82,LOW,4.09,LOW
TXN000977,ORD000977,CUST00206,12027.34,11694.88,11694.88,0.0,MATCHED,LOW,8.12,LOW,4.87,LOW
TXN000978,ORD000978,CUST00408,24221.26,23626.17,23626.17,0.0,MATCHED,LOW,31.26,LOW,18.76,LOW
TXN000979,ORD000979,CUST00649,12326.08,12051.32,12051.32,0.0,MATCHED,LOW,1.67,LOW,1.0,LOW
TXN000980,ORD000980,CUST00249,8214.57,8070.24,8070.24,0.0,MATCHED,LOW,3.66,LOW,2.2,LOW
TXN000981,ORD000981,CUST00403,9188.89,9048.14,9048.14,0.0,MATCHED,LOW,5.07,LOW,3.04,LOW
TXN000982,ORD000982,CUST00205,14846.45,14493.39,14493.39,0.0,MATCHED,LOW,4.29,LOW,2.57,LOW
TXN000983,ORD000983,CUST00185,17074.64,16774.73,16774.73,0.0,MATCHED,LOW,4.75,LOW,2.85,LOW
TXN000984,ORD000984,CUST00028,23829.81,23220.06,23220.06,0.0,MATCHED,LOW,29.69,LOW,17.81,LOW
TXN000985,ORD000985,CUST00215,11017.53,9675.91,9675.91,0.0,MATCHED,LOW,16.47,LOW,9.88,LOW
TXN000986,ORD000986,CUST00071,20492.24,20214.86,20214.86,0.0,MATCHED,LOW,15.04,LOW,9.02,LOW
TXN000987,ORD000987,CUST00419,16857.14,16438.1,16438.1,0.0,MATCHED,LOW,6.27,LOW,3.76,LOW
TXN000988,ORD000988,CUST00649,7640.53,7432.73,7432.73,0.0,MATCHED,LOW,7.81,LOW,4.69,LOW
TXN000989,ORD000989,CUST00675,3938.17,3865.52,3865.52,0.0,MATCHED,LOW,7.23,LOW,4.34,LOW
TXN000990,ORD000990,CUST00387,1941.73,1911.24,1911.24,0.0,MATCHED,LOW,15.28,LOW,9.17,LOW
TXN000991,ORD000991,CUST00491,14597.88,14303.93,14303.93,0.0,MATCHED,LOW,2.09,LOW,1.25,LOW
TXN000992,ORD000992,CUST00519,23095.04,22624.5,22624.5,0.0,MATCHED,LOW,15.86,LOW,9.52,LOW
TXN000993,ORD000993,CUST00429,13636.77,13260.92,13260.92,0.0,MATCHED,LOW,10.2,LOW,6.12,LOW
TXN000994,ORD000994,CUST00369,17570.69,17318.28,17318.28,0.0,MATCHED,LOW,7.54,LOW,4.52,LOW
TXN000995,ORD000995,CUST00550,14886.12,14465.98,14465.98,0.0,MATCHED,LOW,11.78,LOW,7.07,LOW
TXN000996,ORD000996,CUST00112,19246.96,18864.84,18864.84,0.0,MATCHED,LOW,7.21,LOW,4.33,LOW
TXN000997,ORD000997,CUST00681,8939.72,8772.94,8772.94,0.0,MATCHED,LOW,2.45,LOW,1.47,LOW
TXN000998,ORD000998,CUST00628,1202.99,1185.89,1185.89,0.0,MATCHED,LOW,19.65,LOW,11.79,LOW
TXN000999,ORD000999,CUST00694,16203.92,15806.26,15806.26,0.0,MATCHED,LOW,6.68,LOW,4.01,LOW
TXN001000,ORD001000,CUST00340,24146.35,23591.3,23591.3,0.0,MATCHED,LOW,26.64,LOW,15.98,LOW
TXN001001,ORD001001,CUST00109,362.64,352.1,352.1,0.0,MATCHED,LOW,33.45,LOW,20.07,LOW
TXN001002,ORD001002,CUST00228,12815.84,12618.74,12618.74,0.0,MATCHED,LOW,4.82,LOW,2.89,LOW
TXN001003,ORD001003,CUST00572,14554.91,14350.39,14350.39,0.0,MATCHED,LOW,7.39,LOW,4.43,LOW
TXN001004,ORD001004,CUST00227,11199.89,10930.51,10930.51,0.0,MATCHED,LOW,1.72,LOW,1.03,LOW
TXN001005,ORD001005,CUST00475,19331.32,19082.8,19082.8,0.0,MATCHED,LOW,13.05,LOW,7.83,LOW
TXN001006,ORD001006,CUST00513,3853.55,3798.76,3798.76,0.0,MATCHED,LOW,10.97,LOW,6.58,LOW
TXN001007,ORD001007,CUST00495,2703.28,2630.63,2502.59,128.04,UNDER_SETTLED,LOW,26.4,LOW,16.57,LOW
TXN001008,ORD001008,CUST00088,2990.13,2930.58,2930.58,0.0,MATCHED,LOW,7.9,LOW,4.74,LOW
TXN001009,ORD001009,CUST00146,8773.38,8643.27,8643.27,0.0,MATCHED,LOW,5.87,LOW,3.52,LOW
TXN001010,ORD001010,CUST00467,19628.32,19277.34,19277.34,0.0,MATCHED,LOW,8.7,LOW,5.22,LOW
TXN001011,ORD001011,CUST00495,8772.68,8531.52,,8531.52,MISSING_SETTLEMENT,CRITICAL,76.99,HIGH,61.5,HIGH
TXN001012,ORD001012,CUST00449,18077.65,17671.19,17671.19,0.0,MATCHED,LOW,5.8,LOW,3.48,LOW
TXN001013,ORD001013,CUST00327,1772.64,1726.95,1726.95,0.0,MATCHED,LOW,15.93,LOW,9.56,LOW
TXN001014,ORD001014,CUST00118,662.37,647.08,647.08,0.0,MATCHED,LOW,21.41,LOW,12.85,LOW
TXN001015,ORD001015,CUST00664,2823.13,2759.26,2759.26,0.0,MATCHED,LOW,8.84,LOW,5.3,LOW
TXN001016,ORD001016,CUST00169,23255.07,22910.71,22910.71,0.0,MATCHED,LOW,18.23,LOW,10.94,LOW
TXN001017,ORD001017,CUST00250,12948.25,12573.12,12573.12,0.0,MATCHED,LOW,13.58,LOW,8.15,LOW
TXN001018,ORD001018,CUST00164,8341.64,8116.97,8116.97,0.0,MATCHED,LOW,6.2,LOW,3.72,LOW
TXN001019,ORD001019,CUST00474,5873.2,899.15,899.15,0.0,MATCHED,LOW,54.09,MEDIUM,32.45,LOW
TXN001020,ORD001020,CUST00645,4692.85,4566.3,4566.3,0.0,MATCHED,LOW,11.66,LOW,7.0,LOW
TXN001021,ORD001021,CUST00674,10860.15,10637.96,10637.96,0.0,MATCHED,LOW,0.0,LOW,0.0,LOW
TXN001022,ORD001022,CUST00629,22089.12,14885.24,14885.24,0.0,MATCHED,LOW,65.82,HIGH,39.49,MEDIUM
TXN001023,ORD001023,CUST00607,10795.87,10555.43,10555.43,0.0,MATCHED,LOW,0.65,LOW,0.39,LOW
TXN001024,ORD001024,CUST00220,5224.03,5084.99,5084.99,0.0,MATCHED,LOW,10.13,LOW,6.08,LOW
TXN001025,ORD001025,CUST00065,14475.96,14233.61,14233.61,0.0,MATCHED,LOW,3.25,LOW,1.95,LOW
TXN001026,ORD001026,CUST00550,4755.3,4637.75,4637.75,0.0,MATCHED,LOW,6.64,LOW,3.98,LOW
TXN001027,ORD001027,CUST00202,11493.01,11207.64,11207.64,0.0,MATCHED,LOW,3.48,LOW,2.09,LOW
TXN001028,ORD001028,CUST00687,21579.65,21230.79,21230.79,0.0,MATCHED,LOW,12.82,LOW,7.69,LOW
TXN001029,ORD001029,CUST00655,7903.76,7764.71,7764.71,0.0,MATCHED,LOW,4.47,LOW,2.68,LOW
TXN001030,ORD001030,CUST00626,9874.35,9656.56,9656.56,0.0,MATCHED,LOW,1.55,LOW,0.93,LOW
TXN001031,ORD001031,CUST00357,8864.42,8619.89,8619.89,0.0,MATCHED,LOW,8.1,LOW,4.86,LOW
TXN001032,ORD001032,CUST00633,4395.94,4298.02,4298.02,0.0,MATCHED,LOW,7.62,LOW,4.57,LOW
TXN001033,ORD001033,CUST00305,22975.2,22643.51,22643.51,0.0,MATCHED,LOW,17.26,LOW,10.36,LOW
TXN001034,ORD001034,CUST00087,16835.54,16465.93,16465.93,0.0,MATCHED,LOW,5.32,LOW,3.19,LOW
TXN001035,ORD001035,CUST00121,6040.46,5968.65,5968.65,0.0,MATCHED,LOW,12.23,LOW,7.34,LOW
TXN001036,ORD001036,CUST00188,9395.32,9121.45,9121.45,0.0,MATCHED,LOW,12.57,LOW,7.54,LOW
TXN001037,ORD001037,CUST00524,9772.74,9650.49,,9650.49,MISSING_SETTLEMENT,CRITICAL,79.16,HIGH,64.7,HIGH
TXN001038,ORD001038,CUST00142,14412.67,14122.53,14122.53,0.0,MATCHED,LOW,1.87,LOW,1.12,LOW
TXN001039,ORD001039,CUST00191,12218.09,11907.7,11907.7,0.0,MATCHED,LOW,2.27,LOW,1.36,LOW
TXN001040,ORD001040,CUST00661,23274.3,22985.81,22985.81,0.0,MATCHED,LOW,26.29,LOW,15.77,LOW
TXN001041,ORD001041,CUST00569,4254.95,4164.74,4164.74,0.0,MATCHED,LOW,7.0,LOW,4.2,LOW
TXN001042,ORD001042,CUST00144,4758.75,4662.23,4662.23,0.0,MATCHED,LOW,5.33,LOW,3.2,LOW
TXN001043,ORD001043,CUST00635,1434.92,1397.71,1397.71,0.0,MATCHED,LOW,18.96,LOW,11.38,LOW
TXN001044,ORD001044,CUST00010,12166.76,11846.33,11846.33,0.0,MATCHED,LOW,4.8,LOW,2.88,LOW
TXN001045,ORD001045,CUST00394,24099.34,23621.97,23621.97,0.0,MATCHED,LOW,19.96,LOW,11.98,LOW
TXN001046,ORD001046,CUST00669,12424.75,12225.25,12225.25,0.0,MATCHED,LOW,4.89,LOW,2.93,LOW
TXN001047,ORD001047,CUST00504,10449.2,10222.6,10222.6,0.0,MATCHED,LOW,1.4,LOW,0.84,LOW
TXN001048,ORD001048,CUST00501,4264.61,4213.35,4213.35,0.0,MATCHED,LOW,15.81,LOW,9.49,LOW
TXN001049,ORD001049,CUST00032,19917.43,19424.43,19424.43,0.0,MATCHED,LOW,10.01,LOW,6.01,LOW
TXN001050,ORD001050,CUST00300,914.11,887.95,887.95,0.0,MATCHED,LOW,24.61,LOW,14.77,LOW
TXN001051,ORD001051,CUST00551,7287.89,7184.77,7184.77,0.0,MATCHED,LOW,6.8,LOW,4.08,LOW
TXN001052,ORD001052,CUST00469,14184.7,13943.06,13943.06,0.0,MATCHED,LOW,3.3,LOW,1.98,LOW
TXN001053,ORD001053,CUST00508,13788.18,13467.42,13467.42,0.0,MATCHED,LOW,1.74,LOW,1.04,LOW
TXN001054,ORD001054,CUST00587,2943.75,2904.29,2904.29,0.0,MATCHED,LOW,15.74,LOW,9.44,LOW
TXN001055,ORD001055,CUST00557,20599.74,20181.72,20181.72,0.0,MATCHED,LOW,8.44,LOW,5.06,LOW
TXN001056,ORD001056,CUST00556,20583.01,20229.07,20229.07,0.0,MATCHED,LOW,10.78,LOW,6.47,LOW
TXN001057,ORD001057,CUST00452,13704.2,13371.89,12307.29,1064.6,UNDER_SETTLED,MEDIUM,40.91,MEDIUM,26.86,LOW
TXN001058,ORD001058,CUST00105,18426.12,17928.89,17928.89,0.0,MATCHED,LOW,12.59,LOW,7.55,LOW
TXN001059,ORD001059,CUST00254,7512.95,4041.24,4041.24,0.0,MATCHED,LOW,34.96,LOW,20.98,LOW
TXN001060,ORD001060,CUST00461,6644.1,6562.83,6562.83,0.0,MATCHED,LOW,10.3,LOW,6.18,LOW
TXN001061,ORD001061,CUST00450,21645.73,21216.04,21216.04,0.0,MATCHED,LOW,12.02,LOW,7.21,LOW
TXN001062,ORD001062,CUST00243,5325.97,5190.36,5190.36,0.0,MATCHED,LOW,8.01,LOW,4.81,LOW
TXN001063,ORD001063,CUST00603,17259.43,718.99,718.99,0.0,MATCHED,LOW,75.39,HIGH,45.23,MEDIUM
TXN001064,ORD001064,CUST00625,15855.99,15555.13,15555.13,0.0,MATCHED,LOW,3.58,LOW,2.15,LOW
TXN001065,ORD001065,CUST00631,3566.95,3474.99,3474.99,0.0,MATCHED,LOW,9.89,LOW,5.93,LOW
TXN001066,ORD001066,CUST00212,20155.47,19785.49,19785.49,0.0,MATCHED,LOW,8.3,LOW,4.98,LOW
TXN001067,ORD001067,CUST00360,13353.79,13086.47,13086.47,0.0,MATCHED,LOW,1.24,LOW,0.74,LOW
TXN001068,ORD001068,CUST00552,4292.6,4193.82,4193.82,0.0,MATCHED,LOW,7.89,LOW,4.73,LOW
TXN001069,ORD001069,CUST00300,7304.4,7106.97,7106.97,0.0,MATCHED,LOW,7.06,LOW,4.24,LOW
TXN001070,ORD001070,CUST00527,24638.66,24317.09,24317.09,0.0,MATCHED,LOW,28.89,LOW,17.33,LOW
TXN001071,ORD001071,CUST00098,3476.16,3380.17,3380.17,0.0,MATCHED,LOW,13.38,LOW,8.03,LOW
TXN001072,ORD001072,CUST00422,22977.34,22570.82,21876.96,693.86,UNDER_SETTLED,MEDIUM,45.28,MEDIUM,28.85,LOW
TXN001073,ORD001073,CUST00672,3259.52,3219.18,3219.18,0.0,MATCHED,LOW,17.3,LOW,10.38,LOW
TXN001074,ORD001074,CUST00256,3741.46,3669.1,3669.1,0.0,MATCHED,LOW,7.62,LOW,4.57,LOW
TXN001075,ORD001075,CUST00254,19060.69,2309.84,2309.84,0.0,MATCHED,LOW,69.27,HIGH,41.56,MEDIUM
TXN001076,ORD001076,CUST00403,12287.52,11936.77,11936.77,0.0,MATCHED,LOW,9.44,LOW,5.66,LOW
TXN001077,ORD001077,CUST00648,6791.06,6645.72,6645.72,0.0,MATCHED,LOW,2.69,LOW,1.61,LOW
TXN001078,ORD001078,CUST00385,11354.59,11060.94,11060.94,0.0,MATCHED,LOW,4.24,LOW,2.54,LOW
TXN001079,ORD001079,CUST00096,10130.98,9870.19,9870.19,0.0,MATCHED,LOW,3.56,LOW,2.14,LOW
TXN001080,ORD001080,CUST00285,17398.12,17167.89,17167.89,0.0,MATCHED,LOW,9.39,LOW,5.63,LOW
TXN001081,ORD001081,CUST00466,23761.33,23110.49,23110.49,0.0,MATCHED,LOW,39.75,MEDIUM,23.85,LOW
TXN001082,ORD001082,CUST00596,161.58,157.57,157.57,0.0,MATCHED,LOW,30.28,LOW,18.17,LOW
TXN001083,ORD001083,CUST00096,18300.21,18066.51,18066.51,0.0,MATCHED,LOW,11.44,LOW,6.86,LOW
TXN001084,ORD001084,CUST00651,16637.18,16162.49,16162.49,0.0,MATCHED,LOW,15.86,LOW,9.52,LOW
TXN001085,ORD001085,CUST00065,19912.38,19439.64,19439.64,0.0,MATCHED,LOW,9.02,LOW,5.41,LOW
TXN001086,ORD001086,CUST00224,24206.4,23540.3,23540.3,0.0,MATCHED,LOW,43.53,MEDIUM,26.12,LOW
TXN001087,ORD001087,CUST00507,6786.57,6693.16,6693.16,0.0,MATCHED,LOW,7.07,LOW,4.24,LOW
TXN001088,ORD001088,CUST00346,13728.03,1357.01,1357.01,0.0,MATCHED,LOW,59.82,MEDIUM,35.89,MEDIUM
TXN001089,ORD001089,CUST00580,21325.32,15013.51,15013.51,0.0,MATCHED,LOW,46.52,MEDIUM,27.91,LOW
TXN001090,ORD001090,CUST00352,22364.45,21955.84,21955.84,0.0,MATCHED,LOW,12.42,LOW,7.45,LOW
TXN001091,ORD001091,CUST00050,1243.98,1225.44,1225.44,0.0,MATCHED,LOW,18.51,LOW,11.11,LOW
TXN001092,ORD001092,CUST00471,505.41,494.45,494.45,0.0,MATCHED,LOW,23.3,LOW,13.98,LOW
TXN001093,ORD001093,CUST00452,11467.3,11318.38,11318.38,0.0,MATCHED,LOW,9.45,LOW,5.67,LOW
TXN001094,ORD001094,CUST00208,24892.78,24286.51,24286.51,0.0,MATCHED,LOW,38.1,MEDIUM,22.86,LOW
TXN001095,ORD001095,CUST00666,7616.45,7498.98,7498.98,0.0,MATCHED,LOW,5.3,LOW,3.18,LOW
TXN001096,ORD001096,CUST00096,16399.24,15920.9,15920.9,0.0,MATCHED,LOW,18.22,LOW,10.93,LOW
TXN001097,ORD001097,CUST00085,9358.91,9208.94,9208.94,0.0,MATCHED,LOW,4.71,LOW,2.83,LOW
TXN001098,ORD001098,CUST00170,1389.5,324.72,324.72,0.0,MATCHED,LOW,54.5,MEDIUM,32.7,LOW
TXN001099,ORD001099,CUST00313,18177.11,17808.67,17808.67,0.0,MATCHED,LOW,6.01,LOW,3.61,LOW
TXN001100,ORD001100,CUST00240,10787.85,10481.23,10481.23,0.0,MATCHED,LOW,7.69,LOW,4.61,LOW
TXN001101,ORD001101,CUST00098,127.05,124.24,124.24,0.0,MATCHED,LOW,30.63,LOW,18.38,LOW
TXN001102,ORD001102,CUST00080,3404.22,3306.26,3306.26,0.0,MATCHED,LOW,14.85,LOW,8.91,LOW
TXN001103,ORD001103,CUST00532,17031.57,16767.36,16767.36,0.0,MATCHED,LOW,6.06,LOW,3.64,LOW
TXN001104,ORD001104,CUST00009,17420.37,16985.09,16985.09,0.0,MATCHED,LOW,7.57,LOW,4.54,LOW
TXN001105,ORD001105,CUST00433,17381.37,17106.91,17106.91,0.0,MATCHED,LOW,6.1,LOW,3.66,LOW
TXN001106,ORD001106,CUST00073,5800.78,5696.11,5696.11,0.0,MATCHED,LOW,5.09,LOW,3.05,LOW
TXN001107,ORD001107,CUST00105,2669.72,2625.59,2625.59,0.0,MATCHED,LOW,11.44,LOW,6.86,LOW
TXN001108,ORD001108,CUST00307,3514.52,3430.73,3430.73,0.0,MATCHED,LOW,8.07,LOW,4.84,LOW
TXN001109,ORD001109,CUST00137,16075.25,15806.71,15806.71,0.0,MATCHED,LOW,4.36,LOW,2.62,LOW
TXN001110,ORD001110,CUST00147,1803.45,1780.15,1780.15,0.0,MATCHED,LOW,21.06,LOW,12.64,LOW
TXN001111,ORD001111,CUST00009,15296.95,15022.98,15022.98,0.0,MATCHED,LOW,3.97,LOW,2.38,LOW
TXN001112,ORD001112,CUST00451,8844.57,8664.09,8664.09,0.0,MATCHED,LOW,0.32,LOW,0.19,LOW
TXN001113,ORD001113,CUST00644,18731.89,18336.22,18336.22,0.0,MATCHED,LOW,7.86,LOW,4.72,LOW
TXN001114,ORD001114,CUST00631,17195.5,16955.24,16955.24,0.0,MATCHED,LOW,8.04,LOW,4.82,LOW
TXN001115,ORD001115,CUST00089,22425.16,21878.8,21878.8,0.0,MATCHED,LOW,20.96,LOW,12.58,LOW
TXN001116,ORD001116,CUST00127,14780.39,14428.53,14428.53,0.0,MATCHED,LOW,4.18,LOW,2.51,LOW
TXN001117,ORD001117,CUST00360,24084.89,23573.53,23573.53,0.0,MATCHED,LOW,21.72,LOW,13.03,LOW
TXN001118,ORD001118,CUST00144,6269.88,6163.46,6163.46,0.0,MATCHED,LOW,3.8,LOW,2.28,LOW
TXN001119,ORD001119,CUST00087,6279.36,3352.75,3352.75,0.0,MATCHED,LOW,34.32,LOW,20.59,LOW
TXN001120,ORD001120,CUST00615,18057.37,17588.63,17588.63,0.0,MATCHED,LOW,11.83,LOW,7.1,LOW
TXN001121,ORD001121,CUST00028,21212.51,20607.25,20607.25,0.0,MATCHED,LOW,26.41,LOW,15.85,LOW
TXN001122,ORD001122,CUST00309,5215.6,5079.39,5079.39,0.0,MATCHED,LOW,9.58,LOW,5.75,LOW
TXN001123,ORD001123,CUST00522,4797.3,4660.8,4660.8,0.0,MATCHED,LOW,13.69,LOW,8.21,LOW
TXN001124,ORD001124,CUST00303,16189.63,15979.79,15979.79,0.0,MATCHED,LOW,9.37,LOW,5.62,LOW
TXN001125,ORD001125,CUST00246,12422.7,12080.0,12080.0,0.0,MATCHED,LOW,7.82,LOW,4.69,LOW
TXN001126,ORD001126,CUST00247,12539.61,12290.02,12290.02,0.0,MATCHED,LOW,0.22,LOW,0.13,LOW
TXN001127,ORD001127,CUST00073,13254.33,13079.12,13079.12,0.0,MATCHED,LOW,8.4,LOW,5.04,LOW
TXN001128,ORD001128,CUST00370,23354.72,22707.94,22707.94,0.0,MATCHED,LOW,37.78,MEDIUM,22.67,LOW
TXN001129,ORD001129,CUST00397,21534.27,21170.25,21170.25,0.0,MATCHED,LOW,13.03,LOW,7.82,LOW
TXN001130,ORD001130,CUST00431,9198.77,8934.47,8934.47,0.0,MATCHED,LOW,10.45,LOW,6.27,LOW
TXN001131,ORD001131,CUST00177,19091.88,14572.33,14572.33,0.0,MATCHED,LOW,39.9,MEDIUM,23.94,LOW
TXN001132,ORD001132,CUST00075,515.57,506.97,506.97,0.0,MATCHED,LOW,24.28,LOW,14.57,LOW
TXN001133,ORD001133,CUST00015,6628.41,6468.41,6468.41,0.0,MATCHED,LOW,2.27,LOW,1.36,LOW
TXN001134,ORD001134,CUST00062,23722.13,23233.81,23233.81,0.0,MATCHED,LOW,18.86,LOW,11.32,LOW
TXN001135,ORD001135,CUST00519,7233.55,3053.15,3053.15,0.0,MATCHED,LOW,41.39,MEDIUM,24.83,LOW
TXN001136,ORD001136,CUST00514,19201.04,18797.5,18797.5,0.0,MATCHED,LOW,7.07,LOW,4.24,LOW
TXN001137,ORD001137,CUST00412,2152.45,2103.15,2103.15,0.0,MATCHED,LOW,12.28,LOW,7.37,LOW
TXN001138,ORD001138,CUST00551,15439.57,15177.27,15177.27,0.0,MATCHED,LOW,4.3,LOW,2.58,LOW
TXN001139,ORD001139,CUST00086,7816.68,7590.3,7590.3,0.0,MATCHED,LOW,11.35,LOW,6.81,LOW
TXN001140,ORD001140,CUST00209,24360.4,23839.49,23839.49,0.0,MATCHED,LOW,25.87,LOW,15.52,LOW
TXN001141,ORD001141,CUST00550,8236.08,8119.65,8119.65,0.0,MATCHED,LOW,6.39,LOW,3.83,LOW
TXN001142,ORD001142,CUST00650,19104.28,18761.62,18761.62,0.0,MATCHED,LOW,7.62,LOW,4.57,LOW
TXN001143,ORD001143,CUST00698,16114.55,15797.8,15797.8,0.0,MATCHED,LOW,3.85,LOW,2.31,LOW
TXN001144,ORD001144,CUST00448,18275.96,17851.76,17851.76,0.0,MATCHED,LOW,6.31,LOW,3.79,LOW
TXN001145,ORD001145,CUST00060,6187.55,6082.61,6082.61,0.0,MATCHED,LOW,3.85,LOW,2.31,LOW
TXN001146,ORD001146,CUST00119,11388.96,656.49,656.49,0.0,MATCHED,LOW,63.97,HIGH,38.38,MEDIUM
TXN001147,ORD001147,CUST00057,7801.32,7588.88,7588.88,0.0,MATCHED,LOW,7.73,LOW,4.64,LOW
TXN001148,ORD001148,CUST00674,18542.39,18247.34,18247.34,0.0,MATCHED,LOW,6.78,LOW,4.07,LOW
TXN001149,ORD001149,CUST00013,17726.73,17220.29,17220.29,0.0,MATCHED,LOW,15.94,LOW,9.56,LOW
TXN001150,ORD001150,CUST00012,4179.43,4082.42,4082.42,0.0,MATCHED,LOW,7.49,LOW,4.49,LOW
TXN001151,ORD001151,CUST00536,12978.85,12731.12,12731.12,0.0,MATCHED,LOW,1.19,LOW,0.71,LOW
TXN001152,ORD001152,CUST00266,4257.38,4181.32,4181.32,0.0,MATCHED,LOW,8.01,LOW,4.81,LOW
TXN001153,ORD001153,CUST00276,18350.1,17923.73,17923.73,0.0,MATCHED,LOW,6.63,LOW,3.98,LOW
TXN001154,ORD001154,CUST00031,8441.77,8293.4,8293.4,0.0,MATCHED,LOW,3.83,LOW,2.3,LOW
TXN001155,ORD001155,CUST00279,13143.97,12850.82,12850.82,0.0,MATCHED,LOW,2.13,LOW,1.28,LOW
TXN001156,ORD001156,CUST00591,15725.57,15346.05,15346.05,0.0,MATCHED,LOW,6.65,LOW,3.99,LOW
TXN001157,ORD001157,CUST00467,12818.47,12476.2,12476.2,0.0,MATCHED,LOW,7.11,LOW,4.27,LOW
TXN001158,ORD001158,CUST00512,21498.06,21074.96,21074.96,0.0,MATCHED,LOW,11.08,LOW,6.65,LOW
TXN001159,ORD001159,CUST00377,4017.02,3948.0,3948.0,0.0,MATCHED,LOW,7.09,LOW,4.25,LOW
TXN001160,ORD001160,CUST00106,22367.28,22051.11,22051.11,0.0,MATCHED,LOW,16.39,LOW,9.83,LOW
TXN001161,ORD001161,CUST00119,5787.27,5638.12,5638.12,0.0,MATCHED,LOW,7.7,LOW,4.62,LOW
TXN001162,ORD001162,CUST00003,1196.54,183.48,183.48,0.0,MATCHED,LOW,57.12,MEDIUM,34.27,LOW
TXN001163,ORD001163,CUST00251,1244.94,1224.53,1224.53,0.0,MATCHED,LOW,17.48,LOW,10.49,LOW
TXN001164,ORD001164,CUST00393,23013.64,22544.83,22544.83,0.0,MATCHED,LOW,15.29,LOW,9.17,LOW
TXN001165,ORD001165,CUST00037,13866.33,13464.46,13464.46,0.0,MATCHED,LOW,15.1,LOW,9.06,LOW
TXN001166,ORD001166,CUST00672,10542.3,10274.26,10274.26,0.0,MATCHED,LOW,2.8,LOW,1.68,LOW
TXN001167,ORD001167,CUST00255,10464.79,10332.54,10332.54,0.0,MATCHED,LOW,9.95,LOW,5.97,LOW
TXN001168,ORD001168,CUST00328,6854.32,6730.6,6730.6,0.0,MATCHED,LOW,3.97,LOW,2.38,LOW
TXN001169,ORD001169,CUST00586,9382.92,9196.48,8204.01,992.47,UNDER_SETTLED,MEDIUM,35.31,MEDIUM,23.38,LOW
TXN001170,ORD001170,CUST00690,22558.33,22225.71,22225.71,0.0,MATCHED,LOW,15.66,LOW,9.4,LOW
TXN001171,ORD001171,CUST00229,20128.02,19561.28,19561.28,0.0,MATCHED,LOW,21.0,LOW,12.6,LOW
TXN001172,ORD001172,CUST00411,1816.27,1771.95,1771.95,0.0,MATCHED,LOW,13.82,LOW,8.29,LOW
TXN001173,ORD001173,CUST00290,19360.83,19034.62,,19034.62,MISSING_SETTLEMENT,CRITICAL,92.63,CRITICAL,88.69,CRITICAL
TXN001174,ORD001174,CUST00336,2251.0,398.65,398.65,0.0,MATCHED,LOW,55.72,MEDIUM,33.43,LOW
TXN001175,ORD001175,CUST00009,9286.09,9038.56,9038.56,0.0,MATCHED,LOW,5.97,LOW,3.58,LOW
TXN001176,ORD001176,CUST00578,19634.23,19161.76,19161.76,0.0,MATCHED,LOW,9.13,LOW,5.48,LOW
TXN001177,ORD001177,CUST00638,6140.34,5995.46,5995.46,0.0,MATCHED,LOW,3.03,LOW,1.82,LOW
TXN001178,ORD001178,CUST00606,24299.26,23946.51,23946.51,0.0,MATCHED,LOW,22.99,LOW,13.79,LOW
TXN001179,ORD001179,CUST00201,18338.34,18044.72,18044.72,0.0,MATCHED,LOW,6.72,LOW,4.03,LOW
TXN001180,ORD001180,CUST00252,3849.1,3800.87,3800.87,0.0,MATCHED,LOW,15.62,LOW,9.37,LOW
TXN001181,ORD001181,CUST00025,5901.64,5798.92,5798.92,0.0,MATCHED,LOW,4.76,LOW,2.86,LOW
TXN001182,ORD001182,CUST00652,21005.39,20710.51,20710.51,0.0,MATCHED,LOW,15.09,LOW,9.05,LOW
TXN001183,ORD001183,CUST00344,136.4,134.16,134.16,0.0,MATCHED,LOW,31.66,LOW,19.0,LOW
TXN001184,ORD001184,CUST00386,21240.25,20920.26,19968.32,951.94,UNDER_SETTLED,MEDIUM,44.08,MEDIUM,28.57,LOW
TXN001185,ORD001185,CUST00315,2688.33,2629.84,2629.84,0.0,MATCHED,LOW,9.02,LOW,5.41,LOW
TXN001186,ORD001186,CUST00244,10553.41,10422.39,10422.39,0.0,MATCHED,LOW,10.17,LOW,6.1,LOW
TXN001187,ORD001187,CUST00146,17820.15,17509.9,17509.9,0.0,MATCHED,LOW,5.0,LOW,3.0,LOW
TXN001188,ORD001188,CUST00045,23039.73,22627.64,22627.64,0.0,MATCHED,LOW,14.91,LOW,8.95,LOW
TXN001189,ORD001189,CUST00423,17551.09,17228.14,17228.14,0.0,MATCHED,LOW,4.58,LOW,2.75,LOW
TXN001190,ORD001190,CUST00470,24366.41,23846.05,23846.05,0.0,MATCHED,LOW,25.87,LOW,15.52,LOW
TXN001191,ORD001191,CUST00595,2479.87,2443.47,2443.47,0.0,MATCHED,LOW,14.41,LOW,8.65,LOW
TXN001192,ORD001192,CUST00653,20517.08,20165.46,20165.46,0.0,MATCHED,LOW,10.36,LOW,6.22,LOW
TXN001193,ORD001193,CUST00607,14238.74,13838.76,13838.76,0.0,MATCHED,LOW,11.75,LOW,7.05,LOW
TXN001194,ORD001194,CUST00679,24109.04,23651.92,23651.92,0.0,MATCHED,LOW,20.56,LOW,12.34,LOW
TXN001195,ORD001195,CUST00299,6598.67,6462.47,6462.47,0.0,MATCHED,LOW,2.58,LOW,1.55,LOW
TXN001196,ORD001196,CUST00403,17548.07,17295.84,17295.84,0.0,MATCHED,LOW,7.54,LOW,4.52,LOW
TXN001197,ORD001197,CUST00335,8019.64,7859.99,7859.99,0.0,MATCHED,LOW,0.77,LOW,0.46,LOW
TXN001198,ORD001198,CUST00240,1959.72,1925.49,1925.49,0.0,MATCHED,LOW,14.01,LOW,8.41,LOW
TXN001199,ORD001199,CUST00140,19520.43,19288.61,19288.61,0.0,MATCHED,LOW,15.4,LOW,9.24,LOW
TXN001200,ORD001200,CUST00112,3969.72,3870.99,3870.99,0.0,MATCHED,LOW,8.75,LOW,5.25,LOW
TXN001201,ORD001201,CUST00461,11704.77,11364.53,11364.53,0.0,MATCHED,LOW,12.12,LOW,7.27,LOW
TXN001202,ORD001202,CUST00124,13444.52,13207.04,13207.04,0.0,MATCHED,LOW,2.32,LOW,1.39,LOW
TXN001203,ORD001203,CUST00213,11352.74,11077.02,11077.02,0.0,MATCHED,LOW,2.09,LOW,1.25,LOW
TXN001204,ORD001204,CUST00272,21326.81,17423.03,17423.03,0.0,MATCHED,LOW,33.57,LOW,20.14,LOW
TXN001205,ORD001205,CUST00162,20209.16,19867.02,19867.02,0.0,MATCHED,LOW,8.97,LOW,5.38,LOW
TXN001206,ORD001206,CUST00618,1104.21,1072.73,1072.73,0.0,MATCHED,LOW,22.68,LOW,13.61,LOW
TXN001207,ORD001207,CUST00152,2371.2,2302.06,2302.06,0.0,MATCHED,LOW,19.55,LOW,11.73,LOW
TXN001208,ORD001208,CUST00365,9966.49,9747.67,9747.67,0.0,MATCHED,LOW,1.49,LOW,0.89,LOW
TXN001209,ORD001209,CUST00694,7541.13,7432.51,7432.51,0.0,MATCHED,LOW,6.71,LOW,4.03,LOW
TXN001210,ORD001210,CUST00032,23807.21,23288.1,23288.1,0.0,MATCHED,LOW,22.9,LOW,13.74,LOW
TXN001211,ORD001211,CUST00570,18727.15,18205.57,18205.57,0.0,MATCHED,LOW,17.39,LOW,10.43,LOW
TXN001212,ORD001212,CUST00097,11604.88,11377.13,11377.13,0.0,MATCHED,LOW,0.92,LOW,0.55,LOW
TXN001213,ORD001213,CUST00144,3124.19,3049.21,3049.21,0.0,MATCHED,LOW,8.75,LOW,5.25,LOW
TXN001214,ORD001214,CUST00228,3354.81,3271.77,3271.77,0.0,MATCHED,LOW,9.13,LOW,5.48,LOW
TXN001215,ORD001215,CUST00382,17188.5,16711.82,15443.21,1268.61,UNDER_SETTLED,MEDIUM,47.87,MEDIUM,31.38,LOW
TXN001216,ORD001216,CUST00087,14599.86,14391.55,14391.55,0.0,MATCHED,LOW,6.43,LOW,3.86,LOW
TXN001217,ORD001217,CUST00077,642.82,628.97,628.97,0.0,MATCHED,LOW,20.99,LOW,12.59,LOW
TXN001218,ORD001218,CUST00203,22572.15,16213.36,16213.36,0.0,MATCHED,LOW,48.22,MEDIUM,28.93,LOW
TXN001219,ORD001219,CUST00132,2390.27,2345.08,2345.08,0.0,MATCHED,LOW,10.58,LOW,6.35,LOW
TXN001220,ORD001220,CUST00340,3150.94,3066.87,3066.87,0.0,MATCHED,LOW,12.35,LOW,7.41,LOW
TXN001221,ORD001221,CUST00052,4282.93,4198.58,4198.58,0.0,MATCHED,LOW,6.64,LOW,3.98,LOW
TXN001222,ORD001222,CUST00444,20559.97,20283.71,20283.71,0.0,MATCHED,LOW,15.13,LOW,9.08,LOW
TXN001223,ORD001223,CUST00509,834.11,823.45,823.45,0.0,MATCHED,LOW,25.12,LOW,15.07,LOW
TXN001224,ORD001224,CUST00437,4402.9,4300.97,4300.97,0.0,MATCHED,LOW,7.42,LOW,4.45,LOW
TXN001225,ORD001225,CUST00192,6947.05,6793.33,6793.33,0.0,MATCHED,LOW,2.47,LOW,1.48,LOW
TXN001226,ORD001226,CUST00153,962.77,947.62,947.62,0.0,MATCHED,LOW,21.17,LOW,12.7,LOW
TXN001227,ORD001227,CUST00632,6220.04,6043.63,6043.63,0.0,MATCHED,LOW,9.59,LOW,5.75,LOW
TXN001228,ORD001228,CUST00511,10358.61,10185.42,10185.42,0.0,MATCHED,LOW,2.5,LOW,1.5,LOW
TXN001229,ORD001229,CUST00491,1618.38,1598.64,1598.64,0.0,MATCHED,LOW,22.12,LOW,13.27,LOW
TXN001230,ORD001230,CUST00393,3517.18,3442.16,3442.16,0.0,MATCHED,LOW,7.42,LOW,4.45,LOW
TXN001231,ORD001231,CUST00659,22127.85,21692.28,21692.28,0.0,MATCHED,LOW,12.97,LOW,7.78,LOW
TXN001232,ORD001232,CUST00256,15805.78,15431.39,15431.39,0.0,MATCHED,LOW,5.49,LOW,3.29,LOW
TXN001233,ORD001233,CUST00557,19891.67,19626.18,19626.18,0.0,MATCHED,LOW,12.4,LOW,7.44,LOW
TXN001234,ORD001234,CUST00368,12044.14,11792.92,11792.92,0.0,MATCHED,LOW,1.53,LOW,0.92,LOW
TXN001235,ORD001235,CUST00497,8666.45,1803.83,1803.83,0.0,MATCHED,LOW,49.66,MEDIUM,29.8,LOW
TXN001236,ORD001236,CUST00515,8107.95,2905.69,2905.69,0.0,MATCHED,LOW,39.45,MEDIUM,23.67,LOW
TXN001237,ORD001237,CUST00185,748.97,732.11,732.11,0.0,MATCHED,LOW,19.55,LOW,11.73,LOW
TXN001238,ORD001238,CUST00225,829.66,806.01,806.01,0.0,MATCHED,LOW,24.65,LOW,14.79,LOW
TXN001239,ORD001239,CUST00288,1558.92,1515.46,1515.46,0.0,MATCHED,LOW,20.29,LOW,12.17,LOW
TXN001240,ORD001240,CUST00543,9000.08,3052.14,3052.14,0.0,MATCHED,LOW,40.36,MEDIUM,24.22,LOW
TXN001241,ORD001241,CUST00239,24352.1,24000.98,24000.98,0.0,MATCHED,LOW,24.15,LOW,14.49,LOW
TXN001242,ORD001242,CUST00254,16455.92,16013.05,16013.05,0.0,MATCHED,LOW,11.58,LOW,6.95,LOW
TXN001243,ORD001243,CUST00547,20425.5,20050.85,20050.85,0.0,MATCHED,LOW,8.64,LOW,5.18,LOW
TXN001244,ORD001244,CUST00058,19124.84,18772.96,18772.96,0.0,MATCHED,LOW,7.0,LOW,4.2,LOW
TXN001245,ORD001245,CUST00590,21177.98,20821.38,20821.38,0.0,MATCHED,LOW,11.1,LOW,6.66,LOW
TXN001246,ORD001246,CUST00398,8934.64,8773.65,7373.06,1400.59,UNDER_SETTLED,MEDIUM,43.75,MEDIUM,29.13,LOW
TXN001247,ORD001247,CUST00181,5990.12,5815.8,5815.8,0.0,MATCHED,LOW,12.07,LOW,7.24,LOW
TXN001248,ORD001248,CUST00368,22858.1,22234.65,22234.65,0.0,MATCHED,LOW,32.44,LOW,19.46,LOW
TXN001249,ORD001249,CUST00361,23694.21,23377.88,23377.88,0.0,MATCHED,LOW,22.87,LOW,13.72,LOW
TXN001250,ORD001250,CUST00146,14121.41,13772.85,13772.85,0.0,MATCHED,LOW,4.25,LOW,2.55,LOW
TXN001251,ORD001251,CUST00505,13598.9,13331.51,13331.51,0.0,MATCHED,LOW,1.46,LOW,0.88,LOW
TXN001252,ORD001252,CUST00503,1045.3,1014.6,1014.6,0.0,MATCHED,LOW,25.31,LOW,15.19,LOW
TXN001253,ORD001253,CUST00239,15081.4,14688.91,14688.91,0.0,MATCHED,LOW,9.92,LOW,5.95,LOW
TXN001254,ORD001254,CUST00540,12001.93,6753.06,6753.06,0.0,MATCHED,LOW,37.56,MEDIUM,22.54,LOW
TXN001255,ORD001255,CUST00629,5116.46,4983.12,4983.12,0.0,MATCHED,LOW,9.65,LOW,5.79,LOW
TXN001256,ORD001256,CUST00349,17951.75,17431.59,17431.59,0.0,MATCHED,LOW,20.29,LOW,12.17,LOW
TXN001257,ORD001257,CUST00332,1582.94,1552.39,1552.39,0.0,MATCHED,LOW,14.89,LOW,8.93,LOW
TXN001258,ORD001258,CUST00601,17646.94,17158.7,17158.7,0.0,MATCHED,LOW,14.18,LOW,8.51,LOW
TXN001259,ORD001259,CUST00114,21177.37,20875.16,20875.16,0.0,MATCHED,LOW,13.2,LOW,7.92,LOW
TXN001260,ORD001260,CUST00075,9402.41,9193.74,9193.74,0.0,MATCHED,LOW,2.13,LOW,1.28,LOW
TXN001261,ORD001261,CUST00406,14691.81,14496.06,,14496.06,MISSING_SETTLEMENT,CRITICAL,84.0,CRITICAL,75.82,HIGH
TXN001262,ORD001262,CUST00310,8132.82,8006.94,8006.94,0.0,MATCHED,LOW,5.86,LOW,3.52,LOW
TXN001263,ORD001263,CUST00448,19816.88,19416.57,19416.57,0.0,MATCHED,LOW,7.46,LOW,4.48,LOW
TXN001264,ORD001264,CUST00665,8000.36,7783.11,7783.11,0.0,MATCHED,LOW,6.72,LOW,4.03,LOW
TXN001265,ORD001265,CUST00576,17369.65,16861.35,16861.35,0.0,MATCHED,LOW,18.78,LOW,11.27,LOW
TXN001266,ORD001266,CUST00366,5658.61,5585.21,5585.21,0.0,MATCHED,LOW,11.01,LOW,6.61,LOW
TXN001267,ORD001267,CUST00180,9521.76,9247.6,9247.6,0.0,MATCHED,LOW,10.28,LOW,6.17,LOW
TXN001268,ORD001268,CUST00302,3270.97,3188.59,,3188.59,MISSING_SETTLEMENT,HIGH,73.46,HIGH,50.33,MEDIUM
TXN001269,ORD001269,CUST00002,23724.82,23407.73,23407.73,0.0,MATCHED,LOW,23.1,LOW,13.86,LOW
TXN001270,ORD001270,CUST00401,21283.85,20878.45,20878.45,0.0,MATCHED,LOW,9.83,LOW,5.9,LOW
TXN001271,ORD001271,CUST00582,906.33,880.97,880.97,0.0,MATCHED,LOW,23.74,LOW,14.24,LOW
TXN001272,ORD001272,CUST00326,23033.85,22593.05,22593.05,0.0,MATCHED,LOW,16.17,LOW,9.7,LOW
TXN001273,ORD001273,CUST00227,16027.2,15680.41,15680.41,0.0,MATCHED,LOW,5.31,LOW,3.19,LOW
TXN001274,ORD001274,CUST00509,3602.02,3514.23,3514.23,0.0,MATCHED,LOW,8.15,LOW,4.89,LOW
TXN001275,ORD001275,CUST00080,6026.1,5874.43,5874.43,0.0,MATCHED,LOW,5.43,LOW,3.26,LOW
TXN001276,ORD001276,CUST00172,15941.05,8952.35,8952.35,0.0,MATCHED,LOW,44.82,MEDIUM,26.89,LOW
TXN001277,ORD001277,CUST00687,16013.66,2531.84,2531.84,0.0,MATCHED,LOW,63.46,HIGH,38.08,MEDIUM
TXN001278,ORD001278,CUST00458,383.75,376.62,376.62,0.0,MATCHED,LOW,24.41,LOW,14.65,LOW
TXN001279,ORD001279,CUST00256,17360.08,16985.04,16985.04,0.0,MATCHED,LOW,5.97,LOW,3.58,LOW
TXN001280,ORD001280,CUST00263,19696.8,19449.65,19449.65,0.0,MATCHED,LOW,14.21,LOW,8.53,LOW
TXN001281,ORD001281,CUST00002,1298.87,1264.54,1264.54,0.0,MATCHED,LOW,19.77,LOW,11.86,LOW
TXN001282,ORD001282,CUST00430,24230.64,23586.78,23586.78,0.0,MATCHED,LOW,39.92,MEDIUM,23.95,LOW
TXN001283,ORD001283,CUST00505,22056.09,21677.18,,21677.18,MISSING_SETTLEMENT,CRITICAL,96.97,CRITICAL,95.77,CRITICAL
TXN001284,ORD001284,CUST00560,9446.15,9241.17,9241.17,0.0,MATCHED,LOW,1.76,LOW,1.06,LOW
TXN001285,ORD001285,CUST00592,16309.14,15982.91,15982.91,0.0,MATCHED,LOW,3.9,LOW,2.34,LOW
TXN001286,ORD001286,CUST00231,4150.15,4099.21,4099.21,0.0,MATCHED,LOW,15.52,LOW,9.31,LOW
TXN001287,ORD001287,CUST00035,7443.22,7355.06,7355.06,0.0,MATCHED,LOW,11.89,LOW,7.13,LOW
TXN001288,ORD001288,CUST00268,23796.39,23404.95,23404.95,0.0,MATCHED,LOW,19.48,LOW,11.69,LOW
TXN001289,ORD001289,CUST00351,4335.62,4211.09,4211.09,0.0,MATCHED,LOW,15.84,LOW,9.5,LOW
TXN001290,ORD001290,CUST00165,18326.43,17839.57,17839.57,0.0,MATCHED,LOW,12.31,LOW,7.39,LOW
TXN001291,ORD001291,CUST00096,8514.97,8343.28,8343.28,0.0,MATCHED,LOW,1.12,LOW,0.67,LOW
TXN001292,ORD001292,CUST00495,17642.17,17229.83,17229.83,0.0,MATCHED,LOW,5.22,LOW,3.13,LOW
TXN001293,ORD001293,CUST00670,4208.43,4092.27,4092.27,0.0,MATCHED,LOW,12.86,LOW,7.72,LOW
TXN001294,ORD001294,CUST00161,1433.54,1406.03,1406.03,0.0,MATCHED,LOW,15.78,LOW,9.47,LOW
TXN001295,ORD001295,CUST00211,24362.52,23862.93,23862.93,0.0,MATCHED,LOW,22.83,LOW,13.7,LOW
TXN001296,ORD001296,CUST00568,18078.75,17645.31,17645.31,0.0,MATCHED,LOW,7.19,LOW,4.31,LOW
TXN001297,ORD001297,CUST00554,6705.09,6596.92,5155.0,1441.92,UNDER_SETTLED,MEDIUM,42.49,MEDIUM,28.45,LOW
TXN001298,ORD001298,CUST00305,6014.95,5931.26,5931.26,0.0,MATCHED,LOW,6.77,LOW,4.06,LOW
TXN001299,ORD001299,CUST00403,14337.07,14097.54,14097.54,0.0,MATCHED,LOW,2.68,LOW,1.61,LOW
TXN001300,ORD001300,CUST00158,1457.17,1414.32,1414.32,0.0,MATCHED,LOW,23.04,LOW,13.82,LOW
TXN001301,ORD001301,CUST00438,2281.95,2252.33,2252.33,0.0,MATCHED,LOW,19.08,LOW,11.45,LOW
TXN001302,ORD001302,CUST00641,15045.37,14669.29,14669.29,0.0,MATCHED,LOW,6.96,LOW,4.18,LOW
TXN001303,ORD001303,CUST00100,740.82,724.45,724.45,0.0,MATCHED,LOW,19.51,LOW,11.71,LOW
TXN001304,ORD001304,CUST00654,7366.11,7205.45,7205.45,0.0,MATCHED,LOW,1.45,LOW,0.87,LOW
TXN001305,ORD001305,CUST00485,21109.85,20536.3,20536.3,0.0,MATCHED,LOW,20.54,LOW,12.32,LOW
TXN001306,ORD001306,CUST00408,11826.52,11555.51,11555.51,0.0,MATCHED,LOW,1.45,LOW,0.87,LOW
TXN001307,ORD001307,CUST00272,2369.31,2321.39,2321.39,0.0,MATCHED,LOW,10.66,LOW,6.4,LOW
TXN001308,ORD001308,CUST00397,4703.54,4590.24,4590.24,0.0,MATCHED,LOW,6.93,LOW,4.16,LOW
TXN001309,ORD001309,CUST00379,4745.92,4679.88,4679.88,0.0,MATCHED,LOW,9.89,LOW,5.93,LOW
TXN001310,ORD001310,CUST00270,11049.54,10818.92,10818.92,0.0,MATCHED,LOW,0.8,LOW,0.48,LOW
TXN001311,ORD001311,CUST00232,20943.26,20482.88,20482.88,0.0,MATCHED,LOW,10.37,LOW,6.22,LOW
TXN001312,ORD001312,CUST00064,3863.15,3759.77,3759.77,0.0,MATCHED,LOW,11.6,LOW,6.96,LOW
TXN001313,ORD001313,CUST00684,2507.9,2471.07,2471.07,0.0,MATCHED,LOW,14.56,LOW,8.74,LOW
TXN001314,ORD001314,CUST00353,20223.69,19964.1,19964.1,0.0,MATCHED,LOW,15.13,LOW,9.08,LOW
TXN001315,ORD001315,CUST00604,5765.07,5664.42,5664.42,0.0,MATCHED,LOW,5.14,LOW,3.08,LOW
TXN001316,ORD001316,CUST00397,20478.29,19918.29,19918.29,0.0,MATCHED,LOW,19.38,LOW,11.63,LOW
TXN001317,ORD001317,CUST00549,17207.99,16963.67,16963.67,0.0,MATCHED,LOW,7.22,LOW,4.33,LOW
TXN001318,ORD001318,CUST00587,22053.18,21729.21,21729.21,0.0,MATCHED,LOW,14.22,LOW,8.53,LOW
TXN001319,ORD001319,CUST00307,2065.98,2031.63,2031.63,0.0,MATCHED,LOW,13.39,LOW,8.03,LOW
TXN001320,ORD001320,CUST00036,12602.33,12360.04,12360.04,0.0,MATCHED,LOW,1.33,LOW,0.8,LOW
TXN001321,ORD001321,CUST00586,16970.62,16496.39,16496.39,0.0,MATCHED,LOW,14.92,LOW,8.95,LOW
TXN001322,ORD001322,CUST00151,3095.02,3038.99,3038.99,0.0,MATCHED,LOW,9.14,LOW,5.48,LOW
TXN001323,ORD001323,CUST00460,4404.69,4330.11,4330.11,0.0,MATCHED,LOW,7.72,LOW,4.63,LOW
TXN001324,ORD001324,CUST00217,20230.67,19802.31,19802.31,0.0,MATCHED,LOW,9.35,LOW,5.61,LOW
TXN001325,ORD001325,CUST00044,10642.03,10340.08,10340.08,0.0,MATCHED,LOW,8.1,LOW,4.86,LOW
TXN001326,ORD001326,CUST00446,5127.79,5020.65,5020.65,0.0,MATCHED,LOW,5.77,LOW,3.46,LOW
TXN001327,ORD001327,CUST00152,20869.29,20339.92,20339.92,0.0,MATCHED,LOW,14.06,LOW,8.44,LOW
TXN001328,ORD001328,CUST00328,22779.03,22436.36,22436.36,0.0,MATCHED,LOW,15.68,LOW,9.41,LOW
TXN001329,ORD001329,CUST00069,2266.98,2236.44,2236.44,0.0,MATCHED,LOW,17.83,LOW,10.7,LOW
TXN001330,ORD001330,CUST00407,13846.15,13498.31,13498.31,0.0,MATCHED,LOW,5.09,LOW,3.05,LOW
TXN001331,ORD001331,CUST00533,11508.11,11261.56,11261.56,0.0,MATCHED,LOW,1.3,LOW,0.78,LOW
TXN001332,ORD001332,CUST00639,14730.64,14329.35,,14329.35,MISSING_SETTLEMENT,CRITICAL,85.85,CRITICAL,76.64,HIGH
TXN001333,ORD001333,CUST00430,2901.72,2825.01,2825.01,0.0,MATCHED,LOW,13.34,LOW,8.0,LOW
TXN001334,ORD001334,CUST00152,14208.19,13868.28,13611.92,256.36,UNDER_SETTLED,MEDIUM,20.9,LOW,13.48,LOW
TXN001335,ORD001335,CUST00103,23130.71,22734.5,21600.35,1134.15,UNDER_SETTLED,MEDIUM,53.88,MEDIUM,34.76,LOW
TXN001336,ORD001336,CUST00104,19665.07,19194.44,19194.44,0.0,MATCHED,LOW,9.25,LOW,5.55,LOW
TXN001337,ORD001337,CUST00353,21959.55,21432.88,21432.88,0.0,MATCHED,LOW,16.06,LOW,9.64,LOW
TXN001338,ORD001338,CUST00393,16404.21,16182.82,16182.82,0.0,MATCHED,LOW,7.92,LOW,4.75,LOW
TXN001339,ORD001339,CUST00624,11878.86,11616.73,11616.73,0.0,MATCHED,LOW,2.03,LOW,1.22,LOW
TXN001340,ORD001340,CUST00283,10134.05,9866.79,9866.79,0.0,MATCHED,LOW,4.37,LOW,2.62,LOW
TXN001341,ORD001341,CUST00624,17052.24,16847.13,16847.13,0.0,MATCHED,LOW,14.3,LOW,8.58,LOW
TXN001342,ORD001342,CUST00040,9955.24,9746.46,9746.46,0.0,MATCHED,LOW,1.55,LOW,0.93,LOW
TXN001343,ORD001343,CUST00244,1327.35,1302.92,1302.92,0.0,MATCHED,LOW,16.73,LOW,10.04,LOW
TXN001344,ORD001344,CUST00276,22436.08,21978.77,21978.77,0.0,MATCHED,LOW,13.64,LOW,8.18,LOW
TXN001345,ORD001345,CUST00346,20452.91,20088.37,20088.37,0.0,MATCHED,LOW,10.57,LOW,6.34,LOW
TXN001346,ORD001346,CUST00319,7080.63,6882.93,6882.93,0.0,MATCHED,LOW,9.01,LOW,5.41,LOW
TXN001347,ORD001347,CUST00101,24315.17,23984.17,23984.17,0.0,MATCHED,LOW,24.96,LOW,14.98,LOW
TXN001348,ORD001348,CUST00138,7581.96,7471.75,7471.75,0.0,MATCHED,LOW,6.76,LOW,4.06,LOW
TXN001349,ORD001349,CUST00454,19373.37,19068.94,19068.94,0.0,MATCHED,LOW,8.96,LOW,5.38,LOW
TXN001350,ORD001350,CUST00276,18247.11,17970.94,17970.94,0.0,MATCHED,LOW,6.85,LOW,4.11,LOW
TXN001351,ORD001351,CUST00662,2323.24,2258.94,2258.94,0.0,MATCHED,LOW,17.42,LOW,10.45,LOW
TXN001352,ORD001352,CUST00217,22844.48,22326.87,22326.87,0.0,MATCHED,LOW,18.96,LOW,11.38,LOW
TXN001353,ORD001353,CUST00497,19011.38,18507.27,18507.27,0.0,MATCHED,LOW,12.83,LOW,7.7,LOW
TXN001354,ORD001354,CUST00058,12930.22,10644.16,10644.16,0.0,MATCHED,LOW,20.11,LOW,12.07,LOW
TXN001355,ORD001355,CUST00068,7846.97,7680.47,7680.47,0.0,MATCHED,LOW,1.79,LOW,1.07,LOW
TXN001356,ORD001356,CUST00414,3477.68,3402.71,3402.71,0.0,MATCHED,LOW,7.52,LOW,4.51,LOW
TXN001357,ORD001357,CUST00583,820.81,800.14,800.14,0.0,MATCHED,LOW,20.42,LOW,12.25,LOW
TXN001358,ORD001358,CUST00206,20940.72,20651.37,20651.37,0.0,MATCHED,LOW,14.62,LOW,8.77,LOW
TXN001359,ORD001359,CUST00034,11465.57,11236.83,11236.83,0.0,MATCHED,LOW,0.13,LOW,0.08,LOW
TXN001360,ORD001360,CUST00204,6922.04,6831.0,6831.0,0.0,MATCHED,LOW,8.58,LOW,5.15,LOW
TXN001361,ORD001361,CUST00518,9983.86,9721.35,9721.35,0.0,MATCHED,LOW,4.81,LOW,2.89,LOW
TXN001362,ORD001362,CUST00698,861.02,836.78,836.78,0.0,MATCHED,LOW,23.92,LOW,14.35,LOW
TXN001363,ORD001363,CUST00501,14891.69,14589.57,14589.57,0.0,MATCHED,LOW,2.15,LOW,1.29,LOW
TXN001364,ORD001364,CUST00486,14713.32,14458.56,14458.56,0.0,MATCHED,LOW,3.74,LOW,2.24,LOW
TXN001365,ORD001365,CUST00353,4171.49,4095.5,4095.5,0.0,MATCHED,LOW,7.82,LOW,4.69,LOW
TXN001366,ORD001366,CUST00093,7198.23,7009.19,7009.19,0.0,MATCHED,LOW,4.91,LOW,2.95,LOW
TXN001367,ORD001367,CUST00051,4156.39,4041.89,,4041.89,MISSING_SETTLEMENT,HIGH,73.65,HIGH,51.89,MEDIUM
TXN001368,ORD001368,CUST00220,21442.07,20962.23,20962.23,0.0,MATCHED,LOW,12.33,LOW,7.4,LOW
TXN001369,ORD001369,CUST00231,16974.61,16544.89,16544.89,0.0,MATCHED,LOW,7.62,LOW,4.57,LOW
TXN001370,ORD001370,CUST00668,10296.73,10112.89,10112.89,0.0,MATCHED,LOW,2.44,LOW,1.46,LOW
TXN001371,ORD001371,CUST00699,321.56,313.72,313.72,0.0,MATCHED,LOW,25.33,LOW,15.2,LOW
TXN001372,ORD001372,CUST00663,4412.7,4358.38,4358.38,0.0,MATCHED,LOW,14.03,LOW,8.42,LOW
TXN001373,ORD001373,CUST00009,5671.87,5523.17,5523.17,0.0,MATCHED,LOW,8.31,LOW,4.99,LOW
TXN001374,ORD001374,CUST00313,17847.24,17566.4,17566.4,0.0,MATCHED,LOW,6.76,LOW,4.06,LOW
TXN001375,ORD001375,CUST00659,6956.93,6769.33,6769.33,0.0,MATCHED,LOW,6.37,LOW,3.82,LOW
TXN001376,ORD001376,CUST00358,11529.05,11363.96,11363.96,0.0,MATCHED,LOW,5.67,LOW,3.4,LOW
TXN001377,ORD001377,CUST00478,7623.41,7502.88,7502.88,0.0,MATCHED,LOW,5.25,LOW,3.15,LOW
TXN001378,ORD001378,CUST00639,9989.1,9849.07,9849.07,0.0,MATCHED,LOW,7.36,LOW,4.42,LOW
TXN001379,ORD001379,CUST00008,12836.69,12655.63,12655.63,0.0,MATCHED,LOW,6.46,LOW,3.88,LOW
TXN001380,ORD001380,CUST00384,14080.28,13894.55,,13894.55,MISSING_SETTLEMENT,CRITICAL,84.49,CRITICAL,75.09,HIGH
TXN001381,ORD001381,CUST00624,7138.65,6967.13,6967.13,0.0,MATCHED,LOW,2.19,LOW,1.31,LOW
TXN001382,ORD001382,CUST00111,12095.29,11784.71,11784.71,0.0,MATCHED,LOW,4.15,LOW,2.49,LOW
TXN001383,ORD001383,CUST00284,16050.81,15839.33,15839.33,0.0,MATCHED,LOW,8.82,LOW,5.29,LOW
TXN001384,ORD001384,CUST00268,16437.38,16018.03,16018.03,0.0,MATCHED,LOW,6.94,LOW,4.16,LOW
TXN001385,ORD001385,CUST00306,4790.17,4669.43,4669.43,0.0,MATCHED,LOW,8.43,LOW,5.06,LOW
TXN001386,ORD001386,CUST00247,22502.21,22219.75,22219.75,0.0,MATCHED,LOW,23.65,LOW,14.19,LOW
TXN001387,ORD001387,CUST00615,10162.05,10022.74,8729.53,1293.21,UNDER_SETTLED,MEDIUM,42.14,MEDIUM,27.98,LOW
TXN001388,ORD001388,CUST00698,3584.24,3491.63,3491.63,0.0,MATCHED,LOW,9.95,LOW,5.97,LOW
TXN001389,ORD001389,CUST00672,12484.58,12223.8,12223.8,0.0,MATCHED,LOW,1.6,LOW,0.96,LOW
TXN001390,ORD001390,CUST00266,22682.1,22390.66,22390.66,0.0,MATCHED,LOW,22.77,LOW,13.66,LOW
TXN001391,ORD001391,CUST00398,18444.63,18188.16,18188.16,0.0,MATCHED,LOW,9.3,LOW,5.58,LOW
TXN001392,ORD001392,CUST00586,20418.77,20086.39,20086.39,0.0,MATCHED,LOW,10.18,LOW,6.11,LOW
TXN001393,ORD001393,CUST00228,17189.32,16966.34,16966.34,0.0,MATCHED,LOW,10.55,LOW,6.33,LOW
TXN001394,ORD001394,CUST00488,22672.51,22137.07,22137.07,0.0,MATCHED,LOW,20.4,LOW,12.24,LOW
TXN001395,ORD001395,CUST00368,12732.14,12411.85,12411.85,0.0,MATCHED,LOW,2.63,LOW,1.58,LOW
TXN001396,ORD001396,CUST00674,21924.72,2093.0,2093.0,0.0,MATCHED,LOW,80.51,CRITICAL,48.31,MEDIUM
TXN001397,ORD001397,CUST00301,2530.32,2459.25,2459.25,0.0,MATCHED,LOW,17.01,LOW,10.21,LOW
TXN001398,ORD001398,CUST00265,18157.15,17876.89,17876.89,0.0,MATCHED,LOW,7.02,LOW,4.21,LOW
TXN001399,ORD001399,CUST00188,23678.39,23021.3,23021.3,0.0,MATCHED,LOW,40.92,MEDIUM,24.55,LOW
TXN001400,ORD001400,CUST00671,2323.57,2288.55,2288.55,0.0,MATCHED,LOW,14.63,LOW,8.78,LOW
TXN001401,ORD001401,CUST00229,18630.83,18295.06,18295.06,0.0,MATCHED,LOW,5.88,LOW,3.53,LOW
TXN001402,ORD001402,CUST00431,19723.45,19459.02,19459.02,0.0,MATCHED,LOW,11.76,LOW,7.06,LOW
TXN001403,ORD001403,CUST00381,6587.92,6411.55,6411.55,0.0,MATCHED,LOW,6.01,LOW,3.61,LOW
TXN001404,ORD001404,CUST00475,21295.23,20688.95,20688.95,0.0,MATCHED,LOW,26.72,LOW,16.03,LOW
TXN001405,ORD001405,CUST00055,21673.19,21053.48,21053.48,0.0,MATCHED,LOW,30.51,LOW,18.31,LOW
TXN001406,ORD001406,CUST00595,23613.09,23189.08,23189.08,0.0,MATCHED,LOW,19.13,LOW,11.48,LOW
TXN001407,ORD001407,CUST00484,22246.71,21920.97,21920.97,0.0,MATCHED,LOW,14.99,LOW,8.99,LOW
TXN001408,ORD001408,CUST00123,21700.69,21252.33,21252.33,0.0,MATCHED,LOW,12.89,LOW,7.73,LOW
TXN001409,ORD001409,CUST00543,7529.06,7343.13,7343.13,0.0,MATCHED,LOW,2.8,LOW,1.68,LOW
TXN001410,ORD001410,CUST00155,3520.39,3463.79,3463.79,0.0,MATCHED,LOW,9.69,LOW,5.81,LOW
TXN001411,ORD001411,CUST00351,10288.88,10063.62,10063.62,0.0,MATCHED,LOW,1.37,LOW,0.82,LOW
TXN001412,ORD001412,CUST00469,3666.28,3616.59,3616.59,0.0,MATCHED,LOW,13.96,LOW,8.38,LOW
TXN001413,ORD001413,CUST00185,19495.64,19066.1,19066.1,0.0,MATCHED,LOW,8.34,LOW,5.0,LOW
TXN001414,ORD001414,CUST00341,15812.72,15622.22,15622.22,0.0,MATCHED,LOW,11.79,LOW,7.07,LOW
TXN001415,ORD001415,CUST00321,15899.02,15650.35,15650.35,0.0,MATCHED,LOW,5.21,LOW,3.13,LOW
TXN001416,ORD001416,CUST00463,6910.84,6805.87,6805.87,0.0,MATCHED,LOW,5.49,LOW,3.29,LOW
TXN001417,ORD001417,CUST00173,14449.35,14206.77,14206.77,0.0,MATCHED,LOW,3.25,LOW,1.95,LOW
TXN001418,ORD001418,CUST00502,19651.75,19106.22,19106.22,0.0,MATCHED,LOW,18.94,LOW,11.36,LOW
TXN001419,ORD001419,CUST00091,3322.21,3251.42,3251.42,0.0,MATCHED,LOW,7.69,LOW,4.61,LOW
TXN001420,ORD001420,CUST00649,10792.3,10478.97,10478.97,0.0,MATCHED,LOW,9.7,LOW,5.82,LOW
TXN001421,ORD001421,CUST00489,9644.58,9513.93,9513.93,0.0,MATCHED,LOW,8.73,LOW,5.24,LOW
TXN001422,ORD001422,CUST00547,5065.41,4986.44,4986.44,0.0,MATCHED,LOW,8.04,LOW,4.82,LOW
TXN001423,ORD001423,CUST00015,22310.96,21848.58,21848.58,0.0,MATCHED,LOW,14.02,LOW,8.41,LOW
TXN001424,ORD001424,CUST00544,4845.36,4727.49,4727.49,0.0,MATCHED,LOW,6.47,LOW,3.88,LOW
TXN001425,ORD001425,CUST00005,15704.5,15417.32,15417.32,0.0,MATCHED,LOW,3.26,LOW,1.96,LOW
TXN001426,ORD001426,CUST00232,17368.77,16982.63,,16982.63,MISSING_SETTLEMENT,CRITICAL,89.56,CRITICAL,83.37,CRITICAL
TXN001427,ORD001427,CUST00320,3310.38,3245.55,3245.55,0.0,MATCHED,LOW,7.94,LOW,4.76,LOW
TXN001428,ORD001428,CUST00516,14757.9,14333.58,14333.58,0.0,MATCHED,LOW,13.32,LOW,7.99,LOW
TXN001429,ORD001429,CUST00067,20613.71,20304.48,20304.48,0.0,MATCHED,LOW,11.4,LOW,6.84,LOW
TXN001430,ORD001430,CUST00298,11452.57,11245.5,11245.5,0.0,MATCHED,LOW,2.86,LOW,1.72,LOW
TXN001431,ORD001431,CUST00611,13150.53,2999.88,2999.88,0.0,MATCHED,LOW,51.55,MEDIUM,30.93,LOW
TXN001432,ORD001432,CUST00138,8634.05,8499.42,8499.42,0.0,MATCHED,LOW,5.83,LOW,3.5,LOW
TXN001433,ORD001433,CUST00368,18777.88,18480.67,18480.67,0.0,MATCHED,LOW,6.88,LOW,4.13,LOW
TXN001434,ORD001434,CUST00414,576.21,568.26,568.26,0.0,MATCHED,LOW,26.06,LOW,15.64,LOW
TXN001435,ORD001435,CUST00135,5358.64,5202.02,5202.02,0.0,MATCHED,LOW,13.85,LOW,8.31,LOW
TXN001436,ORD001436,CUST00604,12665.38,12488.21,12488.21,0.0,MATCHED,LOW,6.53,LOW,3.92,LOW
TXN001437,ORD001437,CUST00376,17806.64,17561.75,17561.75,0.0,MATCHED,LOW,8.65,LOW,5.19,LOW
TXN001438,ORD001438,CUST00039,9442.29,9308.16,9308.16,0.0,MATCHED,LOW,7.42,LOW,4.45,LOW
TXN001439,ORD001439,CUST00262,19304.12,18815.87,18815.87,0.0,MATCHED,LOW,10.35,LOW,6.21,LOW
TXN001440,ORD001440,CUST00050,14888.71,14527.3,14527.3,0.0,MATCHED,LOW,4.44,LOW,2.66,LOW
TXN001441,ORD001441,CUST00678,2792.02,2731.55,2731.55,0.0,MATCHED,LOW,7.85,LOW,4.71,LOW
TXN001442,ORD001442,CUST00050,17274.77,17058.51,17058.51,0.0,MATCHED,LOW,12.15,LOW,7.29,LOW
TXN001443,ORD001443,CUST00455,9568.32,1.37,1.37,0.0,MATCHED,LOW,64.84,HIGH,38.9,MEDIUM
TXN001444,ORD001444,CUST00259,11912.47,11747.51,11747.51,0.0,MATCHED,LOW,7.72,LOW,4.63,LOW
TXN001445,ORD001445,CUST00211,17410.28,17117.44,17117.44,0.0,MATCHED,LOW,5.16,LOW,3.1,LOW
TXN001446,ORD001446,CUST00010,7597.8,7427.41,7427.41,0.0,MATCHED,LOW,2.09,LOW,1.25,LOW
TXN001447,ORD001447,CUST00104,16595.83,16308.35,16308.35,0.0,MATCHED,LOW,4.6,LOW,2.76,LOW
TXN001448,ORD001448,CUST00638,15180.29,14738.88,14738.88,0.0,MATCHED,LOW,16.03,LOW,9.62,LOW
TXN001449,ORD001449,CUST00429,20783.25,13791.18,13791.18,0.0,MATCHED,LOW,45.62,MEDIUM,27.37,LOW
TXN001450,ORD001450,CUST00524,17997.28,17608.46,17608.46,0.0,MATCHED,LOW,7.1,LOW,4.26,LOW
TXN001451,ORD001451,CUST00290,2938.91,2889.11,2889.11,0.0,MATCHED,LOW,10.48,LOW,6.29,LOW
TXN001452,ORD001452,CUST00510,5046.3,4910.35,4910.35,0.0,MATCHED,LOW,10.52,LOW,6.31,LOW
TXN001453,ORD001453,CUST00270,20804.32,20489.31,20489.31,0.0,MATCHED,LOW,11.95,LOW,7.17,LOW
TXN001454,ORD001454,CUST00367,17615.58,17386.01,17386.01,0.0,MATCHED,LOW,9.56,LOW,5.74,LOW
TXN001455,ORD001455,CUST00165,1081.2,1052.35,1052.35,0.0,MATCHED,LOW,20.96,LOW,12.58,LOW
TXN001456,ORD001456,CUST00213,17236.28,16887.77,16887.77,0.0,MATCHED,LOW,5.26,LOW,3.16,LOW
TXN001457,ORD001457,CUST00339,5939.18,5797.71,5797.71,0.0,MATCHED,LOW,3.89,LOW,2.33,LOW
TXN001458,ORD001458,CUST00688,2316.17,2281.49,2281.49,0.0,MATCHED,LOW,14.63,LOW,8.78,LOW
TXN001459,ORD001459,CUST00588,16758.65,16264.64,16264.64,0.0,MATCHED,LOW,19.77,LOW,11.86,LOW
TXN001460,ORD001460,CUST00093,19510.2,19110.2,19110.2,0.0,MATCHED,LOW,7.73,LOW,4.64,LOW
TXN001461,ORD001461,CUST00104,22629.01,22319.86,,22319.86,MISSING_SETTLEMENT,CRITICAL,94.97,CRITICAL,95.66,CRITICAL
TXN001462,ORD001462,CUST00237,11473.11,11248.77,11248.77,0.0,MATCHED,LOW,0.78,LOW,0.47,LOW
TXN001463,ORD001463,CUST00271,11660.51,11387.0,10150.67,1236.33,UNDER_SETTLED,MEDIUM,38.42,MEDIUM,25.66,LOW
TXN001464,ORD001464,CUST00179,21866.1,21575.18,21575.18,0.0,MATCHED,LOW,19.22,LOW,11.53,LOW
TXN001465,ORD001465,CUST00369,20059.74,19772.13,19772.13,0.0,MATCHED,LOW,11.64,LOW,6.98,LOW
TXN001466,ORD001466,CUST00437,18489.65,18140.36,18140.36,0.0,MATCHED,LOW,5.94,LOW,3.56,LOW
TXN001467,ORD001467,CUST00047,340.84,333.25,333.25,0.0,MATCHED,LOW,24.5,LOW,14.7,LOW
TXN001468,ORD001468,CUST00680,16215.25,15994.72,15994.72,0.0,MATCHED,LOW,7.95,LOW,4.77,LOW
TXN001469,ORD001469,CUST00367,22373.74,7968.15,7968.15,0.0,MATCHED,LOW,75.16,HIGH,45.1,MEDIUM
TXN001470,ORD001470,CUST00275,21974.04,21334.42,21334.42,0.0,MATCHED,LOW,34.69,LOW,20.81,LOW
TXN001471,ORD001471,CUST00382,20392.61,20128.62,20128.62,0.0,MATCHED,LOW,14.35,LOW,8.61,LOW
TXN001472,ORD001472,CUST00117,10079.36,9786.44,9786.44,0.0,MATCHED,LOW,10.37,LOW,6.22,LOW
TXN001473,ORD001473,CUST00279,20909.14,20537.09,20537.09,0.0,MATCHED,LOW,11.23,LOW,6.74,LOW
TXN001474,ORD001474,CUST00490,20017.49,19570.48,19570.48,0.0,MATCHED,LOW,9.15,LOW,5.49,LOW
TXN001475,ORD001475,CUST00171,2915.11,2829.6,2829.6,0.0,MATCHED,LOW,17.77,LOW,10.66,LOW
TXN001476,ORD001476,CUST00061,24541.07,24198.16,24198.16,0.0,MATCHED,LOW,25.7,LOW,15.42,LOW
TXN001477,ORD001477,CUST00107,10459.09,10180.52,10180.52,0.0,MATCHED,LOW,5.12,LOW,3.07,LOW
TXN001478,ORD001478,CUST00495,20076.39,19581.78,19581.78,0.0,MATCHED,LOW,9.83,LOW,5.9,LOW
TXN001479,ORD001479,CUST00449,4613.39,4536.21,4536.21,0.0,MATCHED,LOW,7.86,LOW,4.72,LOW
TXN001480,ORD001480,CUST00368,15322.82,882.27,882.27,0.0,MATCHED,LOW,68.01,HIGH,40.81,MEDIUM
TXN001481,ORD001481,CUST00134,12128.68,11860.63,11860.63,0.0,MATCHED,LOW,1.91,LOW,1.15,LOW
TXN001482,ORD001482,CUST00116,22201.09,21831.84,21831.84,0.0,MATCHED,LOW,14.26,LOW,8.56,LOW
TXN001483,ORD001483,CUST00048,1677.07,1633.85,1633.85,0.0,MATCHED,LOW,16.48,LOW,9.89,LOW
TXN001484,ORD001484,CUST00322,407.77,153.46,153.46,0.0,MATCHED,LOW,48.25,MEDIUM,28.95,LOW
TXN001485,ORD001485,CUST00538,19211.47,18848.68,18848.68,0.0,MATCHED,LOW,7.87,LOW,4.72,LOW
TXN001486,ORD001486,CUST00579,5677.22,5562.42,5562.42,0.0,MATCHED,LOW,3.76,LOW,2.26,LOW
TXN001487,ORD001487,CUST00347,13025.58,12732.82,12732.82,0.0,MATCHED,LOW,1.79,LOW,1.07,LOW
TXN001488,ORD001488,CUST00634,2471.53,2424.67,2424.67,0.0,MATCHED,LOW,10.82,LOW,6.49,LOW
TXN001489,ORD001489,CUST00255,12100.05,11853.5,11853.5,0.0,MATCHED,LOW,0.55,LOW,0.33,LOW
TXN001490,ORD001490,CUST00693,16070.97,15802.0,15802.0,0.0,MATCHED,LOW,4.46,LOW,2.68,LOW
TXN001491,ORD001491,CUST00572,22312.34,21745.75,21745.75,0.0,MATCHED,LOW,21.39,LOW,12.83,LOW
TXN001492,ORD001492,CUST00056,389.96,384.61,384.61,0.0,MATCHED,LOW,28.14,LOW,16.88,LOW
TXN001493,ORD001493,CUST00518,21236.25,20891.43,20891.43,0.0,MATCHED,LOW,10.96,LOW,6.58,LOW
TXN001494,ORD001494,CUST00170,1964.14,1923.68,1923.68,0.0,MATCHED,LOW,11.95,LOW,7.17,LOW
TXN001495,ORD001495,CUST00329,6098.21,5958.43,5958.43,0.0,MATCHED,LOW,3.95,LOW,2.37,LOW
TXN001496,ORD001496,CUST00052,12722.54,12542.11,,12542.11,MISSING_SETTLEMENT,CRITICAL,84.25,CRITICAL,72.65,HIGH
TXN001497,ORD001497,CUST00659,9528.08,9398.85,9398.85,0.0,MATCHED,LOW,9.09,LOW,5.45,LOW
TXN001498,ORD001498,CUST00081,11531.46,11384.6,11384.6,0.0,MATCHED,LOW,10.32,LOW,6.19,LOW
TXN001499,ORD001499,CUST00587,11257.65,11111.21,11111.21,0.0,MATCHED,LOW,9.34,LOW,5.6,LOW
TXN001500,ORD001500,CUST00458,7969.93,7780.22,7780.22,0.0,MATCHED,LOW,1.44,LOW,0.86,LOW
TXN001501,ORD001501,CUST00670,542.45,526.72,526.72,0.0,MATCHED,LOW,31.52,LOW,18.91,LOW
TXN001502,ORD001502,CUST00423,992.22,973.79,973.79,0.0,MATCHED,LOW,18.01,LOW,10.81,LOW
TXN001503,ORD001503,CUST00001,20665.13,20172.85,20172.85,0.0,MATCHED,LOW,9.42,LOW,5.65,LOW
TXN001504,ORD001504,CUST00619,24082.96,23733.68,23733.68,0.0,MATCHED,LOW,22.16,LOW,13.3,LOW
TXN001505,ORD001505,CUST00312,22263.76,21755.95,21755.95,0.0,MATCHED,LOW,15.69,LOW,9.41,LOW
TXN001506,ORD001506,CUST00212,16399.44,16177.97,16177.97,0.0,MATCHED,LOW,7.92,LOW,4.75,LOW
TXN001507,ORD001507,CUST00350,9147.23,44.92,44.92,0.0,MATCHED,LOW,66.05,HIGH,39.63,MEDIUM
TXN001508,ORD001508,CUST00229,21123.5,20593.23,20593.23,0.0,MATCHED,LOW,14.9,LOW,8.94,LOW
TXN001509,ORD001509,CUST00574,19208.67,18721.04,18721.04,0.0,MATCHED,LOW,10.51,LOW,6.31,LOW
TXN001510,ORD001510,CUST00485,17944.79,17481.25,17481.25,0.0,MATCHED,LOW,11.65,LOW,6.99,LOW
TXN001511,ORD001511,CUST00464,2939.18,2894.0,2894.0,0.0,MATCHED,LOW,12.04,LOW,7.22,LOW
TXN001512,ORD001512,CUST00675,5621.5,5489.29,5489.29,0.0,MATCHED,LOW,5.06,LOW,3.04,LOW
TXN001513,ORD001513,CUST00364,20764.11,12644.98,12644.98,0.0,MATCHED,LOW,47.62,MEDIUM,28.57,LOW
TXN001514,ORD001514,CUST00299,13737.5,13511.78,13511.78,0.0,MATCHED,LOW,3.59,LOW,2.15,LOW
TXN001515,ORD001515,CUST00109,1239.87,1217.7,1217.7,0.0,MATCHED,LOW,17.14,LOW,10.28,LOW
TXN001516,ORD001516,CUST00505,3597.18,3500.0,3500.0,0.0,MATCHED,LOW,11.77,LOW,7.06,LOW
TXN001517,ORD001517,CUST00420,2763.34,2704.0,2704.0,0.0,MATCHED,LOW,8.04,LOW,4.82,LOW
TXN001518,ORD001518,CUST00201,4769.83,4633.13,4633.13,0.0,MATCHED,LOW,14.15,LOW,8.49,LOW
TXN001519,ORD001519,CUST00221,11480.45,11338.56,11338.56,0.0,MATCHED,LOW,10.35,LOW,6.21,LOW
TXN001520,ORD001520,CUST00196,17948.02,17599.51,17599.51,0.0,MATCHED,LOW,5.51,LOW,3.31,LOW
TXN001521,ORD001521,CUST00425,1257.86,1222.65,245.69,976.96,UNDER_SETTLED,MEDIUM,58.71,MEDIUM,37.39,MEDIUM
TXN001522,ORD001522,CUST00689,14761.4,14486.98,14486.98,0.0,MATCHED,LOW,3.0,LOW,1.8,LOW
TXN001523,ORD001523,CUST00462,11488.96,11289.42,11289.42,0.0,MATCHED,LOW,3.43,LOW,2.06,LOW
TXN001524,ORD001524,CUST00517,3452.44,3388.71,3388.71,0.0,MATCHED,LOW,7.95,LOW,4.77,LOW
TXN001525,ORD001525,CUST00005,13306.07,13040.81,13040.81,0.0,MATCHED,LOW,1.14,LOW,0.68,LOW
TXN001526,ORD001526,CUST00567,23389.18,23099.58,23099.58,0.0,MATCHED,LOW,26.52,LOW,15.91,LOW
TXN001527,ORD001527,CUST00495,23116.83,22616.29,22616.29,0.0,MATCHED,LOW,18.3,LOW,10.98,LOW
TXN001528,ORD001528,CUST00182,17326.26,16857.95,16857.95,0.0,MATCHED,LOW,12.71,LOW,7.63,LOW
TXN001529,ORD001529,CUST00132,2678.49,2632.52,2632.52,0.0,MATCHED,LOW,10.92,LOW,6.55,LOW
TXN001530,ORD001530,CUST00615,15193.4,14824.24,14824.24,0.0,MATCHED,LOW,5.29,LOW,3.17,LOW
TXN001531,ORD001531,CUST00517,22046.63,21594.69,21594.69,0.0,MATCHED,LOW,13.61,LOW,8.17,LOW
TXN001532,ORD001532,CUST00624,22906.17,22581.35,22581.35,0.0,MATCHED,LOW,17.33,LOW,10.4,LOW
TXN001533,ORD001533,CUST00255,6912.54,6743.4,6743.4,0.0,MATCHED,LOW,3.01,LOW,1.81,LOW
TXN001534,ORD001534,CUST00302,11375.86,11143.47,11143.47,0.0,MATCHED,LOW,0.04,LOW,0.02,LOW
TXN001535,ORD001535,CUST00142,10377.36,10234.82,10234.82,0.0,MATCHED,LOW,7.23,LOW,4.34,LOW
TXN001536,ORD001536,CUST00525,7542.94,7363.82,7363.82,0.0,MATCHED,LOW,2.01,LOW,1.21,LOW
TXN001537,ORD001537,CUST00561,21531.62,21025.99,21025.99,0.0,MATCHED,LOW,13.24,LOW,7.94,LOW
TXN001538,ORD001538,CUST00567,15851.32,10249.45,10249.45,0.0,MATCHED,LOW,37.64,MEDIUM,22.58,LOW
TXN001539,ORD001539,CUST00215,15641.77,15298.78,15298.78,0.0,MATCHED,LOW,5.05,LOW,3.03,LOW
TXN001540,ORD001540,CUST00354,23037.67,22571.77,22571.77,0.0,MATCHED,LOW,15.95,LOW,9.57,LOW
TXN001541,ORD001541,CUST00666,24381.97,23725.56,23725.56,0.0,MATCHED,LOW,42.87,MEDIUM,25.72,LOW
TXN001542,ORD001542,CUST00516,13608.04,13325.42,13325.42,0.0,MATCHED,LOW,2.76,LOW,1.66,LOW
TXN001543,ORD001543,CUST00331,17787.78,17454.65,17454.65,0.0,MATCHED,LOW,4.95,LOW,2.97,LOW
TXN001544,ORD001544,CUST00361,14100.78,13810.92,13810.92,0.0,MATCHED,LOW,3.02,LOW,1.81,LOW
TXN001545,ORD001545,CUST00585,23572.57,22889.34,22889.34,0.0,MATCHED,LOW,47.18,MEDIUM,28.31,LOW
TXN001546,ORD001546,CUST00428,16888.66,16504.95,16504.95,0.0,MATCHED,LOW,5.53,LOW,3.32,LOW
TXN001547,ORD001547,CUST00293,21949.18,4884.77,4884.77,0.0,MATCHED,LOW,69.46,HIGH,41.68,MEDIUM
TXN001548,ORD001548,CUST00014,13115.98,12734.21,12734.21,0.0,MATCHED,LOW,14.13,LOW,8.48,LOW
TXN001549,ORD001549,CUST00391,3718.64,3653.67,3653.67,0.0,MATCHED,LOW,8.54,LOW,5.12,LOW
TXN001550,ORD001550,CUST00058,5077.57,5015.12,5015.12,0.0,MATCHED,LOW,13.45,LOW,8.07,LOW
TXN001551,ORD001551,CUST00165,24589.96,24280.16,24280.16,0.0,MATCHED,LOW,30.37,LOW,18.22,LOW
TXN001552,ORD001552,CUST00257,3746.07,3646.37,3646.37,0.0,MATCHED,LOW,12.02,LOW,7.21,LOW
TXN001553,ORD001553,CUST00303,5179.62,5086.52,5086.52,0.0,MATCHED,LOW,6.2,LOW,3.72,LOW
TXN001554,ORD001554,CUST00034,9031.19,8806.0,8806.0,0.0,MATCHED,LOW,2.67,LOW,1.6,LOW
TXN001555,ORD001555,CUST00105,15441.11,15251.55,15251.55,0.0,MATCHED,LOW,12.33,LOW,7.4,LOW
TXN001556,ORD001556,CUST00576,21634.55,21037.94,21037.94,0.0,MATCHED,LOW,25.31,LOW,15.19,LOW
TXN001557,ORD001557,CUST00663,14075.64,13824.52,13824.52,0.0,MATCHED,LOW,3.34,LOW,2.0,LOW
TXN001558,ORD001558,CUST00524,19629.25,19363.8,19363.8,0.0,MATCHED,LOW,11.74,LOW,7.04,LOW
TXN001559,ORD001559,CUST00295,17354.11,5880.34,5880.34,0.0,MATCHED,LOW,50.88,MEDIUM,30.53,LOW
TXN001560,ORD001560,CUST00391,9750.11,7504.81,7504.81,0.0,MATCHED,LOW,24.56,LOW,14.74,LOW
TXN001561,ORD001561,CUST00321,24149.25,23714.14,23714.14,0.0,MATCHED,LOW,21.0,LOW,12.6,LOW
TXN001562,ORD001562,CUST00014,18617.38,18179.8,18179.8,0.0,MATCHED,LOW,7.82,LOW,4.69,LOW
TXN001563,ORD001563,CUST00636,21734.36,6686.74,6686.74,0.0,MATCHED,LOW,66.93,HIGH,40.16,MEDIUM
TXN001564,ORD001564,CUST00231,22796.01,22265.52,22265.52,0.0,MATCHED,LOW,19.91,LOW,11.95,LOW
TXN001565,ORD001565,CUST00664,9256.75,9050.44,9050.44,0.0,MATCHED,LOW,1.93,LOW,1.16,LOW
TXN001566,ORD001566,CUST00560,18487.41,17971.35,17971.35,0.0,MATCHED,LOW,16.49,LOW,9.89,LOW
TXN001567,ORD001567,CUST00199,7425.03,7328.8,7328.8,0.0,MATCHED,LOW,9.3,LOW,5.58,LOW
TXN001568,ORD001568,CUST00700,1954.28,1920.67,1920.67,0.0,MATCHED,LOW,13.95,LOW,8.37,LOW
TXN001569,ORD001569,CUST00527,3071.91,1667.39,1667.39,0.0,MATCHED,LOW,38.3,MEDIUM,22.98,LOW
TXN001570,ORD001570,CUST00439,7049.89,6964.25,6964.25,0.0,MATCHED,LOW,11.04,LOW,6.62,LOW
TXN001571,ORD001571,CUST00134,4107.13,4034.96,4034.96,0.0,MATCHED,LOW,8.11,LOW,4.87,LOW
TXN001572,ORD001572,CUST00006,8331.01,8164.74,8164.74,0.0,MATCHED,LOW,1.02,LOW,0.61,LOW
TXN001573,ORD001573,CUST00159,1094.52,1064.88,1064.88,0.0,MATCHED,LOW,21.14,LOW,12.68,LOW
TXN001574,ORD001574,CUST00612,1366.3,1336.45,1336.45,0.0,MATCHED,LOW,15.39,LOW,9.23,LOW
TXN001575,ORD001575,CUST00631,21094.19,20508.72,20508.72,0.0,MATCHED,LOW,22.8,LOW,13.68,LOW
TXN001576,ORD001576,CUST00503,19768.71,19442.15,19442.15,0.0,MATCHED,LOW,8.33,LOW,5.0,LOW
TXN001577,ORD001577,CUST00367,1914.73,1868.54,1868.54,0.0,MATCHED,LOW,13.08,LOW,7.85,LOW
TXN001578,ORD001578,CUST00326,13182.34,12889.59,12889.59,0.0,MATCHED,LOW,2.02,LOW,1.21,LOW
TXN001579,ORD001579,CUST00534,1797.59,1745.01,1745.01,0.0,MATCHED,LOW,21.31,LOW,12.79,LOW
TXN001580,ORD001580,CUST00164,10456.69,10263.38,10263.38,0.0,MATCHED,LOW,1.92,LOW,1.15,LOW
TXN001581,ORD001581,CUST00414,2389.44,2344.74,2344.74,0.0,MATCHED,LOW,10.84,LOW,6.5,LOW
TXN001582,ORD001582,CUST00219,16617.03,16252.55,16252.55,0.0,MATCHED,LOW,5.66,LOW,3.4,LOW
TXN001583,ORD001583,CUST00370,7410.0,7216.54,7216.54,0.0,MATCHED,LOW,5.53,LOW,3.32,LOW
TXN001584,ORD001584,CUST00634,13309.42,13128.8,13128.8,0.0,MATCHED,LOW,7.71,LOW,4.63,LOW
TXN001585,ORD001585,CUST00665,319.21,311.63,311.63,0.0,MATCHED,LOW,25.48,LOW,15.29,LOW
TXN001586,ORD001586,CUST00355,11197.11,10998.4,10998.4,0.0,MATCHED,LOW,3.26,LOW,1.96,LOW
TXN001587,ORD001587,CUST00629,22973.32,22497.79,22497.79,0.0,MATCHED,LOW,15.52,LOW,9.31,LOW
TXN001588,ORD001588,CUST00041,17095.53,16662.35,16662.35,0.0,MATCHED,LOW,7.78,LOW,4.67,LOW
TXN001589,ORD001589,CUST00391,22906.72,22498.76,22498.76,0.0,MATCHED,LOW,14.3,LOW,8.58,LOW
TXN001590,ORD001590,CUST00396,6489.1,6341.91,6341.91,0.0,MATCHED,LOW,3.17,LOW,1.9,LOW
TXN001591,ORD001591,CUST00290,715.17,702.13,702.13,0.0,MATCHED,LOW,21.57,LOW,12.94,LOW
TXN001592,ORD001592,CUST00384,12906.3,12654.41,12654.41,0.0,MATCHED,LOW,1.08,LOW,0.65,LOW
TXN001593,ORD001593,CUST00457,12221.44,11969.72,11969.72,0.0,MATCHED,LOW,1.04,LOW,0.62,LOW
TXN001594,ORD001594,CUST00668,4893.56,4762.43,4762.43,0.0,MATCHED,LOW,10.13,LOW,6.08,LOW
TXN001595,ORD001595,CUST00085,23710.47,23100.34,,23100.34,MISSING_SETTLEMENT,CRITICAL,97.68,CRITICAL,98.61,CRITICAL
TXN001596,ORD001596,CUST00551,13376.82,5499.43,5499.43,0.0,MATCHED,LOW,48.67,MEDIUM,29.2,LOW
TXN001597,ORD001597,CUST00068,5348.46,5234.63,5234.63,0.0,MATCHED,LOW,5.29,LOW,3.17,LOW
TXN001598,ORD001598,CUST00219,21637.28,21271.9,21271.9,0.0,MATCHED,LOW,12.72,LOW,7.63,LOW
TXN001599,ORD001599,CUST00107,5218.93,5152.96,5152.96,0.0,MATCHED,LOW,11.74,LOW,7.04,LOW
TXN001600,ORD001600,CUST00446,16199.37,15722.57,,15722.57,MISSING_SETTLEMENT,CRITICAL,90.01,CRITICAL,81.5,CRITICAL
TXN001601,ORD001601,CUST00158,691.45,157.8,157.8,0.0,MATCHED,LOW,49.16,MEDIUM,29.5,LOW
TXN001602,ORD001602,CUST00340,1043.37,1026.89,1026.89,0.0,MATCHED,LOW,19.86,LOW,11.92,LOW
TXN001603,ORD001603,CUST00056,4532.0,4418.93,4418.93,0.0,MATCHED,LOW,8.77,LOW,5.26,LOW
TXN001604,ORD001604,CUST00572,1854.01,1829.11,,1829.11,MISSING_SETTLEMENT,HIGH,74.7,HIGH,48.77,MEDIUM
TXN001605,ORD001605,CUST00265,10250.06,9975.95,9975.95,0.0,MATCHED,LOW,4.97,LOW,2.98,LOW
TXN001606,ORD001606,CUST00646,10170.76,10033.69,10033.69,0.0,MATCHED,LOW,9.06,LOW,5.44,LOW
TXN001607,ORD001607,CUST00018,9798.6,9624.56,9624.56,0.0,MATCHED,LOW,3.49,LOW,2.09,LOW
TXN001608,ORD001608,CUST00548,246.88,243.67,243.67,0.0,MATCHED,LOW,33.01,LOW,19.81,LOW
TXN001609,ORD001609,CUST00634,1674.62,1631.11,1631.11,0.0,MATCHED,LOW,17.01,LOW,10.21,LOW
TXN001610,ORD001610,CUST00600,1233.37,1208.44,1208.44,0.0,MATCHED,LOW,15.35,LOW,9.21,LOW
TXN001611,ORD001611,CUST00367,23208.39,22848.37,22848.37,0.0,MATCHED,LOW,18.62,LOW,11.17,LOW
TXN001612,ORD001612,CUST00297,19693.61,19183.89,19183.89,0.0,MATCHED,LOW,12.76,LOW,7.66,LOW
TXN001613,ORD001613,CUST00622,2253.98,2201.39,2201.39,0.0,MATCHED,LOW,12.06,LOW,7.24,LOW
TXN001614,ORD001614,CUST00449,9597.2,9432.67,9432.67,0.0,MATCHED,LOW,2.83,LOW,1.7,LOW
TXN001615,ORD001615,CUST00032,11902.29,11592.43,11592.43,0.0,MATCHED,LOW,4.92,LOW,2.95,LOW
TXN001616,ORD001616,CUST00226,3495.9,3427.86,3427.86,0.0,MATCHED,LOW,8.1,LOW,4.86,LOW
TXN001617,ORD001617,CUST00559,7444.96,7285.96,7285.96,0.0,MATCHED,LOW,1.53,LOW,0.92,LOW
TXN001618,ORD001618,CUST00148,7521.61,7406.22,7406.22,0.0,MATCHED,LOW,5.13,LOW,3.08,LOW
TXN001619,ORD001619,CUST00664,9390.95,9213.27,8633.5,579.77,UNDER_SETTLED,MEDIUM,28.4,LOW,18.53,LOW
TXN001620,ORD001620,CUST00567,21881.7,21381.44,21381.44,0.0,MATCHED,LOW,13.08,LOW,7.85,LOW
TXN001621,ORD001621,CUST00127,1140.15,1117.55,1117.55,0.0,MATCHED,LOW,16.2,LOW,9.72,LOW
TXN001622,ORD001622,CUST00611,9912.63,2158.27,2158.27,0.0,MATCHED,LOW,49.8,MEDIUM,29.88,LOW
TXN001623,ORD001623,CUST00088,7686.81,7571.54,7571.54,0.0,MATCHED,LOW,5.54,LOW,3.32,LOW
TXN001624,ORD001624,CUST00353,5372.25,5307.09,5307.09,0.0,MATCHED,LOW,13.13,LOW,7.88,LOW
TXN001625,ORD001625,CUST00525,3647.13,753.8,753.8,0.0,MATCHED,LOW,49.7,MEDIUM,29.82,LOW
TXN001626,ORD001626,CUST00227,15460.43,15041.92,15041.92,0.0,MATCHED,LOW,10.01,LOW,6.01,LOW
TXN001627,ORD001627,CUST00199,2954.1,2889.08,2889.08,0.0,MATCHED,LOW,9.18,LOW,5.51,LOW
TXN001628,ORD001628,CUST00581,21321.05,20989.09,20989.09,0.0,MATCHED,LOW,12.4,LOW,7.44,LOW
TXN001629,ORD001629,CUST00563,11585.5,11251.5,11251.5,0.0,MATCHED,LOW,10.65,LOW,6.39,LOW
TXN001630,ORD001630,CUST00075,7337.25,7154.28,7154.28,0.0,MATCHED,LOW,3.54,LOW,2.12,LOW
TXN001631,ORD001631,CUST00257,2545.24,2494.16,2494.16,0.0,MATCHED,LOW,10.49,LOW,6.29,LOW
TXN001632,ORD001632,CUST00595,12231.04,11883.83,,11883.83,MISSING_SETTLEMENT,CRITICAL,85.03,CRITICAL,72.01,HIGH
TXN001633,ORD001633,CUST00366,3292.56,3222.66,3222.66,0.0,MATCHED,LOW,7.65,LOW,4.59,LOW
TXN001634,ORD001634,CUST00241,2591.12,2532.37,2532.37,0.0,MATCHED,LOW,10.98,LOW,6.59,LOW
TXN001635,ORD001635,CUST00072,22512.95,21940.82,21940.82,0.0,MATCHED,LOW,22.41,LOW,13.45,LOW
TXN001636,ORD001636,CUST00498,11321.08,11100.59,11100.59,0.0,MATCHED,LOW,0.92,LOW,0.55,LOW
TXN001637,ORD001637,CUST00676,7711.32,7543.05,7543.05,0.0,MATCHED,LOW,1.71,LOW,1.03,LOW
TXN001638,ORD001638,CUST00157,14182.24,13857.56,13857.56,0.0,MATCHED,LOW,2.13,LOW,1.28,LOW
TXN001639,ORD001639,CUST00324,23970.61,23466.17,23466.17,0.0,MATCHED,LOW,21.0,LOW,12.6,LOW
TXN001640,ORD001640,CUST00005,7899.05,7754.91,7754.91,0.0,MATCHED,LOW,3.36,LOW,2.02,LOW
TXN001641,ORD001641,CUST00227,17833.76,17576.69,17576.69,0.0,MATCHED,LOW,7.59,LOW,4.55,LOW
TXN001642,ORD001642,CUST00447,6989.33,6888.24,6888.24,0.0,MATCHED,LOW,6.77,LOW,4.06,LOW
TXN001643,ORD001643,CUST00138,17021.55,16614.23,16614.23,0.0,MATCHED,LOW,5.38,LOW,3.23,LOW
TXN001644,ORD001644,CUST00492,11624.92,11425.96,11425.96,0.0,MATCHED,LOW,3.51,LOW,2.11,LOW
TXN001645,ORD001645,CUST00313,12225.59,11987.11,11987.11,0.0,MATCHED,LOW,0.98,LOW,0.59,LOW
TXN001646,ORD001646,CUST00180,16174.23,15892.15,15892.15,0.0,MATCHED,LOW,4.55,LOW,2.73,LOW
TXN001647,ORD001647,CUST00288,21481.97,20912.81,20912.81,0.0,MATCHED,LOW,20.3,LOW,12.18,LOW
TXN001648,ORD001648,CUST00552,4991.16,4926.57,4926.57,0.0,MATCHED,LOW,12.01,LOW,7.21,LOW
TXN001649,ORD001649,CUST00642,2003.91,1973.04,1973.04,0.0,MATCHED,LOW,15.21,LOW,9.13,LOW
TXN001650,ORD001650,CUST00020,21254.72,20848.75,20848.75,0.0,MATCHED,LOW,9.85,LOW,5.91,LOW
TXN001651,ORD001651,CUST00032,20334.8,19798.37,19798.37,0.0,MATCHED,LOW,16.65,LOW,9.99,LOW
TXN001652,ORD001652,CUST00415,19253.09,18805.74,18805.74,0.0,MATCHED,LOW,8.65,LOW,5.19,LOW
TXN001653,ORD001653,CUST00038,13834.69,13608.65,13608.65,0.0,MATCHED,LOW,3.57,LOW,2.14,LOW
TXN001654,ORD001654,CUST00553,11855.39,11589.34,11589.34,0.0,MATCHED,LOW,1.55,LOW,0.93,LOW
TXN001655,ORD001655,CUST00153,9208.88,9034.06,9034.06,0.0,MATCHED,LOW,2.72,LOW,1.63,LOW
TXN001656,ORD001656,CUST00604,18357.35,18103.84,18103.84,0.0,MATCHED,LOW,9.07,LOW,5.44,LOW
TXN001657,ORD001657,CUST00138,11671.06,11493.69,11493.69,0.0,MATCHED,LOW,4.62,LOW,2.77,LOW
TXN001658,ORD001658,CUST00093,9979.95,1281.28,1281.28,0.0,MATCHED,LOW,54.62,MEDIUM,32.77,LOW
TXN001659,ORD001659,CUST00011,16600.69,16161.73,16161.73,0.0,MATCHED,LOW,11.02,LOW,6.61,LOW
TXN001660,ORD001660,CUST00629,17135.63,16792.65,16792.65,0.0,MATCHED,LOW,4.9,LOW,2.94,LOW
TXN001661,ORD001661,CUST00527,3595.23,3517.18,3517.18,0.0,MATCHED,LOW,7.49,LOW,4.49,LOW
TXN001662,ORD001662,CUST00184,14202.3,13925.08,13925.08,0.0,MATCHED,LOW,1.81,LOW,1.09,LOW
TXN001663,ORD001663,CUST00676,21817.66,21310.39,21310.39,0.0,MATCHED,LOW,13.49,LOW,8.09,LOW
TXN001664,ORD001664,CUST00496,23485.46,23192.95,23192.95,0.0,MATCHED,LOW,25.98,LOW,15.59,LOW
TXN001665,ORD001665,CUST00225,19060.66,18781.98,18781.98,0.0,MATCHED,LOW,9.54,LOW,5.72,LOW
TXN001666,ORD001666,CUST00065,6682.49,6587.5,6587.5,0.0,MATCHED,LOW,6.29,LOW,3.77,LOW
TXN001667,ORD001667,CUST00044,16747.78,16473.56,16473.56,0.0,MATCHED,LOW,4.9,LOW,2.94,LOW
TXN001668,ORD001668,CUST00370,9763.52,9509.44,9509.44,0.0,MATCHED,LOW,4.93,LOW,2.96,LOW
TXN001669,ORD001669,CUST00048,1093.63,1067.98,1067.98,0.0,MATCHED,LOW,17.07,LOW,10.24,LOW
TXN001670,ORD001670,CUST00332,2670.3,2630.47,2630.47,0.0,MATCHED,LOW,13.47,LOW,8.08,LOW
TXN001671,ORD001671,CUST00649,20758.21,20200.03,20200.03,0.0,MATCHED,LOW,18.1,LOW,10.86,LOW
TXN001672,ORD001672,CUST00270,14507.92,14089.23,,14089.23,MISSING_SETTLEMENT,CRITICAL,87.44,CRITICAL,77.19,HIGH
TXN001673,ORD001673,CUST00179,9478.82,9285.45,9285.45,0.0,MATCHED,LOW,0.99,LOW,0.59,LOW
TXN001674,ORD001674,CUST00375,14733.2,14554.16,14554.16,0.0,MATCHED,LOW,11.01,LOW,6.61,LOW
TXN001675,ORD001675,CUST00530,6364.5,6192.56,6192.56,0.0,MATCHED,LOW,6.78,LOW,4.07,LOW
TXN001676,ORD001676,CUST00529,10205.47,10069.89,10069.89,0.0,MATCHED,LOW,9.12,LOW,5.47,LOW
TXN001677,ORD001677,CUST00499,19837.17,19391.86,19391.86,0.0,MATCHED,LOW,8.94,LOW,5.36,LOW
TXN001678,ORD001678,CUST00007,12595.74,12253.78,12253.78,0.0,MATCHED,LOW,7.65,LOW,4.59,LOW
TXN001679,ORD001679,CUST00451,4223.58,4106.42,4106.42,0.0,MATCHED,LOW,13.37,LOW,8.02,LOW
TXN001680,ORD001680,CUST00527,16122.58,7484.82,7484.82,0.0,MATCHED,LOW,41.51,MEDIUM,24.91,LOW
TXN001681,ORD001681,CUST00154,4753.95,4667.27,4667.27,0.0,MATCHED,LOW,6.23,LOW,3.74,LOW
TXN001682,ORD001682,CUST00617,17960.84,17539.9,17539.9,0.0,MATCHED,LOW,5.89,LOW,3.53,LOW
TXN001683,ORD001683,CUST00677,5835.62,5757.43,5757.43,0.0,MATCHED,LOW,9.32,LOW,5.59,LOW
TXN001684,ORD001684,CUST00339,18034.37,17520.5,17520.5,0.0,MATCHED,LOW,16.04,LOW,9.62,LOW
TXN001685,ORD001685,CUST00692,12022.48,11726.5,11726.5,0.0,MATCHED,LOW,2.25,LOW,1.35,LOW
TXN001686,ORD001686,CUST00605,4115.03,4056.23,4056.23,0.0,MATCHED,LOW,10.32,LOW,6.19,LOW
TXN001687,ORD001687,CUST00023,6167.39,524.48,524.48,0.0,MATCHED,LOW,56.19,MEDIUM,33.71,LOW
TXN001688,ORD001688,CUST00588,14849.46,14481.19,14481.19,0.0,MATCHED,LOW,5.34,LOW,3.2,LOW
TXN001689,ORD001689,CUST00645,12864.81,12500.57,12500.57,0.0,MATCHED,LOW,10.3,LOW,6.18,LOW
TXN001690,ORD001690,CUST00151,1492.21,1460.81,1460.81,0.0,MATCHED,LOW,14.84,LOW,8.9,LOW
TXN001691,ORD001691,CUST00185,12964.35,12621.15,12621.15,0.0,MATCHED,LOW,6.74,LOW,4.04,LOW
TXN001692,ORD001692,CUST00614,24234.17,23540.85,23540.85,0.0,MATCHED,LOW,48.75,MEDIUM,29.25,LOW
TXN001693,ORD001693,CUST00020,21974.87,21353.23,21353.23,0.0,MATCHED,LOW,29.73,LOW,17.84,LOW
TXN001694,ORD001694,CUST00678,20550.45,20216.36,,20216.36,MISSING_SETTLEMENT,CRITICAL,94.58,CRITICAL,91.86,CRITICAL
TXN001695,ORD001695,CUST00222,11285.16,10975.3,10975.3,0.0,MATCHED,LOW,6.59,LOW,3.95,LOW
TXN001696,ORD001696,CUST00494,4347.11,4277.49,4277.49,0.0,MATCHED,LOW,8.64,LOW,5.18,LOW
TXN001697,ORD001697,CUST00616,3653.53,3602.51,3602.51,0.0,MATCHED,LOW,13.17,LOW,7.9,LOW
TXN001698,ORD001698,CUST00187,15617.97,15210.68,15210.68,0.0,MATCHED,LOW,9.19,LOW,5.51,LOW
TXN001699,ORD001699,CUST00271,4276.27,4200.89,4200.89,0.0,MATCHED,LOW,7.78,LOW,4.67,LOW
TXN001700,ORD001700,CUST00351,23066.56,22555.81,22555.81,0.0,MATCHED,LOW,18.91,LOW,11.35,LOW
TXN001701,ORD001701,CUST00605,1814.19,1780.27,1780.27,0.0,MATCHED,LOW,13.65,LOW,8.19,LOW
TXN001702,ORD001702,CUST00395,3392.11,3307.15,3307.15,0.0,MATCHED,LOW,9.56,LOW,5.74,LOW
TXN001703,ORD001703,CUST00208,13115.51,12905.98,12905.98,0.0,MATCHED,LOW,4.34,LOW,2.6,LOW
TXN001704,ORD001704,CUST00430,20680.2,20281.38,20281.38,0.0,MATCHED,LOW,9.25,LOW,5.55,LOW
TXN001705,ORD001705,CUST00099,4517.81,4452.96,4452.96,0.0,MATCHED,LOW,11.06,LOW,6.64,LOW
TXN001706,ORD001706,CUST00615,1072.01,1056.03,1056.03,0.0,MATCHED,LOW,20.24,LOW,12.14,LOW
TXN001707,ORD001707,CUST00545,12632.9,12266.96,12266.96,0.0,MATCHED,LOW,12.11,LOW,7.27,LOW
TXN001708,ORD001708,CUST00096,12107.8,11870.75,11870.75,0.0,MATCHED,LOW,0.92,LOW,0.55,LOW
TXN001709,ORD001709,CUST00618,13528.22,13307.69,13307.69,0.0,MATCHED,LOW,3.3,LOW,1.98,LOW
TXN001710,ORD001710,CUST00695,16265.87,15904.21,15904.21,0.0,MATCHED,LOW,5.55,LOW,3.33,LOW
TXN001711,ORD001711,CUST00431,9322.4,9131.49,,9131.49,MISSING_SETTLEMENT,CRITICAL,75.83,HIGH,61.82,HIGH
TXN001712,ORD001712,CUST00543,10781.01,10582.29,10582.29,0.0,MATCHED,LOW,1.75,LOW,1.05,LOW
TXN001713,ORD001713,CUST00494,19759.93,19194.95,19194.95,0.0,MATCHED,LOW,21.87,LOW,13.12,LOW
TXN001714,ORD001714,CUST00359,14767.3,14510.32,14510.32,0.0,MATCHED,LOW,3.56,LOW,2.14,LOW
TXN001715,ORD001715,CUST00590,2533.15,1331.45,1331.45,0.0,MATCHED,LOW,39.66,MEDIUM,23.8,LOW
TXN001716,ORD001716,CUST00261,11980.82,11694.67,11694.67,0.0,MATCHED,LOW,2.7,LOW,1.62,LOW
TXN001717,ORD001717,CUST00086,7153.34,6946.96,6946.96,0.0,MATCHED,LOW,10.88,LOW,6.53,LOW
TXN001718,ORD001718,CUST00419,6519.34,6340.94,6340.94,0.0,MATCHED,LOW,7.63,LOW,4.58,LOW
TXN001719,ORD001719,CUST00008,14491.88,14080.53,14080.53,0.0,MATCHED,LOW,12.24,LOW,7.34,LOW
TXN001720,ORD001720,CUST00533,279.13,274.04,,274.04,MISSING_SETTLEMENT,MEDIUM,75.58,HIGH,46.66,MEDIUM
TXN001721,ORD001721,CUST00211,17225.39,16803.93,16803.93,0.0,MATCHED,LOW,6.02,LOW,3.61,LOW
TXN001722,ORD001722,CUST00419,9120.52,8880.31,8880.31,0.0,MATCHED,LOW,5.15,LOW,3.09,LOW
TXN001723,ORD001723,CUST00437,16324.24,16125.53,14839.15,1286.38,UNDER_SETTLED,MEDIUM,44.62,MEDIUM,29.46,LOW
TXN001724,ORD001724,CUST00268,21388.93,20770.53,20770.53,0.0,MATCHED,LOW,30.71,LOW,18.43,LOW
TXN001725,ORD001725,CUST00579,9204.54,8997.23,8997.23,0.0,MATCHED,LOW,1.75,LOW,1.05,LOW
TXN001726,ORD001726,CUST00697,9996.61,9729.76,9729.76,0.0,MATCHED,LOW,5.12,LOW,3.07,LOW
TXN001727,ORD001727,CUST00424,13847.41,13521.69,13521.69,0.0,MATCHED,LOW,2.21,LOW,1.33,LOW
TXN001728,ORD001728,CUST00495,4550.12,4420.65,4420.65,0.0,MATCHED,LOW,14.13,LOW,8.48,LOW
TXN001729,ORD001729,CUST00569,12145.63,11853.83,11853.83,0.0,MATCHED,LOW,1.64,LOW,0.98,LOW
TXN001730,ORD001730,CUST00592,8674.47,8451.0,8451.0,0.0,MATCHED,LOW,4.52,LOW,2.71,LOW
TXN001731,ORD001731,CUST00408,18420.98,18125.46,18125.46,0.0,MATCHED,LOW,6.7,LOW,4.02,LOW
TXN001732,ORD001732,CUST00122,18720.57,18316.51,18316.51,0.0,MATCHED,LOW,7.65,LOW,4.59,LOW
TXN001733,ORD001733,CUST00166,2596.94,2552.08,2552.08,0.0,MATCHED,LOW,11.67,LOW,7.0,LOW
TXN001734,ORD001734,CUST00411,19673.42,19107.52,19107.52,0.0,MATCHED,LOW,22.09,LOW,13.25,LOW
TXN001735,ORD001735,CUST00564,15389.23,15108.8,15108.8,0.0,MATCHED,LOW,4.09,LOW,2.45,LOW
TXN001736,ORD001736,CUST00054,4102.38,3010.47,3010.47,0.0,MATCHED,LOW,32.51,LOW,19.51,LOW
TXN001737,ORD001737,CUST00006,20128.8,19847.79,19847.79,0.0,MATCHED,LOW,12.56,LOW,7.54,LOW
TXN001738,ORD001738,CUST00483,23153.96,22525.44,22525.44,0.0,MATCHED,LOW,33.39,LOW,20.03,LOW
TXN001739,ORD001739,CUST00091,1695.6,1649.85,1649.85,0.0,MATCHED,LOW,18.05,LOW,10.83,LOW
TXN001740,ORD001740,CUST00380,2092.99,2053.9,2053.9,0.0,MATCHED,LOW,12.02,LOW,7.21,LOW
TXN001741,ORD001741,CUST00394,23274.06,22624.64,,22624.64,MISSING_SETTLEMENT,CRITICAL,99.81,CRITICAL,99.08,CRITICAL
TXN001742,ORD001742,CUST00629,16438.76,16130.44,16130.44,0.0,MATCHED,LOW,3.78,LOW,2.27,LOW
TXN001743,ORD001743,CUST00612,1530.83,1486.26,1486.26,0.0,MATCHED,LOW,22.72,LOW,13.63,LOW
TXN001744,ORD001744,CUST00180,16043.25,15781.37,15153.52,627.85,UNDER_SETTLED,MEDIUM,27.54,LOW,18.1,LOW
TXN001745,ORD001745,CUST00011,5122.51,5053.88,5053.88,0.0,MATCHED,LOW,11.16,LOW,6.7,LOW
TXN001746,ORD001746,CUST00531,7221.56,7031.19,7031.19,0.0,MATCHED,LOW,5.02,LOW,3.01,LOW
TXN001747,ORD001747,CUST00614,12812.64,12608.05,12608.05,0.0,MATCHED,LOW,4.61,LOW,2.77,LOW
TXN001748,ORD001748,CUST00238,15418.23,15178.88,15178.88,0.0,MATCHED,LOW,5.24,LOW,3.14,LOW
TXN001749,ORD001749,CUST00037,9057.53,8807.92,8807.92,0.0,MATCHED,LOW,7.97,LOW,4.78,LOW
TXN001750,ORD001750,CUST00001,24393.58,23710.29,23710.29,0.0,MATCHED,LOW,47.48,MEDIUM,28.49,LOW
TXN001751,ORD001751,CUST00283,19513.85,19065.52,19065.52,0.0,MATCHED,LOW,8.95,LOW,5.37,LOW
TXN001752,ORD001752,CUST00686,9939.06,9667.06,9667.06,0.0,MATCHED,LOW,7.1,LOW,4.26,LOW
TXN001753,ORD001753,CUST00206,12991.79,12662.17,12662.17,0.0,MATCHED,LOW,3.52,LOW,2.11,LOW
TXN001754,ORD001754,CUST00071,22987.52,22550.96,22550.96,0.0,MATCHED,LOW,15.12,LOW,9.07,LOW
TXN001755,ORD001755,CUST00292,18180.85,17955.41,17955.41,0.0,MATCHED,LOW,12.77,LOW,7.66,LOW
TXN001756,ORD001756,CUST00597,8767.57,8529.66,8529.66,0.0,MATCHED,LOW,6.8,LOW,4.08,LOW
TXN001757,ORD001757,CUST00232,15198.45,14797.66,14797.66,0.0,MATCHED,LOW,9.15,LOW,5.49,LOW
TXN001758,ORD001758,CUST00466,23249.87,22588.49,22588.49,0.0,MATCHED,LOW,42.13,MEDIUM,25.28,LOW
TXN001759,ORD001759,CUST00005,6601.58,6468.63,6468.63,0.0,MATCHED,LOW,1.64,LOW,0.98,LOW
TXN001760,ORD001760,CUST00519,2750.98,2698.41,2698.41,0.0,MATCHED,LOW,9.34,LOW,5.6,LOW
TXN001761,ORD001761,CUST00516,7426.87,7228.65,7228.65,0.0,MATCHED,LOW,7.12,LOW,4.27,LOW
TXN001762,ORD001762,CUST00526,23922.06,23336.02,23336.02,0.0,MATCHED,LOW,29.12,LOW,17.47,LOW
TXN001763,ORD001763,CUST00589,6328.52,6155.64,6155.64,0.0,MATCHED,LOW,7.47,LOW,4.48,LOW
TXN001764,ORD001764,CUST00387,14122.9,13751.21,13751.21,0.0,MATCHED,LOW,7.77,LOW,4.66,LOW
TXN001765,ORD001765,CUST00250,18961.08,18460.67,18460.67,0.0,MATCHED,LOW,12.15,LOW,7.29,LOW
TXN001766,ORD001766,CUST00470,17071.71,16659.21,16659.21,0.0,MATCHED,LOW,5.36,LOW,3.22,LOW
TXN001767,ORD001767,CUST00029,12101.06,11849.81,11849.81,0.0,MATCHED,LOW,1.37,LOW,0.82,LOW
TXN001768,ORD001768,CUST00070,9628.56,0.0,0.0,0.0,MATCHED,LOW,64.01,HIGH,38.41,MEDIUM
TXN001769,ORD001769,CUST00226,16955.13,16574.36,16574.36,0.0,MATCHED,LOW,5.76,LOW,3.46,LOW
TXN001770,ORD001770,CUST00324,10369.41,10097.75,10097.75,0.0,MATCHED,LOW,4.46,LOW,2.68,LOW
TXN001771,ORD001771,CUST00529,13437.73,13103.68,13103.68,0.0,MATCHED,LOW,3.03,LOW,1.82,LOW
TXN001772,ORD001772,CUST00270,6281.61,6157.1,6157.1,0.0,MATCHED,LOW,2.66,LOW,1.6,LOW
TXN001773,ORD001773,CUST00409,16875.08,8794.43,8794.43,0.0,MATCHED,LOW,50.17,MEDIUM,30.1,LOW
TXN001774,ORD001774,CUST00078,13908.33,13731.39,13731.39,0.0,MATCHED,LOW,10.07,LOW,6.04,LOW
TXN001775,ORD001775,CUST00488,7915.43,7732.14,7732.14,0.0,MATCHED,LOW,1.24,LOW,0.74,LOW
TXN001776,ORD001776,CUST00588,6799.99,6643.9,6643.9,0.0,MATCHED,LOW,2.3,LOW,1.38,LOW
TXN001777,ORD001777,CUST00700,23263.36,22663.14,22663.14,0.0,MATCHED,LOW,28.15,LOW,16.89,LOW
TXN001778,ORD001778,CUST00511,18454.09,18191.88,18191.88,0.0,MATCHED,LOW,8.46,LOW,5.08,LOW
TXN001779,ORD001779,CUST00248,21831.29,21418.86,21418.86,0.0,MATCHED,LOW,11.02,LOW,6.61,LOW
TXN001780,ORD001780,CUST00235,5148.89,5030.88,5030.88,0.0,MATCHED,LOW,6.78,LOW,4.07,LOW
TXN001781,ORD001781,CUST00634,8965.08,8809.51,8809.51,0.0,MATCHED,LOW,3.23,LOW,1.94,LOW
TXN001782,ORD001782,CUST00110,3084.97,3044.08,,3044.08,MISSING_SETTLEMENT,HIGH,75.46,HIGH,51.28,MEDIUM
TXN001783,ORD001783,CUST00693,23898.91,23550.14,23550.14,0.0,MATCHED,LOW,21.36,LOW,12.82,LOW
TXN001784,ORD001784,CUST00629,264.93,259.38,259.38,0.0,MATCHED,LOW,25.78,LOW,15.47,LOW
TXN001785,ORD001785,CUST00044,21215.46,20601.0,20601.0,0.0,MATCHED,LOW,29.82,LOW,17.89,LOW
TXN001786,ORD001786,CUST00636,7953.88,7743.08,7743.08,0.0,MATCHED,LOW,6.08,LOW,3.65,LOW
TXN001787,ORD001787,CUST00282,12321.05,10323.72,10323.72,0.0,MATCHED,LOW,19.95,LOW,11.97,LOW
TXN001788,ORD001788,CUST00524,7078.64,1436.46,1436.46,0.0,MATCHED,LOW,48.33,MEDIUM,29.0,LOW
TXN001789,ORD001789,CUST00591,3293.32,3214.48,3214.48,0.0,MATCHED,LOW,8.29,LOW,4.97,LOW
TXN001790,ORD001790,CUST00434,12010.17,11699.95,11699.95,0.0,MATCHED,LOW,4.71,LOW,2.83,LOW
TXN001791,ORD001791,CUST00034,12611.63,12391.51,12391.51,0.0,MATCHED,LOW,2.85,LOW,1.71,LOW
TXN001792,ORD001792,CUST00179,11484.18,11251.43,11251.43,0.0,MATCHED,LOW,0.23,LOW,0.14,LOW
TXN001793,ORD001793,CUST00531,11555.76,11269.03,11269.03,0.0,MATCHED,LOW,3.48,LOW,2.09,LOW
TXN001794,ORD001794,CUST00009,394.32,387.84,387.84,0.0,MATCHED,LOW,26.22,LOW,15.73,LOW
TXN001795,ORD001795,CUST00389,14567.1,14217.95,14217.95,0.0,MATCHED,LOW,4.01,LOW,2.41,LOW
TXN001796,ORD001796,CUST00371,15358.17,14952.19,14952.19,0.0,MATCHED,LOW,8.95,LOW,5.37,LOW
TXN001797,ORD001797,CUST00192,13759.23,13402.15,13402.15,0.0,MATCHED,LOW,6.63,LOW,3.98,LOW
TXN001798,ORD001798,CUST00276,11836.5,4593.65,4593.65,0.0,MATCHED,LOW,44.19,MEDIUM,26.51,LOW
TXN001799,ORD001799,CUST00352,9211.51,9035.23,9035.23,0.0,MATCHED,LOW,1.88,LOW,1.13,LOW
TXN001800,ORD001800,CUST00435,5342.26,5262.02,5262.02,0.0,MATCHED,LOW,7.6,LOW,4.56,LOW
TXN001801,ORD001801,CUST00382,9190.44,8939.43,8939.43,0.0,MATCHED,LOW,7.21,LOW,4.33,LOW
TXN001802,ORD001802,CUST00287,11323.15,11000.18,11000.18,0.0,MATCHED,LOW,9.03,LOW,5.42,LOW
TXN001803,ORD001803,CUST00135,24483.88,23811.73,23811.73,0.0,MATCHED,LOW,47.37,MEDIUM,28.42,LOW
TXN001804,ORD001804,CUST00235,20373.35,20051.99,20051.99,0.0,MATCHED,LOW,10.37,LOW,6.22,LOW
TXN001805,ORD001805,CUST00277,20121.78,19546.67,19546.67,0.0,MATCHED,LOW,23.43,LOW,14.06,LOW
TXN001806,ORD001806,CUST00443,21422.09,20819.29,20819.29,0.0,MATCHED,LOW,26.12,LOW,15.67,LOW
TXN001807,ORD001807,CUST00150,20020.93,19555.37,19555.37,0.0,MATCHED,LOW,9.25,LOW,5.55,LOW
TXN001808,ORD001808,CUST00154,11877.38,11605.5,11605.5,0.0,MATCHED,LOW,1.46,LOW,0.88,LOW
TXN001809,ORD001809,CUST00181,10595.86,10300.75,10300.75,0.0,MATCHED,LOW,7.58,LOW,4.55,LOW
TXN001810,ORD001810,CUST00646,12973.47,12596.7,12596.7,0.0,MATCHED,LOW,13.84,LOW,8.3,LOW
TXN001811,ORD001811,CUST00324,19654.79,19353.89,19353.89,0.0,MATCHED,LOW,8.95,LOW,5.37,LOW
TXN001812,ORD001812,CUST00257,14097.25,13755.92,12909.5,846.42,UNDER_SETTLED,MEDIUM,36.01,MEDIUM,23.55,LOW
TXN001813,ORD001813,CUST00049,10020.21,9872.04,9872.04,0.0,MATCHED,LOW,5.73,LOW,3.44,LOW
TXN001814,ORD001814,CUST00168,1594.91,1564.77,1564.77,0.0,MATCHED,LOW,14.63,LOW,8.78,LOW
TXN001815,ORD001815,CUST00488,20990.4,20583.36,20583.36,0.0,MATCHED,LOW,9.44,LOW,5.66,LOW
TXN001816,ORD001816,CUST00461,18640.37,18334.57,18334.57,0.0,MATCHED,LOW,5.96,LOW,3.58,LOW
TXN001817,ORD001817,CUST00370,9071.63,8950.28,8950.28,0.0,MATCHED,LOW,8.57,LOW,5.14,LOW
TXN001818,ORD001818,CUST00264,8669.09,8510.34,8510.34,0.0,MATCHED,LOW,2.79,LOW,1.67,LOW
TXN001819,ORD001819,CUST00125,8842.15,3355.7,3355.7,0.0,MATCHED,LOW,43.75,MEDIUM,26.25,LOW
TXN001820,ORD001820,CUST00621,5054.06,4983.92,4983.92,0.0,MATCHED,LOW,9.64,LOW,5.78,LOW
TXN001821,ORD001821,CUST00666,16263.36,15864.6,15864.6,0.0,MATCHED,LOW,6.64,LOW,3.98,LOW
TXN001822,ORD001822,CUST00292,8942.22,8767.83,8767.83,0.0,MATCHED,LOW,1.94,LOW,1.16,LOW
TXN001823,ORD001823,CUST00523,12238.59,11894.88,11894.88,0.0,MATCHED,LOW,8.22,LOW,4.93,LOW
TXN001824,ORD001824,CUST00458,22251.85,21810.58,21810.58,0.0,MATCHED,LOW,13.45,LOW,8.07,LOW
TXN001825,ORD001825,CUST00629,7234.44,5091.17,,5091.17,MISSING_SETTLEMENT,CRITICAL,81.94,CRITICAL,58.64,MEDIUM
TXN001826,ORD001826,CUST00149,21719.62,21417.76,21417.76,0.0,MATCHED,LOW,15.7,LOW,9.42,LOW
TXN001827,ORD001827,CUST00346,10603.23,10344.2,10344.2,0.0,MATCHED,LOW,1.39,LOW,0.83,LOW
TXN001828,ORD001828,CUST00586,10178.84,10024.4,10024.4,0.0,MATCHED,LOW,4.72,LOW,2.83,LOW
TXN001829,ORD001829,CUST00082,4133.79,4021.95,4021.95,0.0,MATCHED,LOW,12.41,LOW,7.45,LOW
TXN001830,ORD001830,CUST00322,7990.27,7785.37,7110.84,674.53,UNDER_SETTLED,MEDIUM,34.6,LOW,22.41,LOW
TXN001831,ORD001831,CUST00274,15174.09,14917.7,14917.7,0.0,MATCHED,LOW,3.88,LOW,2.33,LOW
TXN001832,ORD001832,CUST00278,22203.53,21747.32,21747.32,0.0,MATCHED,LOW,13.89,LOW,8.33,LOW
TXN001833,ORD001833,CUST00372,18722.6,18458.53,18458.53,0.0,MATCHED,LOW,8.82,LOW,5.29,LOW
TXN001834,ORD001834,CUST00462,10408.33,10127.75,10127.75,0.0,MATCHED,LOW,5.64,LOW,3.38,LOW
TXN001835,ORD001835,CUST00024,3213.49,3141.44,3141.44,0.0,MATCHED,LOW,8.05,LOW,4.83,LOW
TXN001836,ORD001836,CUST00678,6366.01,3141.51,3141.51,0.0,MATCHED,LOW,41.88,MEDIUM,25.13,LOW
TXN001837,ORD001837,CUST00082,5343.23,5253.42,5253.42,0.0,MATCHED,LOW,6.03,LOW,3.62,LOW
TXN001838,ORD001838,CUST00106,2479.29,2420.31,2420.31,0.0,MATCHED,LOW,10.98,LOW,6.59,LOW
TXN001839,ORD001839,CUST00562,1440.25,491.93,491.93,0.0,MATCHED,LOW,46.01,MEDIUM,27.61,LOW
TXN001840,ORD001840,CUST00407,13147.17,12896.96,12896.96,0.0,MATCHED,LOW,1.67,LOW,1.0,LOW
TXN001841,ORD001841,CUST00107,6635.06,6539.62,6539.62,0.0,MATCHED,LOW,6.48,LOW,3.89,LOW
TXN001842,ORD001842,CUST00087,16405.33,6127.5,6127.5,0.0,MATCHED,LOW,49.22,MEDIUM,29.53,LOW
TXN001843,ORD001843,CUST00317,5810.96,5715.46,5715.46,0.0,MATCHED,LOW,5.46,LOW,3.28,LOW
TXN001844,ORD001844,CUST00291,11134.69,10881.57,10881.57,0.0,MATCHED,LOW,1.1,LOW,0.66,LOW
TXN001845,ORD001845,CUST00135,13215.88,12847.68,12847.68,0.0,MATCHED,LOW,9.73,LOW,5.84,LOW
TXN001846,ORD001846,CUST00030,975.36,957.47,957.47,0.0,MATCHED,LOW,18.34,LOW,11.0,LOW
TXN001847,ORD001847,CUST00334,21619.6,21102.64,21102.64,0.0,MATCHED,LOW,14.62,LOW,8.77,LOW
TXN001848,ORD001848,CUST00554,23377.95,22912.51,22912.51,0.0,MATCHED,LOW,16.97,LOW,10.18,LOW
TXN001849,ORD001849,CUST00456,3464.36,3422.85,3422.85,0.0,MATCHED,LOW,18.33,LOW,11.0,LOW
TXN001850,ORD001850,CUST00553,4508.21,4444.38,4444.38,0.0,MATCHED,LOW,10.79,LOW,6.47,LOW
TXN001851,ORD001851,CUST00468,15813.08,15536.02,15536.02,0.0,MATCHED,LOW,3.91,LOW,2.35,LOW
TXN001852,ORD001852,CUST00578,10930.94,10667.87,10667.87,0.0,MATCHED,LOW,1.13,LOW,0.68,LOW
TXN001853,ORD001853,CUST00655,13391.22,13070.4,13070.4,0.0,MATCHED,LOW,1.82,LOW,1.09,LOW
TXN001854,ORD001854,CUST00494,13537.74,13207.07,13207.07,0.0,MATCHED,LOW,2.31,LOW,1.39,LOW
TXN001855,ORD001855,CUST00092,11102.32,10832.09,10832.09,0.0,MATCHED,LOW,2.14,LOW,1.28,LOW
TXN001856,ORD001856,CUST00423,6569.2,6406.09,6406.09,0.0,MATCHED,LOW,3.7,LOW,2.22,LOW
TXN001857,ORD001857,CUST00011,102.3,100.62,100.62,0.0,MATCHED,LOW,32.24,LOW,19.34,LOW
TXN001858,ORD001858,CUST00140,8662.73,8545.9,8545.9,0.0,MATCHED,LOW,8.3,LOW,4.98,LOW
TXN001859,ORD001859,CUST00548,307.1,303.16,303.16,0.0,MATCHED,LOW,31.88,LOW,19.13,LOW
TXN001860,ORD001860,CUST00489,7560.3,7426.55,7426.55,0.0,MATCHED,LOW,3.95,LOW,2.37,LOW
TXN001861,ORD001861,CUST00441,19969.32,19650.67,19650.67,0.0,MATCHED,LOW,9.34,LOW,5.6,LOW
TXN001862,ORD001862,CUST00237,19939.51,19383.68,19383.68,0.0,MATCHED,LOW,19.34,LOW,11.6,LOW
TXN001863,ORD001863,CUST00383,4795.42,4654.23,4654.23,0.0,MATCHED,LOW,15.67,LOW,9.4,LOW
TXN001864,ORD001864,CUST00448,9929.33,9647.07,9647.07,0.0,MATCHED,LOW,9.34,LOW,5.6,LOW
TXN001865,ORD001865,CUST00662,9804.11,9520.58,9520.58,0.0,MATCHED,LOW,10.84,LOW,6.5,LOW
TXN001866,ORD001866,CUST00226,6648.21,6499.36,6252.09,247.27,UNDER_SETTLED,MEDIUM,20.3,LOW,13.11,LOW
TXN001867,ORD001867,CUST00641,6065.09,5913.2,5913.2,0.0,MATCHED,LOW,5.7,LOW,3.42,LOW
TXN001868,ORD001868,CUST00628,20208.62,19953.88,19953.88,0.0,MATCHED,LOW,15.53,LOW,9.32,LOW
TXN001869,ORD001869,CUST00279,7188.45,7071.35,7071.35,0.0,MATCHED,LOW,3.85,LOW,2.31,LOW
TXN001870,ORD001870,CUST00545,20239.34,13415.38,13415.38,0.0,MATCHED,LOW,45.71,MEDIUM,27.43,LOW
TXN001871,ORD001871,CUST00193,21351.7,16003.53,16003.53,0.0,MATCHED,LOW,42.39,MEDIUM,25.43,LOW
TXN001872,ORD001872,CUST00140,7310.92,7173.58,,7173.58,MISSING_SETTLEMENT,CRITICAL,73.91,HIGH,57.35,MEDIUM
TXN001873,ORD001873,CUST00467,15481.46,15197.14,15197.14,0.0,MATCHED,LOW,3.54,LOW,2.12,LOW
TXN001874,ORD001874,CUST00638,12350.7,11993.34,11993.34,0.0,MATCHED,LOW,10.96,LOW,6.58,LOW
TXN001875,ORD001875,CUST00020,3888.52,3804.13,3804.13,0.0,MATCHED,LOW,6.73,LOW,4.04,LOW
TXN001876,ORD001876,CUST00023,4729.85,4625.44,4625.44,0.0,MATCHED,LOW,6.89,LOW,4.13,LOW
TXN001877,ORD001877,CUST00289,6802.96,6691.34,6691.34,0.0,MATCHED,LOW,3.79,LOW,2.27,LOW
TXN001878,ORD001878,CUST00449,18204.97,17827.83,17827.83,0.0,MATCHED,LOW,6.56,LOW,3.94,LOW
TXN001879,ORD001879,CUST00093,3852.02,3743.14,3743.14,0.0,MATCHED,LOW,14.04,LOW,8.42,LOW
TXN001880,ORD001880,CUST00223,8613.63,4823.17,4823.17,0.0,MATCHED,LOW,38.25,MEDIUM,22.95,LOW
TXN001881,ORD001881,CUST00511,24949.29,24596.64,24596.64,0.0,MATCHED,LOW,28.27,LOW,16.96,LOW
TXN001882,ORD001882,CUST00033,8323.19,8178.23,8178.23,0.0,MATCHED,LOW,3.37,LOW,2.02,LOW
TXN001883,ORD001883,CUST00150,1495.35,1463.67,1463.67,0.0,MATCHED,LOW,14.96,LOW,8.98,LOW
TXN001884,ORD001884,CUST00402,1877.48,1850.61,1850.61,0.0,MATCHED,LOW,17.27,LOW,10.36,LOW
TXN001885,ORD001885,CUST00186,4885.59,4817.83,4817.83,0.0,MATCHED,LOW,10.55,LOW,6.33,LOW
TXN001886,ORD001886,CUST00391,20723.48,20462.75,20462.75,0.0,MATCHED,LOW,18.14,LOW,10.88,LOW
TXN001887,ORD001887,CUST00255,9681.47,9545.32,9545.32,0.0,MATCHED,LOW,7.91,LOW,4.75,LOW
TXN001888,ORD001888,CUST00254,18466.71,17963.89,17963.89,0.0,MATCHED,LOW,13.93,LOW,8.36,LOW
TXN001889,ORD001889,CUST00204,11574.78,11267.17,11267.17,0.0,MATCHED,LOW,5.27,LOW,3.16,LOW
TXN001890,ORD001890,CUST00097,13076.36,1838.97,1838.97,0.0,MATCHED,LOW,59.42,MEDIUM,35.65,MEDIUM
TXN001891,ORD001891,CUST00485,9789.16,9513.16,9513.16,0.0,MATCHED,LOW,9.4,LOW,5.64,LOW
TXN001892,ORD001892,CUST00331,4049.42,3981.36,3981.36,0.0,MATCHED,LOW,7.37,LOW,4.42,LOW
TXN001893,ORD001893,CUST00044,18643.64,18134.26,18134.26,0.0,MATCHED,LOW,14.94,LOW,8.96,LOW
TXN001894,ORD001894,CUST00534,3141.32,3070.18,3070.18,0.0,MATCHED,LOW,8.65,LOW,5.19,LOW
TXN001895,ORD001895,CUST00654,7540.45,7349.83,7349.83,0.0,MATCHED,LOW,3.57,LOW,2.14,LOW
TXN001896,ORD001896,CUST00054,21605.08,21249.27,,21249.27,MISSING_SETTLEMENT,CRITICAL,95.94,CRITICAL,94.43,CRITICAL
TXN001897,ORD001897,CUST00116,5975.55,5871.93,5871.93,0.0,MATCHED,LOW,4.52,LOW,2.71,LOW
TXN001898,ORD001898,CUST00333,475.19,462.08,462.08,0.0,MATCHED,LOW,30.37,LOW,18.22,LOW
TXN001899,ORD001899,CUST00283,14658.95,14404.11,14404.11,0.0,MATCHED,LOW,3.68,LOW,2.21,LOW
TXN001900,ORD001900,CUST00249,322.35,312.87,312.87,0.0,MATCHED,LOW,33.9,LOW,20.34,LOW
TXN001901,ORD001901,CUST00596,19608.53,19112.1,19112.1,0.0,MATCHED,LOW,10.28,LOW,6.17,LOW
TXN001902,ORD001902,CUST00611,3959.3,3901.98,3901.98,0.0,MATCHED,LOW,10.15,LOW,6.09,LOW
TXN001903,ORD001903,CUST00092,6293.18,6123.9,6123.9,0.0,MATCHED,LOW,6.99,LOW,4.19,LOW
TXN001904,ORD001904,CUST00094,17180.02,16777.38,16777.38,0.0,MATCHED,LOW,5.72,LOW,3.43,LOW
TXN001905,ORD001905,CUST00641,1595.3,1553.94,1553.94,0.0,MATCHED,LOW,17.76,LOW,10.66,LOW
TXN001906,ORD001906,CUST00661,3932.57,3882.46,3882.46,0.0,MATCHED,LOW,14.81,LOW,8.89,LOW
TXN001907,ORD001907,CUST00110,3233.1,3186.44,3186.44,0.0,MATCHED,LOW,13.04,LOW,7.82,LOW
TXN001908,ORD001908,CUST00325,24543.73,24154.26,24154.26,0.0,MATCHED,LOW,24.89,LOW,14.93,LOW
TXN001909,ORD001909,CUST00661,18941.77,18706.23,18706.23,0.0,MATCHED,LOW,13.63,LOW,8.18,LOW
TXN001910,ORD001910,CUST00450,18356.4,18055.24,18055.24,0.0,MATCHED,LOW,5.91,LOW,3.55,LOW
TXN001911,ORD001911,CUST00387,9018.37,8799.27,8799.27,0.0,MATCHED,LOW,1.75,LOW,1.05,LOW
TXN001912,ORD001912,CUST00257,22476.71,22037.86,22037.86,0.0,MATCHED,LOW,14.51,LOW,8.71,LOW
TXN001913,ORD001913,CUST00449,14019.72,13607.33,13607.33,0.0,MATCHED,LOW,16.3,LOW,9.78,LOW
TXN001914,ORD001914,CUST00502,4825.42,4689.28,4689.28,0.0,MATCHED,LOW,13.06,LOW,7.84,LOW
TXN001915,ORD001915,CUST00557,8756.85,8647.19,8647.19,0.0,MATCHED,LOW,9.83,LOW,5.9,LOW
TXN001916,ORD001916,CUST00480,6955.58,6829.62,6829.62,0.0,MATCHED,LOW,4.08,LOW,2.45,LOW
TXN001917,ORD001917,CUST00568,4092.55,3992.9,3992.9,0.0,MATCHED,LOW,7.57,LOW,4.54,LOW
TXN001918,ORD001918,CUST00159,11289.67,11059.5,11059.5,0.0,MATCHED,LOW,0.06,LOW,0.04,LOW
TXN001919,ORD001919,CUST00555,9241.11,9051.43,9051.43,0.0,MATCHED,LOW,0.85,LOW,0.51,LOW
TXN001920,ORD001920,CUST00654,12698.35,12358.4,12358.4,0.0,MATCHED,LOW,7.24,LOW,4.34,LOW
TXN001921,ORD001921,CUST00190,22085.02,21485.54,21485.54,0.0,MATCHED,LOW,25.08,LOW,15.05,LOW
TXN001922,ORD001922,CUST00373,19422.81,19151.11,19151.11,0.0,MATCHED,LOW,10.78,LOW,6.47,LOW
TXN001923,ORD001923,CUST00329,18052.99,17810.06,17810.06,0.0,MATCHED,LOW,9.57,LOW,5.74,LOW
TXN001924,ORD001924,CUST00552,20494.34,19937.58,19937.58,0.0,MATCHED,LOW,18.86,LOW,11.32,LOW
TXN001925,ORD001925,CUST00537,17112.28,16855.64,16855.64,0.0,MATCHED,LOW,6.64,LOW,3.98,LOW
TXN001926,ORD001926,CUST00565,3937.87,2908.49,2908.49,0.0,MATCHED,LOW,32.73,LOW,19.64,LOW
TXN001927,ORD001927,CUST00331,10304.13,10089.76,10089.76,0.0,MATCHED,LOW,1.06,LOW,0.64,LOW
TXN001928,ORD001928,CUST00114,2496.78,2455.27,2455.27,0.0,MATCHED,LOW,12.17,LOW,7.3,LOW
TXN001929,ORD001929,CUST00069,1190.05,1157.25,1157.25,0.0,MATCHED,LOW,21.63,LOW,12.98,LOW
TXN001930,ORD001930,CUST00183,21849.97,17763.8,17763.8,0.0,MATCHED,LOW,37.06,MEDIUM,22.24,LOW
TXN001931,ORD001931,CUST00110,12185.72,11916.07,11916.07,0.0,MATCHED,LOW,1.7,LOW,1.02,LOW
TXN001932,ORD001932,CUST00033,14318.2,13903.01,13903.01,0.0,MATCHED,LOW,14.76,LOW,8.86,LOW
TXN001933,ORD001933,CUST00674,12298.75,12039.11,12039.11,0.0,MATCHED,LOW,1.55,LOW,0.93,LOW
TXN001934,ORD001934,CUST00605,6472.87,6331.09,6331.09,0.0,MATCHED,LOW,2.92,LOW,1.75,LOW
TXN001935,ORD001935,CUST00227,15188.25,14897.09,14897.09,0.0,MATCHED,LOW,3.0,LOW,1.8,LOW
TXN001936,ORD001936,CUST00014,23262.25,22956.12,22956.12,0.0,MATCHED,LOW,21.67,LOW,13.0,LOW
TXN001937,ORD001937,CUST00672,12336.0,12022.69,12022.69,0.0,MATCHED,LOW,2.73,LOW,1.64,LOW
TXN001938,ORD001938,CUST00480,20045.4,19568.69,19568.69,0.0,MATCHED,LOW,8.82,LOW,5.29,LOW
TXN001939,ORD001939,CUST00370,13994.7,13609.76,13609.76,0.0,MATCHED,LOW,10.68,LOW,6.41,LOW
TXN001940,ORD001940,CUST00378,19876.81,2858.97,2858.97,0.0,MATCHED,LOW,70.72,HIGH,42.43,MEDIUM
TXN001941,ORD001941,CUST00632,6718.81,6558.51,6558.51,0.0,MATCHED,LOW,1.86,LOW,1.12,LOW
TXN001942,ORD001942,CUST00073,20877.97,20380.08,20380.08,0.0,MATCHED,LOW,9.91,LOW,5.95,LOW
TXN001943,ORD001943,CUST00222,24018.61,15797.38,,15797.38,MISSING_SETTLEMENT,CRITICAL,100.0,CRITICAL,87.62,CRITICAL
TXN001944,ORD001944,CUST00104,18156.78,17752.81,17752.81,0.0,MATCHED,LOW,6.5,LOW,3.9,LOW
TXN001945,ORD001945,CUST00395,4817.56,4679.61,4679.61,0.0,MATCHED,LOW,14.42,LOW,8.65,LOW
TXN001946,ORD001946,CUST00673,6294.2,6126.69,6126.69,0.0,MATCHED,LOW,6.51,LOW,3.91,LOW
TXN001947,ORD001947,CUST00184,14004.74,220.63,220.63,0.0,MATCHED,LOW,72.38,HIGH,43.43,MEDIUM
TXN001948,ORD001948,CUST00426,18678.1,18430.9,18430.9,0.0,MATCHED,LOW,10.43,LOW,6.26,LOW
TXN001949,ORD001949,CUST00654,14456.44,14073.29,14073.29,0.0,MATCHED,LOW,8.69,LOW,5.21,LOW
TXN001950,ORD001950,CUST00470,17593.51,17180.52,17180.52,0.0,MATCHED,LOW,5.34,LOW,3.2,LOW
TXN001951,ORD001951,CUST00107,4253.55,4169.17,4169.17,0.0,MATCHED,LOW,6.43,LOW,3.86,LOW
TXN001952,ORD001952,CUST00564,10098.77,9808.87,9808.87,0.0,MATCHED,LOW,9.81,LOW,5.89,LOW
TXN001953,ORD001953,CUST00674,4038.59,3948.46,3948.46,0.0,MATCHED,LOW,7.54,LOW,4.52,LOW
TXN001954,ORD001954,CUST00454,23344.65,23066.78,23066.78,0.0,MATCHED,LOW,28.15,LOW,16.89,LOW
TXN001955,ORD001955,CUST00564,24787.43,24069.46,24069.46,0.0,MATCHED,LOW,55.29,MEDIUM,33.17,LOW
TXN001956,ORD001956,CUST00381,10367.35,10124.6,10124.6,0.0,MATCHED,LOW,0.61,LOW,0.37,LOW
TXN001957,ORD001957,CUST00441,20671.26,20079.42,20079.42,0.0,MATCHED,LOW,25.78,LOW,15.47,LOW
TXN001958,ORD001958,CUST00624,6093.99,5987.03,5987.03,0.0,MATCHED,LOW,4.11,LOW,2.47,LOW
TXN001959,ORD001959,CUST00220,9439.07,9205.47,9205.47,0.0,MATCHED,LOW,2.64,LOW,1.58,LOW
TXN001960,ORD001960,CUST00261,9064.21,2287.49,2287.49,0.0,MATCHED,LOW,45.74,MEDIUM,27.44,LOW
TXN001961,ORD001961,CUST00459,23999.63,23309.73,23309.73,0.0,MATCHED,LOW,47.94,MEDIUM,28.76,LOW
TXN001962,ORD001962,CUST00036,24575.62,24038.05,24038.05,0.0,MATCHED,LOW,31.53,LOW,18.92,LOW
TXN001963,ORD001963,CUST00017,12988.47,12786.62,12786.62,0.0,MATCHED,LOW,4.81,LOW,2.89,LOW
TXN001964,ORD001964,CUST00007,7578.32,7482.36,7482.36,0.0,MATCHED,LOW,9.76,LOW,5.86,LOW
TXN001965,ORD001965,CUST00220,21407.44,20910.94,20910.94,0.0,MATCHED,LOW,10.69,LOW,6.41,LOW
TXN001966,ORD001966,CUST00283,22985.89,22583.18,22583.18,0.0,MATCHED,LOW,14.97,LOW,8.98,LOW
TXN001967,ORD001967,CUST00570,14309.64,14126.72,14126.72,0.0,MATCHED,LOW,9.85,LOW,5.91,LOW
TXN001968,ORD001968,CUST00159,2447.75,2415.81,2415.81,0.0,MATCHED,LOW,18.22,LOW,10.93,LOW
TXN001969,ORD001969,CUST00365,3987.07,3872.85,3872.85,0.0,MATCHED,LOW,15.4,LOW,9.24,LOW
TXN001970,ORD001970,CUST00376,22251.67,11059.68,11059.68,0.0,MATCHED,LOW,57.33,MEDIUM,34.4,LOW
TXN001971,ORD001971,CUST00239,6480.47,6358.25,6358.25,0.0,MATCHED,LOW,3.37,LOW,2.02,LOW
TXN001972,ORD001972,CUST00095,14305.13,14091.26,14091.26,0.0,MATCHED,LOW,5.56,LOW,3.34,LOW
TXN001973,ORD001973,CUST00223,18383.22,17852.29,17852.29,0.0,MATCHED,LOW,21.38,LOW,12.83,LOW
TXN001974,ORD001974,CUST00333,19843.31,19305.17,19305.17,0.0,MATCHED,LOW,17.09,LOW,10.25,LOW
TXN001975,ORD001975,CUST00500,20660.06,20383.66,20383.66,0.0,MATCHED,LOW,15.83,LOW,9.5,LOW
TXN001976,ORD001976,CUST00591,20505.93,19954.6,19954.6,0.0,MATCHED,LOW,17.58,LOW,10.55,LOW
TXN001977,ORD001977,CUST00610,16092.14,15855.84,15855.84,0.0,MATCHED,LOW,5.49,LOW,3.29,LOW
TXN001978,ORD001978,CUST00591,9600.5,9354.75,,9354.75,MISSING_SETTLEMENT,CRITICAL,77.83,HIGH,63.4,HIGH
TXN001979,ORD001979,CUST00058,23054.6,22666.29,22666.29,0.0,MATCHED,LOW,16.6,LOW,9.96,LOW
TXN001980,ORD001980,CUST00357,22006.83,21454.01,20867.37,586.64,UNDER_SETTLED,MEDIUM,42.3,MEDIUM,26.88,LOW
TXN001981,ORD001981,CUST00427,23263.13,22719.3,22719.3,0.0,MATCHED,LOW,23.73,LOW,14.24,LOW
TXN001982,ORD001982,CUST00233,18717.2,18456.38,18456.38,0.0,MATCHED,LOW,9.41,LOW,5.65,LOW
TXN001983,ORD001983,CUST00012,15883.79,15558.36,15558.36,0.0,MATCHED,LOW,3.83,LOW,2.3,LOW
TXN001984,ORD001984,CUST00392,1447.79,1419.62,1419.62,0.0,MATCHED,LOW,15.96,LOW,9.58,LOW
TXN001985,ORD001985,CUST00043,8050.98,7841.07,,7841.07,MISSING_SETTLEMENT,CRITICAL,74.82,HIGH,59.03,MEDIUM
TXN001986,ORD001986,CUST00154,8238.11,8095.68,8095.68,0.0,MATCHED,LOW,3.34,LOW,2.0,LOW
TXN001987,ORD001987,CUST00227,3914.62,3820.96,3820.96,0.0,MATCHED,LOW,7.22,LOW,4.33,LOW
TXN001988,ORD001988,CUST00403,24278.9,23935.99,23935.99,0.0,MATCHED,LOW,22.76,LOW,13.66,LOW
TXN001989,ORD001989,CUST00610,14423.85,14083.74,14083.74,0.0,MATCHED,LOW,3.14,LOW,1.88,LOW
TXN001990,ORD001990,CUST00228,10855.2,10567.24,10567.24,0.0,MATCHED,LOW,5.29,LOW,3.17,LOW
TXN001991,ORD001991,CUST00404,3785.51,3706.5,3706.5,0.0,MATCHED,LOW,7.48,LOW,4.49,LOW
TXN001992,ORD001992,CUST00085,11948.78,11704.24,11704.24,0.0,MATCHED,LOW,0.98,LOW,0.59,LOW
TXN001993,ORD001993,CUST00051,13748.99,13371.28,13371.28,0.0,MATCHED,LOW,10.4,LOW,6.24,LOW
TXN001994,ORD001994,CUST00088,10023.32,9820.51,9820.51,0.0,MATCHED,LOW,1.23,LOW,0.74,LOW
TXN001995,ORD001995,CUST00134,19074.62,18659.44,18659.44,0.0,MATCHED,LOW,7.49,LOW,4.49,LOW
TXN001996,ORD001996,CUST00573,5032.9,4935.82,4935.82,0.0,MATCHED,LOW,5.77,LOW,3.46,LOW
TXN001997,ORD001997,CUST00668,14326.13,13965.25,13965.25,0.0,MATCHED,LOW,4.88,LOW,2.93,LOW
TXN001998,ORD001998,CUST00631,24927.26,24275.3,24275.3,0.0,MATCHED,LOW,46.82,MEDIUM,28.09,LOW
TXN001999,ORD001999,CUST00253,6133.65,5994.62,5994.62,0.0,MATCHED,LOW,3.88,LOW,2.33,LOW
TXN002000,ORD002000,CUST00441,8152.95,7994.1,7994.1,0.0,MATCHED,LOW,1.57,LOW,0.94,LOW
