transaction_id,order_id,customer_id,amount,payment_date,payment_status,gateway_fee,tax_on_fee,refund_amount,settled_amount,settlement_id,expected_settlement,difference,status
TXN000001,ORD000001,CUST00655,2872.14,2026-08-24,SUCCESS,32.58,5.86,0.0,2833.7,SET000001,2833.7,0.0,MATCHED
TXN000002,ORD000002,CUST00282,6197.81,2026-08-05,SUCCESS,124.43,22.4,2526.04,3524.94,SET000002,3524.94,0.0,MATCHED
TXN000003,ORD000003,CUST00105,16949.82,2026-08-18,SUCCESS,277.18,49.89,0.0,16622.75,SET000003,16622.75,0.0,MATCHED
TXN000004,ORD000004,CUST00090,14803.26,2026-08-02,SUCCESS,225.37,40.57,0.0,14537.32,SET000004,14537.32,0.0,MATCHED
TXN000005,ORD000005,CUST00031,2433.01,2026-08-08,SUCCESS,36.04,6.49,0.0,2390.48,SET000005,2390.48,0.0,MATCHED
TXN000006,ORD000006,CUST00518,15090.27,2026-08-18,SUCCESS,285.33,51.36,0.0,14753.58,SET000006,14753.58,0.0,MATCHED
TXN000007,ORD000007,CUST00204,17928.89,2026-08-23,SUCCESS,185.8,33.44,0.0,17709.65,SET000007,17709.65,0.0,MATCHED
TXN000008,ORD000008,CUST00559,10546.04,2026-08-15,SUCCESS,153.68,27.66,0.0,10364.7,SET000008,10364.7,0.0,MATCHED
TXN000009,ORD000009,CUST00604,7026.95,2026-08-01,SUCCESS,174.37,31.39,0.0,6821.19,SET000009,6821.19,0.0,MATCHED
TXN000010,ORD000010,CUST00164,17483.67,2026-08-11,SUCCESS,336.44,60.56,0.0,17086.67,SET000010,17086.67,0.0,MATCHED
TXN000011,ORD000011,CUST00285,3971.44,2026-08-25,SUCCESS,98.7,17.77,0.0,3854.97,SET000011,3854.97,0.0,MATCHED
TXN000012,ORD000012,CUST00345,2645.04,2026-08-13,SUCCESS,44.0,7.92,0.0,2593.12,SET000012,2593.12,0.0,MATCHED
TXN000013,ORD000013,CUST00100,9038.59,2026-08-12,SUCCESS,110.16,19.83,0.0,8908.6,SET000013,8908.6,0.0,MATCHED
TXN000014,ORD000014,CUST00619,6686.57,2026-08-02,SUCCESS,71.37,12.85,0.0,6602.35,SET000014,6602.35,0.0,MATCHED
TXN000015,ORD000015,CUST00471,13452.08,2026-08-13,SUCCESS,299.61,53.93,0.0,13098.54,SET000015,13098.54,0.0,MATCHED
TXN000016,ORD000016,CUST00081,13845.81,2026-08-21,SUCCESS,179.93,32.39,0.0,13633.49,SET000016,13633.49,0.0,MATCHED
TXN000017,ORD000017,CUST00634,22147.75,2026-08-12,SUCCESS,345.67,62.22,0.0,21739.86,SET000017,21739.86,0.0,MATCHED
TXN000018,ORD000018,CUST00592,4887.99,2026-08-03,SUCCESS,104.44,18.8,0.0,4764.75,SET000018,4764.75,0.0,MATCHED
TXN000019,ORD000019,CUST00047,16565.46,2026-08-25,SUCCESS,377.55,67.96,0.0,16119.95,SET000019,16119.95,0.0,MATCHED
TXN000020,ORD000020,CUST00297,24632.02,2026-08-08,SUCCESS,287.84,51.81,4159.84,20132.53,SET000020,20132.53,0.0,MATCHED
TXN000021,ORD000021,CUST00104,9565.14,2026-08-15,SUCCESS,103.48,18.63,1883.08,7559.95,SET000021,7559.95,0.0,MATCHED
TXN000022,ORD000022,CUST00651,20869.35,2026-08-06,SUCCESS,505.75,91.03,0.0,20272.57,SET000022,20272.57,0.0,MATCHED
TXN000023,ORD000023,CUST00380,8946.24,2026-08-22,SUCCESS,213.82,38.49,0.0,8693.93,SET000023,8693.93,0.0,MATCHED
TXN000024,ORD000024,CUST00274,17575.33,2026-08-22,SUCCESS,404.78,72.86,0.0,17097.69,SET000024,17097.69,0.0,MATCHED
TXN000025,ORD000025,CUST00664,1877.92,2026-08-21,SUCCESS,41.88,7.54,0.0,1828.5,SET000025,1828.5,0.0,MATCHED
TXN000026,ORD000026,CUST00176,13400.08,2026-08-08,SUCCESS,136.76,24.62,0.0,13238.7,SET000026,13238.7,0.0,MATCHED
TXN000027,ORD000027,CUST00168,11610.28,2026-08-09,SUCCESS,236.93,42.65,0.0,11330.7,SET000027,11330.7,0.0,MATCHED
TXN000028,ORD000028,CUST00656,17235.23,2026-08-08,SUCCESS,201.12,36.2,0.0,16997.91,SET000028,16997.91,0.0,MATCHED
TXN000029,ORD000029,CUST00333,21087.01,2026-08-25,SUCCESS,353.23,63.58,0.0,20670.2,SET000029,20670.2,0.0,MATCHED
TXN000030,ORD000030,CUST00058,5803.3,2026-08-02,SUCCESS,60.01,10.8,0.0,5732.49,SET000030,5732.49,0.0,MATCHED
TXN000031,ORD000031,CUST00324,10089.0,2026-08-03,SUCCESS,132.52,23.85,0.0,9343.54,SET000031,9932.63,589.09,UNDER_SETTLED
TXN000032,ORD000032,CUST00217,22837.09,2026-08-19,SUCCESS,412.67,74.28,0.0,22350.14,SET000032,22350.14,0.0,MATCHED
TXN000033,ORD000033,CUST00323,5394.4,2026-08-16,SUCCESS,70.43,12.68,0.0,5311.29,SET000033,5311.29,0.0,MATCHED
TXN000034,ORD000034,CUST00406,22128.61,2026-08-21,SUCCESS,394.97,71.09,0.0,21662.55,SET000034,21662.55,0.0,MATCHED
TXN000035,ORD000035,CUST00470,3657.5,2026-08-05,SUCCESS,50.77,9.14,0.0,3597.59,SET000035,3597.59,0.0,MATCHED
TXN000036,ORD000036,CUST00253,18650.23,2026-08-18,SUCCESS,321.63,57.89,0.0,17977.79,SET000036,18270.71,292.92,UNDER_SETTLED
TXN000037,ORD000037,CUST00270,18700.64,2026-08-14,SUCCESS,391.76,70.52,0.0,18238.36,SET000037,18238.36,0.0,MATCHED
TXN000038,ORD000038,CUST00598,10045.07,2026-08-08,SUCCESS,121.75,21.91,0.0,9901.41,SET000038,9901.41,0.0,MATCHED
TXN000039,ORD000039,CUST00142,12787.2,2026-08-03,SUCCESS,261.9,47.14,0.0,12478.16,SET000039,12478.16,0.0,MATCHED
TXN000040,ORD000040,CUST00049,21541.46,2026-08-05,SUCCESS,221.36,39.84,0.0,21031.85,SET000040,21280.26,248.41,UNDER_SETTLED
TXN000041,ORD000041,CUST00643,4083.55,2026-08-22,SUCCESS,76.55,13.78,0.0,3993.22,SET000041,3993.22,0.0,MATCHED
TXN000042,ORD000042,CUST00433,14950.58,2026-08-13,SUCCESS,298.31,53.7,0.0,14598.57,SET000042,14598.57,0.0,MATCHED
TXN000043,ORD000043,CUST00391,14937.62,2026-08-15,SUCCESS,159.12,28.64,0.0,14749.86,SET000043,14749.86,0.0,MATCHED
TXN000044,ORD000044,CUST00542,6360.21,2026-08-18,SUCCESS,79.85,14.37,0.0,6265.99,SET000044,6265.99,0.0,MATCHED
TXN000045,ORD000045,CUST00012,17039.06,2026-08-04,SUCCESS,242.98,43.74,0.0,,,16752.34,,MISSING_SETTLEMENT
TXN000046,ORD000046,CUST00699,22131.23,2026-08-25,SUCCESS,483.3,86.99,0.0,21560.94,SET000045,21560.94,0.0,MATCHED
TXN000047,ORD000047,CUST00274,19238.11,2026-08-11,SUCCESS,370.71,66.73,0.0,18800.67,SET000046,18800.67,0.0,MATCHED
TXN000048,ORD000048,CUST00115,7408.15,2026-08-06,SUCCESS,79.98,14.4,0.0,7313.77,SET000047,7313.77,0.0,MATCHED
TXN000049,ORD000049,CUST00465,180.81,2026-08-24,SUCCESS,3.58,0.64,0.0,176.59,SET000048,176.59,0.0,MATCHED
TXN000050,ORD000050,CUST00270,24300.01,2026-08-25,SUCCESS,246.04,44.29,0.0,24009.68,SET000049,24009.68,0.0,MATCHED
TXN000051,ORD000051,CUST00183,12741.27,2026-08-04,SUCCESS,201.69,36.3,0.0,12503.28,SET000050,12503.28,0.0,MATCHED
TXN000052,ORD000052,CUST00641,7531.28,2026-08-21,SUCCESS,105.96,19.07,1543.99,5862.26,SET000051,5862.26,0.0,MATCHED
TXN000053,ORD000053,CUST00520,15263.36,2026-08-05,SUCCESS,347.72,62.59,0.0,14853.05,SET000052,14853.05,0.0,MATCHED
TXN000054,ORD000054,CUST00383,19086.52,2026-08-18,SUCCESS,379.85,68.37,0.0,18638.3,SET000053,18638.3,0.0,MATCHED
TXN000055,ORD000055,CUST00544,22970.49,2026-08-20,SUCCESS,527.5,94.95,0.0,22348.04,SET000054,22348.04,0.0,MATCHED
TXN000056,ORD000056,CUST00332,12266.28,2026-08-04,SUCCESS,126.17,22.71,0.0,12117.4,SET000055,12117.4,0.0,MATCHED
TXN000057,ORD000057,CUST00372,21980.17,2026-08-26,SUCCESS,505.79,91.04,0.0,21383.34,SET000056,21383.34,0.0,MATCHED
TXN000058,ORD000058,CUST00315,6062.36,2026-08-08,SUCCESS,119.68,21.54,0.0,5921.14,SET000057,5921.14,0.0,MATCHED
TXN000059,ORD000059,CUST00581,23679.04,2026-08-03,SUCCESS,318.9,57.4,0.0,23302.74,SET000058,23302.74,0.0,MATCHED
TXN000060,ORD000060,CUST00498,20418.98,2026-08-25,SUCCESS,320.79,57.74,0.0,20040.45,SET000059,20040.45,0.0,MATCHED
TXN000061,ORD000061,CUST00546,19169.28,2026-08-05,SUCCESS,472.51,85.05,0.0,18611.72,SET000060,18611.72,0.0,MATCHED
TXN000062,ORD000062,CUST00676,11934.53,2026-08-18,SUCCESS,137.18,24.69,0.0,11772.66,SET000061,11772.66,0.0,MATCHED
TXN000063,ORD000063,CUST00170,6699.91,2026-08-20,SUCCESS,98.7,17.77,0.0,6583.44,SET000062,6583.44,0.0,MATCHED
TXN000064,ORD000064,CUST00434,24112.64,2026-08-18,SUCCESS,554.63,99.83,0.0,23458.18,SET000063,23458.18,0.0,MATCHED
TXN000065,ORD000065,CUST00206,17852.43,2026-08-13,SUCCESS,320.87,57.76,0.0,17473.8,SET000064,17473.8,0.0,MATCHED
TXN000066,ORD000066,CUST00688,16281.96,2026-08-15,SUCCESS,208.35,37.5,0.0,16036.11,SET000065,16036.11,0.0,MATCHED
TXN000067,ORD000067,CUST00530,11342.0,2026-08-08,SUCCESS,198.6,35.75,0.0,11107.65,SET000066,11107.65,0.0,MATCHED
TXN000068,ORD000068,CUST00231,1694.24,2026-08-01,SUCCESS,28.58,5.14,340.07,1320.45,SET000067,1320.45,0.0,MATCHED
TXN000069,ORD000069,CUST00603,13892.65,2026-08-19,SUCCESS,331.97,59.75,13524.05,0.0,SET000068,0.0,0.0,MATCHED
TXN000070,ORD000070,CUST00226,279.05,2026-08-23,SUCCESS,2.88,0.52,0.0,275.65,SET000069,275.65,0.0,MATCHED
TXN000071,ORD000071,CUST00647,1565.96,2026-08-03,SUCCESS,21.47,3.86,0.0,1540.63,SET000070,1540.63,0.0,MATCHED
TXN000072,ORD000072,CUST00033,21504.92,2026-08-03,SUCCESS,385.82,69.45,0.0,21049.65,SET000071,21049.65,0.0,MATCHED
TXN000073,ORD000073,CUST00527,6026.32,2026-08-22,SUCCESS,90.42,16.28,0.0,5919.62,SET000072,5919.62,0.0,MATCHED
TXN000074,ORD000074,CUST00498,5434.5,2026-08-05,SUCCESS,86.41,15.55,0.0,4712.47,SET000073,5332.54,620.07,UNDER_SETTLED
TXN000075,ORD000075,CUST00585,14447.67,2026-08-08,SUCCESS,178.5,32.13,0.0,14237.04,SET000074,14237.04,0.0,MATCHED
TXN000076,ORD000076,CUST00485,20206.68,2026-08-07,SUCCESS,307.18,55.29,0.0,19844.21,SET000075,19844.21,0.0,MATCHED
TXN000077,ORD000077,CUST00097,2513.58,2026-08-14,SUCCESS,38.4,6.91,0.0,2468.27,SET000076,2468.27,0.0,MATCHED
TXN000078,ORD000078,CUST00363,10647.11,2026-08-15,SUCCESS,206.32,37.14,0.0,,,10403.65,,MISSING_SETTLEMENT
TXN000079,ORD000079,CUST00056,16866.78,2026-08-21,SUCCESS,228.43,41.12,0.0,16597.23,SET000077,16597.23,0.0,MATCHED
TXN000080,ORD000080,CUST00101,1609.26,2026-08-24,SUCCESS,39.71,7.15,0.0,1562.4,SET000078,1562.4,0.0,MATCHED
TXN000081,ORD000081,CUST00348,20034.75,2026-08-04,SUCCESS,350.98,63.18,4998.57,14622.02,SET000079,14622.02,0.0,MATCHED
TXN000082,ORD000082,CUST00255,4870.59,2026-08-18,SUCCESS,108.02,19.44,0.0,4743.13,SET000080,4743.13,0.0,MATCHED
TXN000083,ORD000083,CUST00460,3590.54,2026-08-06,SUCCESS,69.61,12.53,0.0,3508.4,SET000081,3508.4,0.0,MATCHED
TXN000084,ORD000084,CUST00286,11619.44,2026-08-03,SUCCESS,269.34,48.48,0.0,11301.62,SET000082,11301.62,0.0,MATCHED
TXN000085,ORD000085,CUST00454,20219.75,2026-08-18,SUCCESS,472.25,85.0,0.0,19662.5,SET000083,19662.5,0.0,MATCHED
TXN000086,ORD000086,CUST00101,1359.65,2026-08-18,SUCCESS,30.22,5.44,0.0,0.0,SET000084,1323.99,1323.99,UNDER_SETTLED
TXN000087,ORD000087,CUST00016,24228.01,2026-08-25,SUCCESS,252.99,45.54,0.0,23389.07,SET000085,23929.48,540.41,UNDER_SETTLED
TXN000088,ORD000088,CUST00243,4241.15,2026-08-16,SUCCESS,77.72,13.99,0.0,,,4149.44,,MISSING_SETTLEMENT
TXN000089,ORD000089,CUST00493,5422.31,2026-08-13,SUCCESS,77.01,13.86,0.0,5331.44,SET000086,5331.44,0.0,MATCHED
TXN000090,ORD000090,CUST00061,4199.46,2026-08-01,SUCCESS,51.55,9.28,0.0,4138.63,SET000087,4138.63,0.0,MATCHED
TXN000091,ORD000091,CUST00400,6703.56,2026-08-26,SUCCESS,157.25,28.3,717.86,5800.15,SET000088,5800.15,0.0,MATCHED
TXN000092,ORD000092,CUST00466,7202.71,2026-08-23,SUCCESS,143.0,25.74,0.0,7033.97,SET000089,7033.97,0.0,MATCHED
TXN000093,ORD000093,CUST00570,16580.6,2026-08-16,SUCCESS,187.64,33.78,0.0,16359.18,SET000090,16359.18,0.0,MATCHED
TXN000094,ORD000094,CUST00159,4828.46,2026-08-07,SUCCESS,75.97,13.67,0.0,4738.82,SET000091,4738.82,0.0,MATCHED
TXN000095,ORD000095,CUST00060,14521.59,2026-08-18,SUCCESS,354.46,63.8,0.0,14103.33,SET000092,14103.33,0.0,MATCHED
TXN000096,ORD000096,CUST00063,18724.59,2026-08-02,SUCCESS,359.26,64.67,0.0,18300.66,SET000093,18300.66,0.0,MATCHED
TXN000097,ORD000097,CUST00052,14646.02,2026-08-17,SUCCESS,283.88,51.1,0.0,,,14311.04,,MISSING_SETTLEMENT
TXN000098,ORD000098,CUST00544,4020.07,2026-08-17,SUCCESS,53.91,9.7,0.0,3956.46,SET000094,3956.46,0.0,MATCHED
TXN000099,ORD000099,CUST00083,21298.43,2026-08-03,SUCCESS,289.77,52.16,0.0,20956.5,SET000095,20956.5,0.0,MATCHED
TXN000100,ORD000100,CUST00610,1792.23,2026-08-08,SUCCESS,22.03,3.97,0.0,1766.23,SET000096,1766.23,0.0,MATCHED
TXN000101,ORD000101,CUST00414,3085.18,2026-08-19,SUCCESS,75.77,13.64,0.0,2995.77,SET000097,2995.77,0.0,MATCHED
TXN000102,ORD000102,CUST00253,14515.08,2026-08-02,SUCCESS,343.22,61.78,0.0,14110.08,SET000098,14110.08,0.0,MATCHED
TXN000103,ORD000103,CUST00635,2141.39,2026-08-22,SUCCESS,31.99,5.76,0.0,2103.64,SET000099,2103.64,0.0,MATCHED
TXN000104,ORD000104,CUST00598,14174.15,2026-08-11,SUCCESS,257.03,46.27,0.0,13870.85,SET000100,13870.85,0.0,MATCHED
TXN000105,ORD000105,CUST00268,5186.05,2026-08-23,SUCCESS,67.94,12.23,0.0,5105.88,SET000101,5105.88,0.0,MATCHED
TXN000106,ORD000106,CUST00322,6043.28,2026-08-13,SUCCESS,72.99,13.14,0.0,5957.15,SET000102,5957.15,0.0,MATCHED
TXN000107,ORD000107,CUST00135,16825.09,2026-08-10,SUCCESS,304.88,54.88,0.0,16465.33,SET000103,16465.33,0.0,MATCHED
TXN000108,ORD000108,CUST00469,7972.81,2026-08-25,SUCCESS,175.41,31.57,0.0,7765.83,SET000104,7765.83,0.0,MATCHED
TXN000109,ORD000109,CUST00075,331.95,2026-08-20,SUCCESS,7.61,1.37,0.0,322.97,SET000105,322.97,0.0,MATCHED
TXN000110,ORD000110,CUST00577,24902.8,2026-08-03,SUCCESS,364.45,65.6,0.0,24472.75,SET000106,24472.75,0.0,MATCHED
TXN000111,ORD000111,CUST00551,5407.54,2026-08-09,SUCCESS,111.27,20.03,4886.2,390.04,SET000107,390.04,0.0,MATCHED
TXN000112,ORD000112,CUST00136,23338.16,2026-08-03,SUCCESS,416.75,75.02,0.0,22846.39,SET000108,22846.39,0.0,MATCHED
TXN000113,ORD000113,CUST00251,9301.22,2026-08-06,SUCCESS,111.88,20.14,0.0,8071.33,SET000109,9169.2,1097.87,UNDER_SETTLED
TXN000114,ORD000114,CUST00449,20860.25,2026-08-23,SUCCESS,520.16,93.63,0.0,20246.46,SET000110,20246.46,0.0,MATCHED
TXN000115,ORD000115,CUST00310,15330.78,2026-08-26,SUCCESS,377.7,67.99,0.0,14885.09,SET000111,14885.09,0.0,MATCHED
TXN000116,ORD000116,CUST00670,13270.62,2026-08-22,SUCCESS,161.6,29.09,0.0,13079.93,SET000112,13079.93,0.0,MATCHED
TXN000117,ORD000117,CUST00568,7554.53,2026-08-22,SUCCESS,181.27,32.63,0.0,7340.63,SET000113,7340.63,0.0,MATCHED
TXN000118,ORD000118,CUST00107,23479.36,2026-08-05,SUCCESS,557.79,100.4,8434.01,14387.16,SET000114,14387.16,0.0,MATCHED
TXN000119,ORD000119,CUST00271,2974.17,2026-08-04,SUCCESS,43.91,7.9,0.0,2922.36,SET000115,2922.36,0.0,MATCHED
TXN000120,ORD000120,CUST00567,3970.65,2026-08-10,SUCCESS,72.9,13.12,0.0,3884.63,SET000116,3884.63,0.0,MATCHED
TXN000121,ORD000121,CUST00620,5344.68,2026-08-11,SUCCESS,129.5,23.31,0.0,5191.87,SET000117,5191.87,0.0,MATCHED
TXN000122,ORD000122,CUST00209,17218.68,2026-08-09,SUCCESS,202.76,36.5,0.0,16979.42,SET000118,16979.42,0.0,MATCHED
TXN000123,ORD000123,CUST00518,12264.44,2026-08-02,SUCCESS,181.07,32.59,0.0,12050.78,SET000119,12050.78,0.0,MATCHED
TXN000124,ORD000124,CUST00095,15893.68,2026-08-09,SUCCESS,368.65,66.36,0.0,15458.67,SET000120,15458.67,0.0,MATCHED
TXN000125,ORD000125,CUST00046,188.29,2026-08-25,SUCCESS,3.94,0.71,0.0,183.64,SET000121,183.64,0.0,MATCHED
TXN000126,ORD000126,CUST00134,15964.12,2026-08-09,SUCCESS,342.93,61.73,0.0,15559.46,SET000122,15559.46,0.0,MATCHED
TXN000127,ORD000127,CUST00166,18556.65,2026-08-18,SUCCESS,430.55,77.5,0.0,18048.6,SET000123,18048.6,0.0,MATCHED
TXN000128,ORD000128,CUST00438,14066.58,2026-08-04,SUCCESS,228.03,41.05,0.0,13797.5,SET000124,13797.5,0.0,MATCHED
TXN000129,ORD000129,CUST00078,23631.77,2026-08-23,SUCCESS,382.1,68.78,0.0,23180.89,SET000125,23180.89,0.0,MATCHED
TXN000130,ORD000130,CUST00153,13685.2,2026-08-12,SUCCESS,227.79,41.0,0.0,13416.41,SET000126,13416.41,0.0,MATCHED
TXN000131,ORD000131,CUST00597,13857.87,2026-08-14,SUCCESS,332.68,59.88,0.0,13465.31,SET000127,13465.31,0.0,MATCHED
TXN000132,ORD000132,CUST00131,1141.54,2026-08-12,SUCCESS,26.73,4.81,0.0,1110.0,SET000128,1110.0,0.0,MATCHED
TXN000133,ORD000133,CUST00041,22483.22,2026-08-07,SUCCESS,539.57,97.12,0.0,21846.53,SET000129,21846.53,0.0,MATCHED
TXN000134,ORD000134,CUST00699,6313.29,2026-08-04,SUCCESS,89.06,16.03,0.0,6208.2,SET000130,6208.2,0.0,MATCHED
TXN000135,ORD000135,CUST00363,19524.89,2026-08-14,SUCCESS,423.43,76.22,0.0,19025.24,SET000131,19025.24,0.0,MATCHED
TXN000136,ORD000136,CUST00636,18761.99,2026-08-08,SUCCESS,217.67,39.18,0.0,18505.14,SET000132,18505.14,0.0,MATCHED
TXN000137,ORD000137,CUST00167,24407.53,2026-08-26,SUCCESS,311.71,56.11,0.0,24039.71,SET000133,24039.71,0.0,MATCHED
TXN000138,ORD000138,CUST00182,22047.26,2026-08-01,SUCCESS,472.62,85.07,0.0,21489.57,SET000134,21489.57,0.0,MATCHED
TXN000139,ORD000139,CUST00184,18440.46,2026-08-11,SUCCESS,353.68,63.66,0.0,18023.12,SET000135,18023.12,0.0,MATCHED
TXN000140,ORD000140,CUST00422,20075.65,2026-08-24,SUCCESS,281.12,50.6,0.0,18275.53,SET000136,19743.93,1468.4,UNDER_SETTLED
TXN000141,ORD000141,CUST00255,6743.46,2026-08-26,SUCCESS,124.79,22.46,0.0,6596.21,SET000137,6596.21,0.0,MATCHED
TXN000142,ORD000142,CUST00111,9625.29,2026-08-02,SUCCESS,129.59,23.33,0.0,9472.37,SET000138,9472.37,0.0,MATCHED
TXN000143,ORD000143,CUST00482,5638.6,2026-08-15,SUCCESS,76.02,13.68,0.0,,,5548.9,,MISSING_SETTLEMENT
TXN000144,ORD000144,CUST00359,7699.25,2026-08-26,SUCCESS,156.38,28.15,0.0,7514.72,SET000139,7514.72,0.0,MATCHED
TXN000145,ORD000145,CUST00234,5650.8,2026-08-22,SUCCESS,86.96,15.65,0.0,5548.19,SET000140,5548.19,0.0,MATCHED
TXN000146,ORD000146,CUST00198,10021.8,2026-08-09,SUCCESS,203.66,36.66,0.0,9781.48,SET000141,9781.48,0.0,MATCHED
TXN000147,ORD000147,CUST00072,24175.54,2026-08-09,SUCCESS,414.59,74.63,0.0,23686.32,SET000142,23686.32,0.0,MATCHED
TXN000148,ORD000148,CUST00360,16072.9,2026-08-13,SUCCESS,281.84,50.73,0.0,15740.33,SET000143,15740.33,0.0,MATCHED
TXN000149,ORD000149,CUST00696,24530.63,2026-08-18,SUCCESS,467.82,84.21,0.0,23978.6,SET000144,23978.6,0.0,MATCHED
TXN000150,ORD000150,CUST00340,23487.0,2026-08-04,SUCCESS,485.72,87.43,2731.95,20181.9,SET000145,20181.9,0.0,MATCHED
TXN000151,ORD000151,CUST00268,4546.34,2026-08-09,SUCCESS,70.97,12.77,0.0,4462.6,SET000146,4462.6,0.0,MATCHED
TXN000152,ORD000152,CUST00040,2799.22,2026-08-14,SUCCESS,63.77,11.48,0.0,2723.97,SET000147,2723.97,0.0,MATCHED
TXN000153,ORD000153,CUST00354,18240.77,2026-08-11,SUCCESS,316.87,57.04,0.0,17866.86,SET000148,17866.86,0.0,MATCHED
TXN000154,ORD000154,CUST00447,15194.6,2026-08-17,SUCCESS,183.29,32.99,0.0,14978.32,SET000149,14978.32,0.0,MATCHED
TXN000155,ORD000155,CUST00119,9691.37,2026-08-19,SUCCESS,125.01,22.5,0.0,9543.86,SET000150,9543.86,0.0,MATCHED
TXN000156,ORD000156,CUST00195,6442.59,2026-08-23,SUCCESS,67.54,12.16,1013.41,5349.48,SET000151,5349.48,0.0,MATCHED
TXN000157,ORD000157,CUST00447,142.11,2026-08-26,SUCCESS,3.05,0.55,0.0,138.51,SET000152,138.51,0.0,MATCHED
TXN000158,ORD000158,CUST00552,17202.74,2026-08-24,SUCCESS,175.9,31.66,0.0,16995.18,SET000153,16995.18,0.0,MATCHED
TXN000159,ORD000159,CUST00687,5006.17,2026-08-14,SUCCESS,70.33,12.66,0.0,4923.18,SET000154,4923.18,0.0,MATCHED
TXN000160,ORD000160,CUST00072,23726.97,2026-08-11,SUCCESS,384.27,69.17,0.0,23273.53,SET000155,23273.53,0.0,MATCHED
TXN000161,ORD000161,CUST00639,7916.5,2026-08-04,SUCCESS,167.32,30.12,0.0,7719.06,SET000156,7719.06,0.0,MATCHED
TXN000162,ORD000162,CUST00308,12727.35,2026-08-22,SUCCESS,315.94,56.87,0.0,12354.54,SET000157,12354.54,0.0,MATCHED
TXN000163,ORD000163,CUST00419,8221.95,2026-08-23,SUCCESS,175.68,31.62,0.0,8014.65,SET000158,8014.65,0.0,MATCHED
TXN000164,ORD000164,CUST00303,13904.87,2026-08-07,SUCCESS,152.84,27.51,12374.53,1349.99,SET000159,1349.99,0.0,MATCHED
TXN000165,ORD000165,CUST00431,16656.74,2026-08-13,SUCCESS,398.21,71.68,0.0,16186.85,SET000160,16186.85,0.0,MATCHED
TXN000166,ORD000166,CUST00694,18728.55,2026-08-06,SUCCESS,464.18,83.55,0.0,18180.82,SET000161,18180.82,0.0,MATCHED
TXN000167,ORD000167,CUST00631,14270.72,2026-08-13,SUCCESS,328.33,59.1,0.0,13883.29,SET000162,13883.29,0.0,MATCHED
TXN000168,ORD000168,CUST00562,20859.76,2026-08-10,SUCCESS,361.9,65.14,0.0,20432.72,SET000163,20432.72,0.0,MATCHED
TXN000169,ORD000169,CUST00294,5333.55,2026-08-26,SUCCESS,79.33,14.28,0.0,5239.94,SET000164,5239.94,0.0,MATCHED
TXN000170,ORD000170,CUST00594,15205.87,2026-08-11,SUCCESS,256.42,46.16,0.0,14903.29,SET000165,14903.29,0.0,MATCHED
TXN000171,ORD000171,CUST00477,11100.47,2026-08-22,SUCCESS,152.1,27.38,0.0,10920.99,SET000166,10920.99,0.0,MATCHED
TXN000172,ORD000172,CUST00219,12828.23,2026-08-26,SUCCESS,206.19,37.11,0.0,12584.93,SET000167,12584.93,0.0,MATCHED
TXN000173,ORD000173,CUST00174,16505.38,2026-08-10,SUCCESS,175.41,31.57,0.0,16298.4,SET000168,16298.4,0.0,MATCHED
TXN000174,ORD000174,CUST00528,16629.96,2026-08-20,SUCCESS,349.73,62.95,0.0,16217.28,SET000169,16217.28,0.0,MATCHED
TXN000175,ORD000175,CUST00344,2425.34,2026-08-25,SUCCESS,38.09,6.86,0.0,2380.39,SET000170,2380.39,0.0,MATCHED
TXN000176,ORD000176,CUST00241,16852.61,2026-08-08,SUCCESS,247.62,44.57,0.0,16560.42,SET000171,16560.42,0.0,MATCHED
TXN000177,ORD000177,CUST00204,3769.11,2026-08-02,SUCCESS,72.26,13.01,0.0,3683.84,SET000172,3683.84,0.0,MATCHED
TXN000178,ORD000178,CUST00251,24600.01,2026-08-20,SUCCESS,519.97,93.59,0.0,23986.45,SET000173,23986.45,0.0,MATCHED
TXN000179,ORD000179,CUST00075,11439.86,2026-08-21,SUCCESS,216.29,38.93,0.0,11184.64,SET000174,11184.64,0.0,MATCHED
TXN000180,ORD000180,CUST00590,4941.44,2026-08-23,SUCCESS,88.35,15.9,0.0,4837.19,SET000175,4837.19,0.0,MATCHED
TXN000181,ORD000181,CUST00394,12409.99,2026-08-08,SUCCESS,287.13,51.68,2418.33,9652.85,SET000176,9652.85,0.0,MATCHED
TXN000182,ORD000182,CUST00152,16435.84,2026-08-01,SUCCESS,358.36,64.5,0.0,16012.98,SET000177,16012.98,0.0,MATCHED
TXN000183,ORD000183,CUST00110,19482.67,2026-08-08,SUCCESS,346.98,62.46,0.0,19073.23,SET000178,19073.23,0.0,MATCHED
TXN000184,ORD000184,CUST00181,20122.34,2026-08-23,SUCCESS,337.54,60.76,0.0,19724.04,SET000179,19724.04,0.0,MATCHED
TXN000185,ORD000185,CUST00531,11667.29,2026-08-18,SUCCESS,261.41,47.05,0.0,11358.83,SET000180,11358.83,0.0,MATCHED
TXN000186,ORD000186,CUST00256,22945.0,2026-08-04,SUCCESS,244.05,43.93,0.0,22657.02,SET000181,22657.02,0.0,MATCHED
TXN000187,ORD000187,CUST00468,3420.14,2026-08-15,SUCCESS,85.29,15.35,0.0,3319.5,SET000182,3319.5,0.0,MATCHED
TXN000188,ORD000188,CUST00684,13325.18,2026-08-18,SUCCESS,236.93,42.65,0.0,13045.6,SET000183,13045.6,0.0,MATCHED
TXN000189,ORD000189,CUST00610,8000.72,2026-08-25,SUCCESS,127.48,22.95,0.0,7850.29,SET000184,7850.29,0.0,MATCHED
TXN000190,ORD000190,CUST00454,15355.04,2026-08-24,SUCCESS,322.88,58.12,0.0,14974.04,SET000185,14974.04,0.0,MATCHED
TXN000191,ORD000191,CUST00517,10725.84,2026-08-18,SUCCESS,196.99,35.46,0.0,10493.39,SET000186,10493.39,0.0,MATCHED
TXN000192,ORD000192,CUST00457,22440.48,2026-08-24,SUCCESS,398.14,71.67,0.0,21970.67,SET000187,21970.67,0.0,MATCHED
TXN000193,ORD000193,CUST00487,11306.74,2026-08-25,SUCCESS,220.03,39.61,0.0,11047.1,SET000188,11047.1,0.0,MATCHED
TXN000194,ORD000194,CUST00254,21012.59,2026-08-09,SUCCESS,225.66,40.62,0.0,20746.31,SET000189,20746.31,0.0,MATCHED
TXN000195,ORD000195,CUST00534,12166.47,2026-08-08,SUCCESS,174.8,31.46,0.0,11960.21,SET000190,11960.21,0.0,MATCHED
TXN000196,ORD000196,CUST00282,11052.83,2026-08-23,SUCCESS,176.52,31.77,0.0,10844.54,SET000191,10844.54,0.0,MATCHED
TXN000197,ORD000197,CUST00293,5938.89,2026-08-11,SUCCESS,86.52,15.57,0.0,5836.8,SET000192,5836.8,0.0,MATCHED
TXN000198,ORD000198,CUST00328,22336.37,2026-08-03,SUCCESS,500.65,90.12,0.0,21745.6,SET000193,21745.6,0.0,MATCHED
TXN000199,ORD000199,CUST00142,3855.68,2026-08-13,SUCCESS,65.24,11.74,0.0,2634.71,SET000194,3778.7,1143.99,UNDER_SETTLED
TXN000200,ORD000200,CUST00157,17689.84,2026-08-03,SUCCESS,289.0,52.02,0.0,17348.82,SET000195,17348.82,0.0,MATCHED
TXN000201,ORD000201,CUST00425,10249.22,2026-08-18,SUCCESS,196.75,35.41,0.0,10017.06,SET000196,10017.06,0.0,MATCHED
TXN000202,ORD000202,CUST00478,10452.78,2026-08-07,SUCCESS,113.08,20.35,0.0,10319.35,SET000197,10319.35,0.0,MATCHED
TXN000203,ORD000203,CUST00431,9797.97,2026-08-25,SUCCESS,173.96,31.31,0.0,9592.7,SET000198,9592.7,0.0,MATCHED
TXN000204,ORD000204,CUST00599,23656.94,2026-08-01,SUCCESS,287.04,51.67,0.0,23318.23,SET000199,23318.23,0.0,MATCHED
TXN000205,ORD000205,CUST00590,9571.49,2026-08-01,SUCCESS,214.86,38.67,0.0,9317.96,SET000200,9317.96,0.0,MATCHED
TXN000206,ORD000206,CUST00361,7535.46,2026-08-13,SUCCESS,126.41,22.75,0.0,7386.3,SET000201,7386.3,0.0,MATCHED
TXN000207,ORD000207,CUST00430,13501.69,2026-08-24,SUCCESS,281.37,50.65,0.0,13169.67,SET000202,13169.67,0.0,MATCHED
TXN000208,ORD000208,CUST00560,20016.72,2026-08-08,SUCCESS,234.15,42.15,0.0,19740.42,SET000203,19740.42,0.0,MATCHED
TXN000209,ORD000209,CUST00500,5563.6,2026-08-14,SUCCESS,120.62,21.71,0.0,5421.27,SET000204,5421.27,0.0,MATCHED
TXN000210,ORD000210,CUST00498,822.72,2026-08-11,SUCCESS,19.8,3.56,0.0,799.36,SET000205,799.36,0.0,MATCHED
TXN000211,ORD000211,CUST00685,17010.63,2026-08-13,SUCCESS,347.73,62.59,0.0,16600.31,SET000206,16600.31,0.0,MATCHED
TXN000212,ORD000212,CUST00170,21028.59,2026-08-05,SUCCESS,252.97,45.53,0.0,20730.09,SET000207,20730.09,0.0,MATCHED
TXN000213,ORD000213,CUST00638,13399.68,2026-08-13,SUCCESS,217.12,39.08,0.0,13143.48,SET000208,13143.48,0.0,MATCHED
TXN000214,ORD000214,CUST00607,14153.36,2026-08-01,SUCCESS,237.26,42.71,0.0,13873.39,SET000209,13873.39,0.0,MATCHED
TXN000215,ORD000215,CUST00086,16104.47,2026-08-05,SUCCESS,204.26,36.77,0.0,15863.44,SET000210,15863.44,0.0,MATCHED
TXN000216,ORD000216,CUST00473,4625.05,2026-08-09,SUCCESS,87.2,15.7,0.0,4522.15,SET000211,4522.15,0.0,MATCHED
TXN000217,ORD000217,CUST00389,8251.08,2026-08-15,SUCCESS,170.71,30.73,0.0,8049.64,SET000212,8049.64,0.0,MATCHED
TXN000218,ORD000218,CUST00335,8503.76,2026-08-13,SUCCESS,110.8,19.94,1964.59,6408.43,SET000213,6408.43,0.0,MATCHED
TXN000219,ORD000219,CUST00285,18825.04,2026-08-14,SUCCESS,316.64,57.0,15542.37,2909.03,SET000214,2909.03,0.0,MATCHED
TXN000220,ORD000220,CUST00259,20889.28,2026-08-16,SUCCESS,287.25,51.7,0.0,20550.33,SET000215,20550.33,0.0,MATCHED
TXN000221,ORD000221,CUST00020,18750.7,2026-08-02,SUCCESS,382.06,68.77,0.0,18299.87,SET000216,18299.87,0.0,MATCHED
TXN000222,ORD000222,CUST00359,5683.13,2026-08-03,SUCCESS,134.16,24.15,0.0,5524.82,SET000217,5524.82,0.0,MATCHED
TXN000223,ORD000223,CUST00668,1102.43,2026-08-01,SUCCESS,24.2,4.36,0.0,1073.87,SET000218,1073.87,0.0,MATCHED
TXN000224,ORD000224,CUST00254,5064.08,2026-08-01,SUCCESS,105.21,18.94,0.0,4939.93,SET000219,4939.93,0.0,MATCHED
TXN000225,ORD000225,CUST00637,3894.32,2026-08-05,SUCCESS,46.16,8.31,3050.32,789.53,SET000220,789.53,0.0,MATCHED
TXN000226,ORD000226,CUST00485,16769.53,2026-08-19,SUCCESS,196.41,35.35,0.0,16537.77,SET000221,16537.77,0.0,MATCHED
TXN000227,ORD000227,CUST00224,11679.35,2026-08-09,SUCCESS,195.52,35.19,0.0,11448.64,SET000222,11448.64,0.0,MATCHED
TXN000228,ORD000228,CUST00378,4277.95,2026-08-20,SUCCESS,66.07,11.89,0.0,4199.99,SET000223,4199.99,0.0,MATCHED
TXN000229,ORD000229,CUST00118,19467.02,2026-08-06,SUCCESS,347.63,62.57,13012.67,6044.15,SET000224,6044.15,0.0,MATCHED
TXN000230,ORD000230,CUST00319,2791.66,2026-08-01,SUCCESS,44.0,7.92,0.0,2739.74,SET000225,2739.74,0.0,MATCHED
TXN000231,ORD000231,CUST00320,14437.34,2026-08-13,SUCCESS,315.69,56.82,0.0,14064.83,SET000226,14064.83,0.0,MATCHED
TXN000232,ORD000232,CUST00407,23542.62,2026-08-07,SUCCESS,416.12,74.9,0.0,23051.6,SET000227,23051.6,0.0,MATCHED
TXN000233,ORD000233,CUST00078,14843.24,2026-08-21,SUCCESS,359.89,64.78,0.0,14418.57,SET000228,14418.57,0.0,MATCHED
TXN000234,ORD000234,CUST00249,2637.34,2026-08-25,SUCCESS,41.35,7.44,0.0,2588.55,SET000229,2588.55,0.0,MATCHED
TXN000235,ORD000235,CUST00309,21272.3,2026-08-20,SUCCESS,334.17,60.15,0.0,20877.98,SET000230,20877.98,0.0,MATCHED
TXN000236,ORD000236,CUST00124,19926.06,2026-08-19,SUCCESS,428.89,77.2,0.0,19419.97,SET000231,19419.97,0.0,MATCHED
TXN000237,ORD000237,CUST00043,8745.37,2026-08-14,SUCCESS,207.12,37.28,0.0,8500.97,SET000232,8500.97,0.0,MATCHED
TXN000238,ORD000238,CUST00678,9327.21,2026-08-17,SUCCESS,172.39,31.03,0.0,9123.79,SET000233,9123.79,0.0,MATCHED
TXN000239,ORD000239,CUST00664,8596.66,2026-08-14,SUCCESS,171.01,30.78,0.0,8394.87,SET000234,8394.87,0.0,MATCHED
TXN000240,ORD000240,CUST00502,2727.92,2026-08-12,SUCCESS,33.42,6.02,959.69,1728.79,SET000235,1728.79,0.0,MATCHED
TXN000241,ORD000241,CUST00651,22300.22,2026-08-15,SUCCESS,513.62,92.45,0.0,21694.15,SET000236,21694.15,0.0,MATCHED
TXN000242,ORD000242,CUST00157,10943.63,2026-08-24,SUCCESS,138.8,24.98,0.0,10779.85,SET000237,10779.85,0.0,MATCHED
TXN000243,ORD000243,CUST00535,24140.3,2026-08-09,SUCCESS,499.24,89.86,0.0,23414.45,SET000238,23551.2,136.75,UNDER_SETTLED
TXN000244,ORD000244,CUST00631,20224.16,2026-08-18,SUCCESS,329.53,59.32,0.0,19835.31,SET000239,19835.31,0.0,MATCHED
TXN000245,ORD000245,CUST00496,11675.36,2026-08-24,SUCCESS,170.96,30.77,0.0,11473.63,SET000240,11473.63,0.0,MATCHED
TXN000246,ORD000246,CUST00607,6783.05,2026-08-08,SUCCESS,146.04,26.29,0.0,6610.72,SET000241,6610.72,0.0,MATCHED
TXN000247,ORD000247,CUST00089,7045.31,2026-08-15,SUCCESS,117.61,21.17,0.0,6906.53,SET000242,6906.53,0.0,MATCHED
TXN000248,ORD000248,CUST00250,18786.86,2026-08-19,SUCCESS,364.4,65.59,0.0,18356.87,SET000243,18356.87,0.0,MATCHED
TXN000249,ORD000249,CUST00625,16737.89,2026-08-11,SUCCESS,196.89,35.44,0.0,16505.56,SET000244,16505.56,0.0,MATCHED
TXN000250,ORD000250,CUST00030,12408.23,2026-08-11,SUCCESS,148.57,26.74,0.0,12232.92,SET000245,12232.92,0.0,MATCHED
TXN000251,ORD000251,CUST00187,12239.99,2026-08-12,SUCCESS,159.64,28.74,0.0,12051.61,SET000246,12051.61,0.0,MATCHED
TXN000252,ORD000252,CUST00265,8574.44,2026-08-20,SUCCESS,165.82,29.85,0.0,8378.77,SET000247,8378.77,0.0,MATCHED
TXN000253,ORD000253,CUST00283,13939.2,2026-08-17,SUCCESS,192.31,34.62,0.0,13712.27,SET000248,13712.27,0.0,MATCHED
TXN000254,ORD000254,CUST00196,2231.76,2026-08-24,SUCCESS,37.67,6.78,0.0,2187.31,SET000249,2187.31,0.0,MATCHED
TXN000255,ORD000255,CUST00417,12265.59,2026-08-25,SUCCESS,280.04,50.41,4919.04,7016.1,SET000250,7016.1,0.0,MATCHED
TXN000256,ORD000256,CUST00247,17296.17,2026-08-21,SUCCESS,313.97,56.51,0.0,16925.69,SET000251,16925.69,0.0,MATCHED
TXN000257,ORD000257,CUST00503,11259.55,2026-08-01,SUCCESS,113.57,20.44,0.0,11125.54,SET000252,11125.54,0.0,MATCHED
TXN000258,ORD000258,CUST00096,7426.47,2026-08-13,SUCCESS,172.6,31.07,0.0,7222.8,SET000253,7222.8,0.0,MATCHED
TXN000259,ORD000259,CUST00250,7724.53,2026-08-19,SUCCESS,104.81,18.87,0.0,7600.85,SET000254,7600.85,0.0,MATCHED
TXN000260,ORD000260,CUST00378,11884.19,2026-08-17,SUCCESS,223.81,40.29,0.0,11620.09,SET000255,11620.09,0.0,MATCHED
TXN000261,ORD000261,CUST00353,10695.04,2026-08-24,SUCCESS,183.27,32.99,0.0,10478.78,SET000256,10478.78,0.0,MATCHED
TXN000262,ORD000262,CUST00564,8336.7,2026-08-23,SUCCESS,134.66,24.24,0.0,8177.8,SET000257,8177.8,0.0,MATCHED
TXN000263,ORD000263,CUST00465,6845.82,2026-08-09,SUCCESS,76.61,13.79,0.0,,,6755.42,,MISSING_SETTLEMENT
TXN000264,ORD000264,CUST00237,3104.33,2026-08-07,SUCCESS,58.99,10.62,0.0,,,3034.72,,MISSING_SETTLEMENT
TXN000265,ORD000265,CUST00324,3076.91,2026-08-18,SUCCESS,42.06,7.57,0.0,3027.28,SET000258,3027.28,0.0,MATCHED
TXN000266,ORD000266,CUST00190,4869.37,2026-08-24,SUCCESS,88.67,15.96,3977.98,,,786.76,,MISSING_SETTLEMENT
TXN000267,ORD000267,CUST00496,6984.84,2026-08-19,SUCCESS,134.78,24.26,0.0,6825.8,SET000259,6825.8,0.0,MATCHED
TXN000268,ORD000268,CUST00538,14960.09,2026-08-04,SUCCESS,274.72,49.45,0.0,14635.92,SET000260,14635.92,0.0,MATCHED
TXN000269,ORD000269,CUST00199,7476.54,2026-08-12,SUCCESS,167.32,30.12,0.0,7279.1,SET000261,7279.1,0.0,MATCHED
TXN000270,ORD000270,CUST00184,7626.46,2026-08-23,SUCCESS,81.86,14.73,0.0,7529.87,SET000262,7529.87,0.0,MATCHED
TXN000271,ORD000271,CUST00547,3251.92,2026-08-02,SUCCESS,39.75,7.15,0.0,3205.02,SET000263,3205.02,0.0,MATCHED
TXN000272,ORD000272,CUST00056,13878.64,2026-08-23,SUCCESS,274.79,49.46,0.0,13554.39,SET000264,13554.39,0.0,MATCHED
TXN000273,ORD000273,CUST00130,15982.95,2026-08-25,SUCCESS,168.63,30.35,6963.47,8820.5,SET000265,8820.5,0.0,MATCHED
TXN000274,ORD000274,CUST00503,2654.43,2026-08-01,SUCCESS,60.54,10.9,0.0,2582.99,SET000266,2582.99,0.0,MATCHED
TXN000275,ORD000275,CUST00588,7180.05,2026-08-16,SUCCESS,143.64,25.86,0.0,7010.55,SET000267,7010.55,0.0,MATCHED
TXN000276,ORD000276,CUST00452,8583.58,2026-08-02,SUCCESS,193.73,34.87,5887.19,2467.79,SET000268,2467.79,0.0,MATCHED
TXN000277,ORD000277,CUST00259,23532.48,2026-08-16,SUCCESS,340.67,61.32,0.0,22914.34,SET000269,23130.49,216.15,UNDER_SETTLED
TXN000278,ORD000278,CUST00117,20570.68,2026-08-13,SUCCESS,489.7,88.15,0.0,19992.83,SET000270,19992.83,0.0,MATCHED
TXN000279,ORD000279,CUST00504,1944.65,2026-08-21,SUCCESS,20.88,3.76,0.0,1920.01,SET000271,1920.01,0.0,MATCHED
TXN000280,ORD000280,CUST00055,3878.0,2026-08-26,SUCCESS,63.03,11.35,0.0,3803.62,SET000272,3803.62,0.0,MATCHED
TXN000281,ORD000281,CUST00577,23733.23,2026-08-03,SUCCESS,300.79,54.14,0.0,23378.3,SET000273,23378.3,0.0,MATCHED
TXN000282,ORD000282,CUST00255,3049.44,2026-08-25,SUCCESS,61.24,11.02,0.0,2977.18,SET000274,2977.18,0.0,MATCHED
TXN000283,ORD000283,CUST00427,15197.31,2026-08-26,SUCCESS,291.28,52.43,0.0,14853.6,SET000275,14853.6,0.0,MATCHED
TXN000284,ORD000284,CUST00634,5719.61,2026-08-17,SUCCESS,116.52,20.97,0.0,5582.12,SET000276,5582.12,0.0,MATCHED
TXN000285,ORD000285,CUST00390,11317.81,2026-08-15,SUCCESS,214.18,38.55,0.0,11065.08,SET000277,11065.08,0.0,MATCHED
TXN000286,ORD000286,CUST00305,21518.15,2026-08-14,SUCCESS,469.3,84.47,0.0,20964.38,SET000278,20964.38,0.0,MATCHED
TXN000287,ORD000287,CUST00313,14258.87,2026-08-02,SUCCESS,180.54,32.5,0.0,14045.83,SET000279,14045.83,0.0,MATCHED
TXN000288,ORD000288,CUST00625,24006.71,2026-08-04,SUCCESS,404.03,72.73,0.0,23529.95,SET000280,23529.95,0.0,MATCHED
TXN000289,ORD000289,CUST00213,15675.32,2026-08-09,SUCCESS,292.89,52.72,0.0,15329.71,SET000281,15329.71,0.0,MATCHED
TXN000290,ORD000290,CUST00677,2121.57,2026-08-08,SUCCESS,50.86,9.15,0.0,2061.56,SET000282,2061.56,0.0,MATCHED
TXN000291,ORD000291,CUST00178,13844.61,2026-08-06,SUCCESS,157.79,28.4,0.0,13658.42,SET000283,13658.42,0.0,MATCHED
TXN000292,ORD000292,CUST00003,10272.09,2026-08-23,SUCCESS,148.84,26.79,0.0,10096.46,SET000284,10096.46,0.0,MATCHED
TXN000293,ORD000293,CUST00609,11800.82,2026-08-02,SUCCESS,183.25,32.98,0.0,11584.59,SET000285,11584.59,0.0,MATCHED
TXN000294,ORD000294,CUST00238,7273.81,2026-08-10,SUCCESS,114.08,20.53,0.0,7139.2,SET000286,7139.2,0.0,MATCHED
TXN000295,ORD000295,CUST00465,1872.38,2026-08-08,SUCCESS,20.62,3.71,0.0,1848.05,SET000287,1848.05,0.0,MATCHED
TXN000296,ORD000296,CUST00271,19716.92,2026-08-21,SUCCESS,323.55,58.24,0.0,19335.13,SET000288,19335.13,0.0,MATCHED
TXN000297,ORD000297,CUST00604,16563.46,2026-08-07,SUCCESS,302.4,54.43,0.0,16206.63,SET000289,16206.63,0.0,MATCHED
TXN000298,ORD000298,CUST00436,2957.93,2026-08-08,SUCCESS,42.57,7.66,0.0,2907.7,SET000290,2907.7,0.0,MATCHED
TXN000299,ORD000299,CUST00664,3809.84,2026-08-09,SUCCESS,45.79,8.24,0.0,3755.81,SET000291,3755.81,0.0,MATCHED
TXN000300,ORD000300,CUST00146,1878.1,2026-08-06,SUCCESS,38.35,6.9,0.0,1832.85,SET000292,1832.85,0.0,MATCHED
TXN000301,ORD000301,CUST00315,14916.6,2026-08-19,SUCCESS,210.57,37.9,0.0,14668.13,SET000293,14668.13,0.0,MATCHED
TXN000302,ORD000302,CUST00296,11034.92,2026-08-15,SUCCESS,197.59,35.57,0.0,,,10801.76,,MISSING_SETTLEMENT
TXN000303,ORD000303,CUST00312,17523.37,2026-08-09,SUCCESS,313.14,56.37,0.0,17153.86,SET000294,17153.86,0.0,MATCHED
TXN000304,ORD000304,CUST00513,13545.54,2026-08-15,SUCCESS,276.84,49.83,0.0,13218.87,SET000295,13218.87,0.0,MATCHED
TXN000305,ORD000305,CUST00083,14991.11,2026-08-14,SUCCESS,287.54,51.76,13486.88,1164.93,SET000296,1164.93,0.0,MATCHED
TXN000306,ORD000306,CUST00331,15132.47,2026-08-01,SUCCESS,176.13,31.7,0.0,,,14924.64,,MISSING_SETTLEMENT
TXN000307,ORD000307,CUST00094,5800.22,2026-08-22,SUCCESS,121.49,21.87,0.0,5656.86,SET000297,5656.86,0.0,MATCHED
TXN000308,ORD000308,CUST00590,14719.36,2026-08-01,SUCCESS,286.07,51.49,0.0,14381.8,SET000298,14381.8,0.0,MATCHED
TXN000309,ORD000309,CUST00689,20553.39,2026-08-19,SUCCESS,509.89,91.78,0.0,19951.72,SET000299,19951.72,0.0,MATCHED
TXN000310,ORD000310,CUST00042,19101.41,2026-08-06,SUCCESS,329.59,59.33,0.0,18712.49,SET000300,18712.49,0.0,MATCHED
TXN000311,ORD000311,CUST00482,13022.2,2026-08-15,SUCCESS,264.74,47.65,0.0,12709.81,SET000301,12709.81,0.0,MATCHED
TXN000312,ORD000312,CUST00285,4619.08,2026-08-19,SUCCESS,110.9,19.96,0.0,4488.22,SET000302,4488.22,0.0,MATCHED
TXN000313,ORD000313,CUST00447,15906.14,2026-08-16,SUCCESS,394.38,70.99,0.0,15440.77,SET000303,15440.77,0.0,MATCHED
TXN000314,ORD000314,CUST00094,11803.26,2026-08-14,SUCCESS,168.88,30.4,0.0,11603.98,SET000304,11603.98,0.0,MATCHED
TXN000315,ORD000315,CUST00342,8094.35,2026-08-04,SUCCESS,154.87,27.88,0.0,7911.6,SET000305,7911.6,0.0,MATCHED
TXN000316,ORD000316,CUST00165,8312.11,2026-08-23,SUCCESS,122.58,22.06,0.0,8167.47,SET000306,8167.47,0.0,MATCHED
TXN000317,ORD000317,CUST00508,7276.62,2026-08-13,SUCCESS,130.11,23.42,0.0,7123.09,SET000307,7123.09,0.0,MATCHED
TXN000318,ORD000318,CUST00564,1013.76,2026-08-03,SUCCESS,25.27,4.55,0.0,983.94,SET000308,983.94,0.0,MATCHED
TXN000319,ORD000319,CUST00323,6384.73,2026-08-04,SUCCESS,97.74,17.59,0.0,6269.4,SET000309,6269.4,0.0,MATCHED
TXN000320,ORD000320,CUST00414,21636.27,2026-08-01,SUCCESS,258.46,46.52,0.0,21331.29,SET000310,21331.29,0.0,MATCHED
TXN000321,ORD000321,CUST00674,21747.25,2026-08-15,SUCCESS,401.01,72.18,0.0,21274.06,SET000311,21274.06,0.0,MATCHED
TXN000322,ORD000322,CUST00424,1449.68,2026-08-17,SUCCESS,25.8,4.64,0.0,1419.24,SET000312,1419.24,0.0,MATCHED
TXN000323,ORD000323,CUST00371,15603.58,2026-08-16,SUCCESS,303.92,54.71,0.0,15244.95,SET000313,15244.95,0.0,MATCHED
TXN000324,ORD000324,CUST00641,11106.82,2026-08-02,SUCCESS,193.12,34.76,0.0,10878.94,SET000314,10878.94,0.0,MATCHED
TXN000325,ORD000325,CUST00209,6749.7,2026-08-05,SUCCESS,85.71,15.43,0.0,6648.56,SET000315,6648.56,0.0,MATCHED
TXN000326,ORD000326,CUST00295,11009.09,2026-08-23,SUCCESS,210.73,37.93,0.0,10760.43,SET000316,10760.43,0.0,MATCHED
TXN000327,ORD000327,CUST00497,3123.51,2026-08-21,SUCCESS,64.43,11.6,0.0,3047.48,SET000317,3047.48,0.0,MATCHED
TXN000328,ORD000328,CUST00624,20002.91,2026-08-23,SUCCESS,493.85,88.89,0.0,19420.17,SET000318,19420.17,0.0,MATCHED
TXN000329,ORD000329,CUST00163,7837.68,2026-08-01,SUCCESS,78.56,14.14,0.0,7744.98,SET000319,7744.98,0.0,MATCHED
TXN000330,ORD000330,CUST00566,10258.97,2026-08-08,SUCCESS,106.28,19.13,0.0,10133.56,SET000320,10133.56,0.0,MATCHED
TXN000331,ORD000331,CUST00117,11590.05,2026-08-04,SUCCESS,224.64,40.44,0.0,11324.97,SET000321,11324.97,0.0,MATCHED
TXN000332,ORD000332,CUST00664,20820.37,2026-08-16,SUCCESS,245.03,44.11,0.0,20531.23,SET000322,20531.23,0.0,MATCHED
TXN000333,ORD000333,CUST00299,12770.91,2026-08-09,SUCCESS,290.17,52.23,0.0,12428.51,SET000323,12428.51,0.0,MATCHED
TXN000334,ORD000334,CUST00426,20884.63,2026-08-16,SUCCESS,459.33,82.68,0.0,20342.62,SET000324,20342.62,0.0,MATCHED
TXN000335,ORD000335,CUST00250,11473.98,2026-08-05,SUCCESS,286.68,51.6,0.0,11135.7,SET000325,11135.7,0.0,MATCHED
TXN000336,ORD000336,CUST00393,4846.2,2026-08-20,SUCCESS,78.56,14.14,0.0,4753.5,SET000326,4753.5,0.0,MATCHED
TXN000337,ORD000337,CUST00521,18682.68,2026-08-05,SUCCESS,280.37,50.47,0.0,18351.84,SET000327,18351.84,0.0,MATCHED
TXN000338,ORD000338,CUST00072,6978.56,2026-08-26,SUCCESS,128.45,23.12,1660.72,5166.27,SET000328,5166.27,0.0,MATCHED
TXN000339,ORD000339,CUST00425,8562.89,2026-08-26,SUCCESS,167.51,30.15,0.0,8365.23,SET000329,8365.23,0.0,MATCHED
TXN000340,ORD000340,CUST00520,6752.6,2026-08-01,SUCCESS,68.67,12.36,0.0,6671.57,SET000330,6671.57,0.0,MATCHED
TXN000341,ORD000341,CUST00290,18178.67,2026-08-19,SUCCESS,236.65,42.6,0.0,17899.42,SET000331,17899.42,0.0,MATCHED
TXN000342,ORD000342,CUST00594,24972.67,2026-08-16,SUCCESS,355.22,63.94,0.0,24553.51,SET000332,24553.51,0.0,MATCHED
TXN000343,ORD000343,CUST00153,11219.03,2026-08-16,SUCCESS,245.17,44.13,0.0,10929.73,SET000333,10929.73,0.0,MATCHED
TXN000344,ORD000344,CUST00354,8377.75,2026-08-25,SUCCESS,122.45,22.04,0.0,8233.26,SET000334,8233.26,0.0,MATCHED
TXN000345,ORD000345,CUST00557,9492.53,2026-08-11,SUCCESS,167.07,30.07,0.0,9295.39,SET000335,9295.39,0.0,MATCHED
TXN000346,ORD000346,CUST00194,24521.29,2026-08-08,SUCCESS,364.36,65.58,22187.54,1903.81,SET000336,1903.81,0.0,MATCHED
TXN000347,ORD000347,CUST00586,9635.97,2026-08-25,SUCCESS,97.25,17.5,0.0,9521.22,SET000337,9521.22,0.0,MATCHED
TXN000348,ORD000348,CUST00421,1186.82,2026-08-24,SUCCESS,24.08,4.33,0.0,1158.41,SET000338,1158.41,0.0,MATCHED
TXN000349,ORD000349,CUST00485,17660.17,2026-08-26,SUCCESS,267.03,48.07,0.0,17345.07,SET000339,17345.07,0.0,MATCHED
TXN000350,ORD000350,CUST00391,9713.36,2026-08-22,SUCCESS,202.68,36.48,0.0,9474.2,SET000340,9474.2,0.0,MATCHED
TXN000351,ORD000351,CUST00668,24522.37,2026-08-16,SUCCESS,471.81,84.93,0.0,23965.63,SET000341,23965.63,0.0,MATCHED
TXN000352,ORD000352,CUST00038,3243.53,2026-08-19,SUCCESS,33.85,6.09,0.0,3203.59,SET000342,3203.59,0.0,MATCHED
TXN000353,ORD000353,CUST00340,21755.54,2026-08-15,SUCCESS,274.87,49.48,0.0,21431.19,SET000343,21431.19,0.0,MATCHED
TXN000354,ORD000354,CUST00103,13196.18,2026-08-15,SUCCESS,197.38,35.53,0.0,12963.27,SET000344,12963.27,0.0,MATCHED
TXN000355,ORD000355,CUST00016,18088.85,2026-08-14,SUCCESS,272.58,49.06,0.0,17283.03,SET000345,17767.21,484.18,UNDER_SETTLED
TXN000356,ORD000356,CUST00671,24251.92,2026-08-03,SUCCESS,487.15,87.69,0.0,23677.08,SET000346,23677.08,0.0,MATCHED
TXN000357,ORD000357,CUST00481,19559.98,2026-08-09,SUCCESS,464.4,83.59,0.0,19011.99,SET000347,19011.99,0.0,MATCHED
TXN000358,ORD000358,CUST00347,15619.16,2026-08-13,SUCCESS,342.98,61.74,0.0,15214.44,SET000348,15214.44,0.0,MATCHED
TXN000359,ORD000359,CUST00666,2099.85,2026-08-11,SUCCESS,41.34,7.44,0.0,,,2051.07,,MISSING_SETTLEMENT
TXN000360,ORD000360,CUST00691,21497.62,2026-08-13,SUCCESS,370.24,66.64,0.0,,,21060.74,,MISSING_SETTLEMENT
TXN000361,ORD000361,CUST00325,15707.3,2026-08-25,SUCCESS,304.85,54.87,0.0,15347.58,SET000349,15347.58,0.0,MATCHED
TXN000362,ORD000362,CUST00500,21822.34,2026-08-02,SUCCESS,510.23,91.84,0.0,21220.27,SET000350,21220.27,0.0,MATCHED
TXN000363,ORD000363,CUST00633,1803.68,2026-08-21,SUCCESS,32.56,5.86,0.0,1765.26,SET000351,1765.26,0.0,MATCHED
TXN000364,ORD000364,CUST00295,24935.91,2026-08-24,SUCCESS,374.7,67.45,0.0,23646.91,SET000352,24493.76,846.85,UNDER_SETTLED
TXN000365,ORD000365,CUST00093,10905.89,2026-08-04,SUCCESS,237.31,42.72,0.0,9623.17,SET000353,10625.86,1002.69,UNDER_SETTLED
TXN000366,ORD000366,CUST00649,17626.88,2026-08-04,SUCCESS,285.72,51.43,0.0,17289.73,SET000354,17289.73,0.0,MATCHED
TXN000367,ORD000367,CUST00455,4242.48,2026-08-10,SUCCESS,89.68,16.14,0.0,4136.66,SET000355,4136.66,0.0,MATCHED
TXN000368,ORD000368,CUST00030,1245.18,2026-08-26,SUCCESS,28.05,5.05,0.0,1212.08,SET000356,1212.08,0.0,MATCHED
TXN000369,ORD000369,CUST00058,7404.86,2026-08-12,SUCCESS,107.3,19.31,0.0,7278.25,SET000357,7278.25,0.0,MATCHED
TXN000370,ORD000370,CUST00442,3724.69,2026-08-17,SUCCESS,77.75,13.99,0.0,3632.95,SET000358,3632.95,0.0,MATCHED
TXN000371,ORD000371,CUST00422,14191.61,2026-08-26,SUCCESS,209.08,37.63,0.0,13944.9,SET000359,13944.9,0.0,MATCHED
TXN000372,ORD000372,CUST00185,4332.59,2026-08-03,SUCCESS,78.15,14.07,0.0,4240.37,SET000360,4240.37,0.0,MATCHED
TXN000373,ORD000373,CUST00625,21783.91,2026-08-20,SUCCESS,285.89,51.46,0.0,21446.56,SET000361,21446.56,0.0,MATCHED
TXN000374,ORD000374,CUST00700,6096.66,2026-08-19,SUCCESS,123.65,22.26,0.0,5950.75,SET000362,5950.75,0.0,MATCHED
TXN000375,ORD000375,CUST00147,5881.49,2026-08-21,SUCCESS,129.35,23.28,0.0,5728.86,SET000363,5728.86,0.0,MATCHED
TXN000376,ORD000376,CUST00261,11543.31,2026-08-22,SUCCESS,269.2,48.46,0.0,11225.65,SET000364,11225.65,0.0,MATCHED
TXN000377,ORD000377,CUST00010,22482.82,2026-08-15,SUCCESS,344.08,61.93,0.0,21962.26,SET000365,22076.81,114.55,UNDER_SETTLED
TXN000378,ORD000378,CUST00295,16972.51,2026-08-06,SUCCESS,416.58,74.98,0.0,16480.95,SET000366,16480.95,0.0,MATCHED
TXN000379,ORD000379,CUST00076,11099.07,2026-08-12,SUCCESS,157.68,28.38,0.0,10913.01,SET000367,10913.01,0.0,MATCHED
TXN000380,ORD000380,CUST00602,7548.94,2026-08-14,SUCCESS,79.02,14.22,0.0,7455.7,SET000368,7455.7,0.0,MATCHED
TXN000381,ORD000381,CUST00257,11475.21,2026-08-10,SUCCESS,284.06,51.13,0.0,11140.02,SET000369,11140.02,0.0,MATCHED
TXN000382,ORD000382,CUST00204,24984.4,2026-08-16,SUCCESS,484.64,87.24,0.0,24412.52,SET000370,24412.52,0.0,MATCHED
TXN000383,ORD000383,CUST00110,6006.42,2026-08-19,SUCCESS,135.96,24.47,0.0,5845.99,SET000371,5845.99,0.0,MATCHED
TXN000384,ORD000384,CUST00368,14412.82,2026-08-23,SUCCESS,267.57,48.16,0.0,14097.09,SET000372,14097.09,0.0,MATCHED
TXN000385,ORD000385,CUST00303,646.3,2026-08-22,SUCCESS,10.24,1.84,0.0,634.22,SET000373,634.22,0.0,MATCHED
TXN000386,ORD000386,CUST00406,6934.56,2026-08-19,SUCCESS,131.26,23.63,0.0,6779.67,SET000374,6779.67,0.0,MATCHED
TXN000387,ORD000387,CUST00051,22774.36,2026-08-24,SUCCESS,523.1,94.16,0.0,22157.1,SET000375,22157.1,0.0,MATCHED
TXN000388,ORD000388,CUST00509,20837.69,2026-08-10,SUCCESS,443.28,79.79,0.0,20314.62,SET000376,20314.62,0.0,MATCHED
TXN000389,ORD000389,CUST00236,15215.92,2026-08-12,SUCCESS,313.13,56.36,0.0,14846.43,SET000377,14846.43,0.0,MATCHED
TXN000390,ORD000390,CUST00225,15951.79,2026-08-20,SUCCESS,234.77,42.26,9781.96,5892.8,SET000378,5892.8,0.0,MATCHED
TXN000391,ORD000391,CUST00257,16976.34,2026-08-24,SUCCESS,177.82,32.01,0.0,16766.51,SET000379,16766.51,0.0,MATCHED
TXN000392,ORD000392,CUST00676,17053.29,2026-08-05,SUCCESS,276.4,49.75,0.0,16727.14,SET000380,16727.14,0.0,MATCHED
TXN000393,ORD000393,CUST00644,2519.38,2026-08-21,SUCCESS,43.98,7.92,0.0,2467.48,SET000381,2467.48,0.0,MATCHED
TXN000394,ORD000394,CUST00662,1081.62,2026-08-26,SUCCESS,14.67,2.64,0.0,1064.31,SET000382,1064.31,0.0,MATCHED
TXN000395,ORD000395,CUST00452,930.78,2026-08-12,SUCCESS,15.62,2.81,0.0,912.35,SET000383,912.35,0.0,MATCHED
TXN000396,ORD000396,CUST00135,2344.32,2026-08-10,SUCCESS,56.88,10.24,0.0,2277.2,SET000384,2277.2,0.0,MATCHED
TXN000397,ORD000397,CUST00335,18712.27,2026-08-06,SUCCESS,247.79,44.6,15121.04,3298.84,SET000385,3298.84,0.0,MATCHED
TXN000398,ORD000398,CUST00206,3390.78,2026-08-18,SUCCESS,49.28,8.87,0.0,3332.63,SET000386,3332.63,0.0,MATCHED
TXN000399,ORD000399,CUST00375,13318.22,2026-08-09,SUCCESS,155.6,28.01,0.0,13134.61,SET000387,13134.61,0.0,MATCHED
TXN000400,ORD000400,CUST00169,6498.56,2026-08-16,SUCCESS,141.5,25.47,0.0,6331.59,SET000388,6331.59,0.0,MATCHED
TXN000401,ORD000401,CUST00303,18689.33,2026-08-11,SUCCESS,404.94,72.89,0.0,18211.5,SET000389,18211.5,0.0,MATCHED
TXN000402,ORD000402,CUST00118,11761.45,2026-08-03,SUCCESS,278.75,50.17,0.0,11432.53,SET000390,11432.53,0.0,MATCHED
TXN000403,ORD000403,CUST00145,18878.37,2026-08-08,SUCCESS,314.45,56.6,0.0,18507.32,SET000391,18507.32,0.0,MATCHED
TXN000404,ORD000404,CUST00693,18133.0,2026-08-13,SUCCESS,188.11,33.86,0.0,17911.03,SET000392,17911.03,0.0,MATCHED
TXN000405,ORD000405,CUST00571,9207.8,2026-08-26,SUCCESS,158.74,28.57,8063.98,956.51,SET000393,956.51,0.0,MATCHED
TXN000406,ORD000406,CUST00405,446.57,2026-08-18,SUCCESS,7.82,1.41,220.3,217.04,SET000394,217.04,0.0,MATCHED
TXN000407,ORD000407,CUST00127,11424.17,2026-08-22,SUCCESS,146.84,26.43,0.0,11250.9,SET000395,11250.9,0.0,MATCHED
TXN000408,ORD000408,CUST00689,6627.82,2026-08-13,SUCCESS,158.1,28.46,0.0,6441.26,SET000396,6441.26,0.0,MATCHED
TXN000409,ORD000409,CUST00654,23513.27,2026-08-04,SUCCESS,493.46,88.82,0.0,22930.99,SET000397,22930.99,0.0,MATCHED
TXN000410,ORD000410,CUST00692,5922.17,2026-08-01,SUCCESS,105.74,19.03,0.0,5797.4,SET000398,5797.4,0.0,MATCHED
TXN000411,ORD000411,CUST00635,22117.45,2026-08-18,SUCCESS,478.47,86.12,0.0,21552.86,SET000399,21552.86,0.0,MATCHED
TXN000412,ORD000412,CUST00336,22889.87,2026-08-08,SUCCESS,278.1,50.06,0.0,22561.71,SET000400,22561.71,0.0,MATCHED
TXN000413,ORD000413,CUST00664,1674.1,2026-08-15,SUCCESS,38.63,6.95,0.0,1628.52,SET000401,1628.52,0.0,MATCHED
TXN000414,ORD000414,CUST00310,16266.06,2026-08-04,SUCCESS,363.25,65.38,0.0,15837.43,SET000402,15837.43,0.0,MATCHED
TXN000415,ORD000415,CUST00144,1229.14,2026-08-02,SUCCESS,29.59,5.33,0.0,1194.22,SET000403,1194.22,0.0,MATCHED
TXN000416,ORD000416,CUST00312,24898.59,2026-08-04,SUCCESS,501.73,90.31,0.0,24306.55,SET000404,24306.55,0.0,MATCHED
TXN000417,ORD000417,CUST00100,5946.52,2026-08-18,SUCCESS,71.3,12.83,0.0,5862.39,SET000405,5862.39,0.0,MATCHED
TXN000418,ORD000418,CUST00139,9777.28,2026-08-12,SUCCESS,204.04,36.73,0.0,9536.51,SET000406,9536.51,0.0,MATCHED
TXN000419,ORD000419,CUST00687,23739.58,2026-08-23,SUCCESS,400.97,72.17,0.0,23266.44,SET000407,23266.44,0.0,MATCHED
TXN000420,ORD000420,CUST00554,10536.26,2026-08-24,SUCCESS,218.15,39.27,0.0,10278.84,SET000408,10278.84,0.0,MATCHED
TXN000421,ORD000421,CUST00159,22146.8,2026-08-21,SUCCESS,394.99,71.1,0.0,21680.71,SET000409,21680.71,0.0,MATCHED
TXN000422,ORD000422,CUST00102,20858.96,2026-08-20,SUCCESS,209.88,37.78,3184.15,17427.15,SET000410,17427.15,0.0,MATCHED
TXN000423,ORD000423,CUST00418,23482.42,2026-08-09,SUCCESS,563.23,101.38,0.0,22817.81,SET000411,22817.81,0.0,MATCHED
TXN000424,ORD000424,CUST00034,17287.99,2026-08-07,SUCCESS,351.05,63.19,0.0,16873.75,SET000412,16873.75,0.0,MATCHED
TXN000425,ORD000425,CUST00455,11172.93,2026-08-08,SUCCESS,211.33,38.04,0.0,10923.56,SET000413,10923.56,0.0,MATCHED
TXN000426,ORD000426,CUST00372,2573.93,2026-08-22,SUCCESS,29.1,5.24,0.0,,,2539.59,,MISSING_SETTLEMENT
TXN000427,ORD000427,CUST00377,13657.2,2026-08-21,SUCCESS,232.22,41.8,0.0,13383.18,SET000414,13383.18,0.0,MATCHED
TXN000428,ORD000428,CUST00368,1607.7,2026-08-09,SUCCESS,17.19,3.09,0.0,,,1587.42,,MISSING_SETTLEMENT
TXN000429,ORD000429,CUST00195,24208.35,2026-08-15,SUCCESS,431.12,77.6,0.0,23699.63,SET000415,23699.63,0.0,MATCHED
TXN000430,ORD000430,CUST00094,16602.94,2026-08-21,SUCCESS,330.15,59.43,0.0,16213.36,SET000416,16213.36,0.0,MATCHED
TXN000431,ORD000431,CUST00655,14968.93,2026-08-01,SUCCESS,219.85,39.57,0.0,14709.51,SET000417,14709.51,0.0,MATCHED
TXN000432,ORD000432,CUST00052,19691.19,2026-08-08,SUCCESS,367.5,66.15,0.0,19257.54,SET000418,19257.54,0.0,MATCHED
TXN000433,ORD000433,CUST00129,19695.75,2026-08-07,SUCCESS,289.18,52.05,0.0,19354.52,SET000419,19354.52,0.0,MATCHED
TXN000434,ORD000434,CUST00071,20762.46,2026-08-18,SUCCESS,485.47,87.38,0.0,20189.61,SET000420,20189.61,0.0,MATCHED
TXN000435,ORD000435,CUST00213,14700.94,2026-08-08,SUCCESS,217.77,39.2,0.0,13962.35,SET000421,14443.97,481.62,UNDER_SETTLED
TXN000436,ORD000436,CUST00337,19381.78,2026-08-26,SUCCESS,249.8,44.96,0.0,18451.49,SET000422,19087.02,635.53,UNDER_SETTLED
TXN000437,ORD000437,CUST00611,170.61,2026-08-05,SUCCESS,2.41,0.43,88.43,79.34,SET000423,79.34,0.0,MATCHED
TXN000438,ORD000438,CUST00134,13551.36,2026-08-26,SUCCESS,200.39,36.07,0.0,13314.9,SET000424,13314.9,0.0,MATCHED
TXN000439,ORD000439,CUST00179,2837.17,2026-08-01,SUCCESS,47.14,8.49,0.0,2781.54,SET000425,2781.54,0.0,MATCHED
TXN000440,ORD000440,CUST00135,470.02,2026-08-26,SUCCESS,5.53,1.0,0.0,463.49,SET000426,463.49,0.0,MATCHED
TXN000441,ORD000441,CUST00244,14762.44,2026-08-01,SUCCESS,180.69,32.52,0.0,14549.23,SET000427,14549.23,0.0,MATCHED
TXN000442,ORD000442,CUST00179,6707.65,2026-08-05,SUCCESS,94.61,17.03,0.0,6596.01,SET000428,6596.01,0.0,MATCHED
TXN000443,ORD000443,CUST00432,13199.53,2026-08-24,SUCCESS,135.02,24.3,0.0,13040.21,SET000429,13040.21,0.0,MATCHED
TXN000444,ORD000444,CUST00066,11958.52,2026-08-25,SUCCESS,231.33,41.64,0.0,11685.55,SET000430,11685.55,0.0,MATCHED
TXN000445,ORD000445,CUST00371,12879.63,2026-08-04,SUCCESS,228.11,41.06,0.0,12610.46,SET000431,12610.46,0.0,MATCHED
TXN000446,ORD000446,CUST00463,12645.58,2026-08-20,SUCCESS,165.64,29.82,0.0,12450.12,SET000432,12450.12,0.0,MATCHED
TXN000447,ORD000447,CUST00045,18208.35,2026-08-22,SUCCESS,277.76,50.0,0.0,17880.59,SET000433,17880.59,0.0,MATCHED
TXN000448,ORD000448,CUST00534,7610.6,2026-08-21,SUCCESS,112.46,20.24,0.0,7477.9,SET000434,7477.9,0.0,MATCHED
TXN000449,ORD000449,CUST00032,1614.55,2026-08-16,SUCCESS,19.57,3.52,0.0,1591.46,SET000435,1591.46,0.0,MATCHED
TXN000450,ORD000450,CUST00412,10714.21,2026-08-04,SUCCESS,220.34,39.66,0.0,10454.21,SET000436,10454.21,0.0,MATCHED
TXN000451,ORD000451,CUST00503,17838.79,2026-08-15,SUCCESS,254.19,45.75,0.0,17538.85,SET000437,17538.85,0.0,MATCHED
TXN000452,ORD000452,CUST00076,22491.74,2026-08-11,SUCCESS,307.52,55.35,0.0,22128.87,SET000438,22128.87,0.0,MATCHED
TXN000453,ORD000453,CUST00623,3793.51,2026-08-05,SUCCESS,41.99,7.56,0.0,3743.96,SET000439,3743.96,0.0,MATCHED
TXN000454,ORD000454,CUST00282,15645.51,2026-08-19,SUCCESS,300.38,54.07,0.0,15291.06,SET000440,15291.06,0.0,MATCHED
TXN000455,ORD000455,CUST00562,17832.6,2026-08-13,SUCCESS,268.93,48.41,0.0,17515.26,SET000441,17515.26,0.0,MATCHED
TXN000456,ORD000456,CUST00612,13310.87,2026-08-15,SUCCESS,221.69,39.9,0.0,13049.28,SET000442,13049.28,0.0,MATCHED
TXN000457,ORD000457,CUST00518,15175.13,2026-08-04,SUCCESS,181.36,32.64,0.0,14961.13,SET000443,14961.13,0.0,MATCHED
TXN000458,ORD000458,CUST00118,21334.54,2026-08-21,SUCCESS,363.99,65.52,0.0,20905.03,SET000444,20905.03,0.0,MATCHED
TXN000459,ORD000459,CUST00565,18048.91,2026-08-07,SUCCESS,363.37,65.41,0.0,17620.13,SET000445,17620.13,0.0,MATCHED
TXN000460,ORD000460,CUST00441,11343.72,2026-08-08,SUCCESS,131.46,23.66,0.0,11188.6,SET000446,11188.6,0.0,MATCHED
TXN000461,ORD000461,CUST00424,8539.4,2026-08-15,SUCCESS,92.29,16.61,0.0,8430.5,SET000447,8430.5,0.0,MATCHED
TXN000462,ORD000462,CUST00409,10458.14,2026-08-04,SUCCESS,171.48,30.87,5419.27,4836.52,SET000448,4836.52,0.0,MATCHED
TXN000463,ORD000463,CUST00321,10726.42,2026-08-22,SUCCESS,136.06,24.49,0.0,10565.87,SET000449,10565.87,0.0,MATCHED
TXN000464,ORD000464,CUST00262,9420.1,2026-08-05,SUCCESS,178.43,32.12,0.0,9209.55,SET000450,9209.55,0.0,MATCHED
TXN000465,ORD000465,CUST00486,1771.62,2026-08-03,SUCCESS,33.47,6.02,0.0,1732.13,SET000451,1732.13,0.0,MATCHED
TXN000466,ORD000466,CUST00096,10853.73,2026-08-24,SUCCESS,244.67,44.04,10204.2,360.82,SET000452,360.82,0.0,MATCHED
TXN000467,ORD000467,CUST00382,20313.06,2026-08-18,SUCCESS,416.22,74.92,0.0,19821.92,SET000453,19821.92,0.0,MATCHED
TXN000468,ORD000468,CUST00062,14702.98,2026-08-18,SUCCESS,282.95,50.93,0.0,14369.1,SET000454,14369.1,0.0,MATCHED
TXN000469,ORD000469,CUST00576,8308.18,2026-08-04,SUCCESS,122.02,21.96,0.0,8164.2,SET000455,8164.2,0.0,MATCHED
TXN000470,ORD000470,CUST00421,8904.59,2026-08-22,SUCCESS,198.23,35.68,0.0,8670.68,SET000456,8670.68,0.0,MATCHED
TXN000471,ORD000471,CUST00434,21715.49,2026-08-24,SUCCESS,449.37,80.89,0.0,21185.23,SET000457,21185.23,0.0,MATCHED
TXN000472,ORD000472,CUST00053,24213.13,2026-08-20,SUCCESS,485.79,87.44,0.0,23639.9,SET000458,23639.9,0.0,MATCHED
TXN000473,ORD000473,CUST00320,8855.99,2026-08-19,SUCCESS,159.43,28.7,0.0,8667.86,SET000459,8667.86,0.0,MATCHED
TXN000474,ORD000474,CUST00520,5397.2,2026-08-22,SUCCESS,132.8,23.9,0.0,5240.5,SET000460,5240.5,0.0,MATCHED
TXN000475,ORD000475,CUST00494,5683.7,2026-08-04,SUCCESS,121.27,21.83,4349.53,1191.07,SET000461,1191.07,0.0,MATCHED
TXN000476,ORD000476,CUST00359,21149.8,2026-08-12,SUCCESS,359.24,64.66,0.0,20725.9,SET000462,20725.9,0.0,MATCHED
TXN000477,ORD000477,CUST00118,19088.88,2026-08-19,SUCCESS,228.63,41.15,0.0,18819.1,SET000463,18819.1,0.0,MATCHED
TXN000478,ORD000478,CUST00232,20199.81,2026-08-18,SUCCESS,448.29,80.69,0.0,19670.83,SET000464,19670.83,0.0,MATCHED
TXN000479,ORD000479,CUST00637,15377.97,2026-08-21,SUCCESS,365.92,65.87,0.0,14946.18,SET000465,14946.18,0.0,MATCHED
TXN000480,ORD000480,CUST00571,753.72,2026-08-22,SUCCESS,12.83,2.31,0.0,,,738.58,,MISSING_SETTLEMENT
TXN000481,ORD000481,CUST00274,820.93,2026-08-09,SUCCESS,13.82,2.49,0.0,804.62,SET000466,804.62,0.0,MATCHED
TXN000482,ORD000482,CUST00317,23046.28,2026-08-12,SUCCESS,467.08,84.07,0.0,22495.13,SET000467,22495.13,0.0,MATCHED
TXN000483,ORD000483,CUST00007,4617.0,2026-08-05,SUCCESS,95.36,17.16,0.0,4504.48,SET000468,4504.48,0.0,MATCHED
TXN000484,ORD000484,CUST00580,16467.88,2026-08-03,SUCCESS,279.64,50.34,0.0,16137.9,SET000469,16137.9,0.0,MATCHED
TXN000485,ORD000485,CUST00146,18550.13,2026-08-01,SUCCESS,249.97,44.99,0.0,18255.17,SET000470,18255.17,0.0,MATCHED
TXN000486,ORD000486,CUST00094,18678.18,2026-08-07,SUCCESS,249.48,44.91,0.0,18383.79,SET000471,18383.79,0.0,MATCHED
TXN000487,ORD000487,CUST00386,10553.83,2026-08-11,SUCCESS,241.86,43.53,0.0,10268.44,SET000472,10268.44,0.0,MATCHED
TXN000488,ORD000488,CUST00162,9314.32,2026-08-24,SUCCESS,179.34,32.28,0.0,9102.7,SET000473,9102.7,0.0,MATCHED
TXN000489,ORD000489,CUST00333,19443.21,2026-08-19,SUCCESS,460.67,82.92,0.0,18899.62,SET000474,18899.62,0.0,MATCHED
TXN000490,ORD000490,CUST00611,2215.43,2026-08-02,SUCCESS,35.18,6.33,0.0,2173.92,SET000475,2173.92,0.0,MATCHED
TXN000491,ORD000491,CUST00160,4019.51,2026-08-20,SUCCESS,82.38,14.83,0.0,3922.3,SET000476,3922.3,0.0,MATCHED
TXN000492,ORD000492,CUST00051,16881.82,2026-08-09,SUCCESS,337.26,60.71,0.0,16483.85,SET000477,16483.85,0.0,MATCHED
TXN000493,ORD000493,CUST00454,16582.27,2026-08-16,SUCCESS,362.02,65.16,0.0,16155.09,SET000478,16155.09,0.0,MATCHED
TXN000494,ORD000494,CUST00622,11106.9,2026-08-09,SUCCESS,258.08,46.45,0.0,10802.37,SET000479,10802.37,0.0,MATCHED
TXN000495,ORD000495,CUST00221,18898.08,2026-08-04,SUCCESS,317.47,57.14,0.0,18523.47,SET000480,18523.47,0.0,MATCHED
TXN000496,ORD000496,CUST00354,10804.85,2026-08-10,SUCCESS,112.95,20.33,0.0,10671.57,SET000481,10671.57,0.0,MATCHED
TXN000497,ORD000497,CUST00695,16994.31,2026-08-16,SUCCESS,291.11,52.4,12281.12,4369.68,SET000482,4369.68,0.0,MATCHED
TXN000498,ORD000498,CUST00540,16711.6,2026-08-02,SUCCESS,255.21,45.94,0.0,16410.45,SET000483,16410.45,0.0,MATCHED
TXN000499,ORD000499,CUST00226,9942.06,2026-08-20,SUCCESS,168.21,30.28,5258.12,4485.45,SET000484,4485.45,0.0,MATCHED
TXN000500,ORD000500,CUST00057,291.41,2026-08-10,SUCCESS,3.66,0.66,0.0,287.09,SET000485,287.09,0.0,MATCHED
TXN000501,ORD000501,CUST00217,19207.0,2026-08-25,SUCCESS,413.32,74.4,0.0,18719.28,SET000486,18719.28,0.0,MATCHED
TXN000502,ORD000502,CUST00262,7307.23,2026-08-04,SUCCESS,139.32,25.08,0.0,7142.83,SET000487,7142.83,0.0,MATCHED
TXN000503,ORD000503,CUST00008,12484.89,2026-08-14,SUCCESS,148.71,26.77,0.0,12309.41,SET000488,12309.41,0.0,MATCHED
TXN000504,ORD000504,CUST00180,3316.72,2026-08-18,SUCCESS,38.29,6.89,0.0,3271.54,SET000489,3271.54,0.0,MATCHED
TXN000505,ORD000505,CUST00236,12556.53,2026-08-22,SUCCESS,279.55,50.32,0.0,12226.66,SET000490,12226.66,0.0,MATCHED
TXN000506,ORD000506,CUST00363,1894.68,2026-08-24,SUCCESS,41.59,7.49,0.0,1845.6,SET000491,1845.6,0.0,MATCHED
TXN000507,ORD000507,CUST00044,10961.87,2026-08-15,SUCCESS,163.2,29.38,0.0,10769.29,SET000492,10769.29,0.0,MATCHED
TXN000508,ORD000508,CUST00080,21566.54,2026-08-19,SUCCESS,425.76,76.64,0.0,21064.14,SET000493,21064.14,0.0,MATCHED
TXN000509,ORD000509,CUST00440,14377.65,2026-08-23,SUCCESS,314.68,56.64,1838.22,12168.11,SET000494,12168.11,0.0,MATCHED
TXN000510,ORD000510,CUST00656,10500.58,2026-08-04,SUCCESS,188.92,34.01,0.0,10277.65,SET000495,10277.65,0.0,MATCHED
TXN000511,ORD000511,CUST00415,619.33,2026-08-11,SUCCESS,9.92,1.79,0.0,607.62,SET000496,607.62,0.0,MATCHED
TXN000512,ORD000512,CUST00176,20052.92,2026-08-20,SUCCESS,324.89,58.48,0.0,19669.55,SET000497,19669.55,0.0,MATCHED
TXN000513,ORD000513,CUST00472,20817.45,2026-08-12,SUCCESS,402.05,72.37,0.0,20343.03,SET000498,20343.03,0.0,MATCHED
TXN000514,ORD000514,CUST00091,10974.12,2026-08-04,SUCCESS,199.94,35.99,0.0,,,10738.19,,MISSING_SETTLEMENT
TXN000515,ORD000515,CUST00250,10948.35,2026-08-13,SUCCESS,269.42,48.5,0.0,10134.21,SET000499,10630.43,496.22,UNDER_SETTLED
TXN000516,ORD000516,CUST00537,2058.31,2026-08-10,SUCCESS,32.43,5.84,0.0,2020.04,SET000500,2020.04,0.0,MATCHED
TXN000517,ORD000517,CUST00348,5617.14,2026-08-25,SUCCESS,84.88,15.28,0.0,5516.98,SET000501,5516.98,0.0,MATCHED
TXN000518,ORD000518,CUST00173,2001.85,2026-08-21,SUCCESS,44.46,8.0,0.0,1949.39,SET000502,1949.39,0.0,MATCHED
TXN000519,ORD000519,CUST00117,13312.06,2026-08-07,SUCCESS,251.13,45.2,0.0,12722.92,SET000503,13015.73,292.81,UNDER_SETTLED
TXN000520,ORD000520,CUST00358,8842.38,2026-08-21,SUCCESS,192.45,34.64,4566.41,4048.88,SET000504,4048.88,0.0,MATCHED
TXN000521,ORD000521,CUST00152,5983.09,2026-08-05,SUCCESS,98.9,17.8,0.0,5866.39,SET000505,5866.39,0.0,MATCHED
TXN000522,ORD000522,CUST00263,5012.07,2026-08-20,SUCCESS,109.31,19.68,0.0,4883.08,SET000506,4883.08,0.0,MATCHED
TXN000523,ORD000523,CUST00157,19029.36,2026-08-21,SUCCESS,345.72,62.23,0.0,18621.41,SET000507,18621.41,0.0,MATCHED
TXN000524,ORD000524,CUST00078,4510.94,2026-08-25,SUCCESS,61.09,11.0,1592.46,2846.39,SET000508,2846.39,0.0,MATCHED
TXN000525,ORD000525,CUST00644,12403.51,2026-08-25,SUCCESS,247.32,44.52,0.0,12111.67,SET000509,12111.67,0.0,MATCHED
TXN000526,ORD000526,CUST00578,19020.94,2026-08-15,SUCCESS,212.43,38.24,0.0,18770.27,SET000510,18770.27,0.0,MATCHED
TXN000527,ORD000527,CUST00698,23111.44,2026-08-19,SUCCESS,553.82,99.69,0.0,22457.93,SET000511,22457.93,0.0,MATCHED
TXN000528,ORD000528,CUST00659,15918.93,2026-08-20,SUCCESS,296.3,53.33,0.0,15569.3,SET000512,15569.3,0.0,MATCHED
TXN000529,ORD000529,CUST00331,21619.75,2026-08-21,SUCCESS,374.01,67.32,0.0,21178.42,SET000513,21178.42,0.0,MATCHED
TXN000530,ORD000530,CUST00324,3858.84,2026-08-03,SUCCESS,72.86,13.11,0.0,3772.87,SET000514,3772.87,0.0,MATCHED
TXN000531,ORD000531,CUST00481,11110.98,2026-08-10,SUCCESS,188.26,33.89,0.0,10888.83,SET000515,10888.83,0.0,MATCHED
TXN000532,ORD000532,CUST00282,14826.35,2026-08-12,SUCCESS,271.71,48.91,0.0,14505.73,SET000516,14505.73,0.0,MATCHED
TXN000533,ORD000533,CUST00520,1947.35,2026-08-15,SUCCESS,43.48,7.83,0.0,1896.04,SET000517,1896.04,0.0,MATCHED
TXN000534,ORD000534,CUST00463,1036.42,2026-08-12,SUCCESS,13.1,2.36,0.0,1020.96,SET000518,1020.96,0.0,MATCHED
TXN000535,ORD000535,CUST00294,2010.6,2026-08-03,SUCCESS,48.93,8.81,0.0,1952.86,SET000519,1952.86,0.0,MATCHED
TXN000536,ORD000536,CUST00630,14892.59,2026-08-13,SUCCESS,164.48,29.61,0.0,14698.5,SET000520,14698.5,0.0,MATCHED
TXN000537,ORD000537,CUST00474,14550.2,2026-08-26,SUCCESS,169.24,30.46,0.0,14350.5,SET000521,14350.5,0.0,MATCHED
TXN000538,ORD000538,CUST00043,11298.37,2026-08-26,SUCCESS,250.95,45.17,0.0,11002.25,SET000522,11002.25,0.0,MATCHED
TXN000539,ORD000539,CUST00586,16330.75,2026-08-11,SUCCESS,352.26,63.41,0.0,15915.08,SET000523,15915.08,0.0,MATCHED
TXN000540,ORD000540,CUST00620,11943.16,2026-08-05,SUCCESS,187.31,33.72,0.0,11722.13,SET000524,11722.13,0.0,MATCHED
TXN000541,ORD000541,CUST00064,11318.03,2026-08-26,SUCCESS,197.1,35.48,0.0,11085.45,SET000525,11085.45,0.0,MATCHED
TXN000542,ORD000542,CUST00352,24561.4,2026-08-03,SUCCESS,488.83,87.99,0.0,23984.58,SET000526,23984.58,0.0,MATCHED
TXN000543,ORD000543,CUST00517,16188.56,2026-08-02,SUCCESS,183.87,33.1,0.0,15971.59,SET000527,15971.59,0.0,MATCHED
TXN000544,ORD000544,CUST00254,17719.78,2026-08-15,SUCCESS,394.36,70.98,0.0,17254.44,SET000528,17254.44,0.0,MATCHED
TXN000545,ORD000545,CUST00537,13116.43,2026-08-06,SUCCESS,305.73,55.03,0.0,12755.67,SET000529,12755.67,0.0,MATCHED
TXN000546,ORD000546,CUST00373,9384.01,2026-08-10,SUCCESS,220.98,39.78,0.0,9123.25,SET000530,9123.25,0.0,MATCHED
TXN000547,ORD000547,CUST00397,10278.36,2026-08-11,SUCCESS,200.86,36.15,0.0,10041.35,SET000531,10041.35,0.0,MATCHED
TXN000548,ORD000548,CUST00696,14987.36,2026-08-26,SUCCESS,149.92,26.99,0.0,14810.45,SET000532,14810.45,0.0,MATCHED
TXN000549,ORD000549,CUST00647,16217.9,2026-08-03,SUCCESS,197.87,35.62,3493.69,,,12490.72,,MISSING_SETTLEMENT
TXN000550,ORD000550,CUST00338,2453.2,2026-08-22,SUCCESS,30.02,5.4,818.54,1599.24,SET000533,1599.24,0.0,MATCHED
TXN000551,ORD000551,CUST00396,7175.26,2026-08-24,SUCCESS,128.93,23.21,0.0,7023.12,SET000534,7023.12,0.0,MATCHED
TXN000552,ORD000552,CUST00673,24113.81,2026-08-20,SUCCESS,382.2,68.8,0.0,23662.81,SET000535,23662.81,0.0,MATCHED
TXN000553,ORD000553,CUST00154,8400.71,2026-08-19,SUCCESS,156.83,28.23,0.0,8215.65,SET000536,8215.65,0.0,MATCHED
TXN000554,ORD000554,CUST00680,3621.57,2026-08-12,SUCCESS,46.85,8.43,0.0,3566.29,SET000537,3566.29,0.0,MATCHED
TXN000555,ORD000555,CUST00318,24195.64,2026-08-23,SUCCESS,489.3,88.07,0.0,23618.27,SET000538,23618.27,0.0,MATCHED
TXN000556,ORD000556,CUST00679,9859.75,2026-08-20,SUCCESS,145.42,26.18,0.0,8405.0,SET000539,9688.15,1283.15,UNDER_SETTLED
TXN000557,ORD000557,CUST00087,7808.59,2026-08-13,SUCCESS,144.88,26.08,0.0,7637.63,SET000540,7637.63,0.0,MATCHED
TXN000558,ORD000558,CUST00659,19812.38,2026-08-05,SUCCESS,469.52,84.51,0.0,19258.35,SET000541,19258.35,0.0,MATCHED
TXN000559,ORD000559,CUST00687,17600.49,2026-08-24,SUCCESS,256.41,46.15,0.0,17297.93,SET000542,17297.93,0.0,MATCHED
TXN000560,ORD000560,CUST00540,2426.98,2026-08-22,SUCCESS,58.61,10.55,0.0,2357.82,SET000543,2357.82,0.0,MATCHED
TXN000561,ORD000561,CUST00434,12761.36,2026-08-01,SUCCESS,210.83,37.95,0.0,12512.58,SET000544,12512.58,0.0,MATCHED
TXN000562,ORD000562,CUST00372,7790.77,2026-08-07,SUCCESS,192.73,34.69,0.0,7563.35,SET000545,7563.35,0.0,MATCHED
TXN000563,ORD000563,CUST00350,23696.94,2026-08-16,SUCCESS,359.34,64.68,0.0,23272.92,SET000546,23272.92,0.0,MATCHED
TXN000564,ORD000564,CUST00197,5740.92,2026-08-05,SUCCESS,65.1,11.72,0.0,5664.1,SET000547,5664.1,0.0,MATCHED
TXN000565,ORD000565,CUST00159,2021.41,2026-08-26,SUCCESS,20.46,3.68,0.0,1997.27,SET000548,1997.27,0.0,MATCHED
TXN000566,ORD000566,CUST00104,12741.47,2026-08-18,SUCCESS,315.94,56.87,12039.2,329.46,SET000549,329.46,0.0,MATCHED
TXN000567,ORD000567,CUST00540,1039.91,2026-08-11,SUCCESS,16.7,3.01,0.0,1020.2,SET000550,1020.2,0.0,MATCHED
TXN000568,ORD000568,CUST00633,3363.12,2026-08-13,SUCCESS,40.07,7.21,0.0,3315.84,SET000551,3315.84,0.0,MATCHED
TXN000569,ORD000569,CUST00158,4139.96,2026-08-23,SUCCESS,59.67,10.74,0.0,4069.55,SET000552,4069.55,0.0,MATCHED
TXN000570,ORD000570,CUST00640,20245.19,2026-08-06,SUCCESS,314.58,56.62,0.0,19873.99,SET000553,19873.99,0.0,MATCHED
TXN000571,ORD000571,CUST00449,1187.94,2026-08-12,SUCCESS,21.66,3.9,0.0,1162.38,SET000554,1162.38,0.0,MATCHED
TXN000572,ORD000572,CUST00693,18017.68,2026-08-15,SUCCESS,194.54,35.02,0.0,17788.12,SET000555,17788.12,0.0,MATCHED
TXN000573,ORD000573,CUST00626,7194.71,2026-08-24,SUCCESS,147.85,26.61,0.0,7020.25,SET000556,7020.25,0.0,MATCHED
TXN000574,ORD000574,CUST00460,5926.67,2026-08-08,SUCCESS,132.23,23.8,0.0,5770.64,SET000557,5770.64,0.0,MATCHED
TXN000575,ORD000575,CUST00317,24143.36,2026-08-26,SUCCESS,371.53,66.88,0.0,23704.95,SET000558,23704.95,0.0,MATCHED
TXN000576,ORD000576,CUST00481,22608.96,2026-08-07,SUCCESS,518.17,93.27,0.0,21997.52,SET000559,21997.52,0.0,MATCHED
TXN000577,ORD000577,CUST00377,16989.84,2026-08-19,SUCCESS,390.51,70.29,0.0,16529.04,SET000560,16529.04,0.0,MATCHED
TXN000578,ORD000578,CUST00452,11595.83,2026-08-10,SUCCESS,156.88,28.24,0.0,11410.71,SET000561,11410.71,0.0,MATCHED
TXN000579,ORD000579,CUST00392,12622.38,2026-08-14,SUCCESS,259.18,46.65,3473.01,8843.54,SET000562,8843.54,0.0,MATCHED
TXN000580,ORD000580,CUST00166,20440.59,2026-08-26,SUCCESS,325.29,58.55,0.0,20056.75,SET000563,20056.75,0.0,MATCHED
TXN000581,ORD000581,CUST00620,3546.12,2026-08-09,SUCCESS,52.38,9.43,0.0,,,3484.31,,MISSING_SETTLEMENT
TXN000582,ORD000582,CUST00054,16065.36,2026-08-12,SUCCESS,252.9,45.52,12269.11,3497.83,SET000564,3497.83,0.0,MATCHED
TXN000583,ORD000583,CUST00568,23363.91,2026-08-23,SUCCESS,367.36,66.12,0.0,22659.89,SET000565,22930.43,270.54,UNDER_SETTLED
TXN000584,ORD000584,CUST00529,21294.03,2026-08-10,SUCCESS,387.06,69.67,0.0,20837.3,SET000566,20837.3,0.0,MATCHED
TXN000585,ORD000585,CUST00086,19101.61,2026-08-09,SUCCESS,380.83,68.55,6207.75,12444.48,SET000567,12444.48,0.0,MATCHED
TXN000586,ORD000586,CUST00461,22642.12,2026-08-05,SUCCESS,387.7,69.79,0.0,22184.63,SET000568,22184.63,0.0,MATCHED
TXN000587,ORD000587,CUST00448,2383.67,2026-08-08,SUCCESS,30.57,5.5,0.0,2347.6,SET000569,2347.6,0.0,MATCHED
TXN000588,ORD000588,CUST00462,22127.28,2026-08-01,SUCCESS,348.92,62.81,0.0,21715.55,SET000570,21715.55,0.0,MATCHED
TXN000589,ORD000589,CUST00425,1426.1,2026-08-17,SUCCESS,34.04,6.13,0.0,1385.93,SET000571,1385.93,0.0,MATCHED
TXN000590,ORD000590,CUST00383,5970.87,2026-08-03,SUCCESS,134.94,24.29,0.0,5811.64,SET000572,5811.64,0.0,MATCHED
TXN000591,ORD000591,CUST00384,5691.02,2026-08-11,SUCCESS,70.08,12.61,0.0,5608.33,SET000573,5608.33,0.0,MATCHED
TXN000592,ORD000592,CUST00102,20995.49,2026-08-21,SUCCESS,524.09,94.34,0.0,20377.06,SET000574,20377.06,0.0,MATCHED
TXN000593,ORD000593,CUST00344,19805.38,2026-08-05,SUCCESS,397.12,71.48,0.0,19336.78,SET000575,19336.78,0.0,MATCHED
TXN000594,ORD000594,CUST00040,7243.3,2026-08-16,SUCCESS,87.02,15.66,0.0,7140.62,SET000576,7140.62,0.0,MATCHED
TXN000595,ORD000595,CUST00143,18995.14,2026-08-16,SUCCESS,210.39,37.87,0.0,18746.88,SET000577,18746.88,0.0,MATCHED
TXN000596,ORD000596,CUST00460,15422.17,2026-08-03,SUCCESS,157.86,28.41,0.0,15235.9,SET000578,15235.9,0.0,MATCHED
TXN000597,ORD000597,CUST00020,6472.51,2026-08-05,SUCCESS,134.76,24.26,0.0,6313.49,SET000579,6313.49,0.0,MATCHED
TXN000598,ORD000598,CUST00562,23511.63,2026-08-20,SUCCESS,406.76,73.22,0.0,23031.65,SET000580,23031.65,0.0,MATCHED
TXN000599,ORD000599,CUST00541,10639.04,2026-08-25,SUCCESS,176.09,31.7,4258.06,6173.19,SET000581,6173.19,0.0,MATCHED
TXN000600,ORD000600,CUST00296,6017.24,2026-08-04,SUCCESS,149.55,26.92,0.0,5840.77,SET000582,5840.77,0.0,MATCHED
TXN000601,ORD000601,CUST00049,6037.14,2026-08-21,SUCCESS,68.04,12.25,0.0,5956.85,SET000583,5956.85,0.0,MATCHED
TXN000602,ORD000602,CUST00638,11482.13,2026-08-04,SUCCESS,225.44,40.58,0.0,11216.11,SET000584,11216.11,0.0,MATCHED
TXN000603,ORD000603,CUST00512,14958.8,2026-08-01,SUCCESS,242.9,43.72,0.0,14672.18,SET000585,14672.18,0.0,MATCHED
TXN000604,ORD000604,CUST00648,12932.86,2026-08-08,SUCCESS,217.79,39.2,0.0,12675.87,SET000586,12675.87,0.0,MATCHED
TXN000605,ORD000605,CUST00148,7352.67,2026-08-01,SUCCESS,160.54,28.9,0.0,7163.23,SET000587,7163.23,0.0,MATCHED
TXN000606,ORD000606,CUST00630,8885.12,2026-08-19,SUCCESS,169.41,30.49,0.0,8685.22,SET000588,8685.22,0.0,MATCHED
TXN000607,ORD000607,CUST00427,4764.12,2026-08-22,SUCCESS,78.06,14.05,0.0,4672.01,SET000589,4672.01,0.0,MATCHED
TXN000608,ORD000608,CUST00088,13134.77,2026-08-12,SUCCESS,166.77,30.02,1707.64,11230.34,SET000590,11230.34,0.0,MATCHED
TXN000609,ORD000609,CUST00070,23839.75,2026-08-18,SUCCESS,420.56,75.7,0.0,23343.49,SET000591,23343.49,0.0,MATCHED
TXN000610,ORD000610,CUST00520,19681.67,2026-08-17,SUCCESS,359.8,64.76,0.0,19257.11,SET000592,19257.11,0.0,MATCHED
TXN000611,ORD000611,CUST00568,606.32,2026-08-16,SUCCESS,10.16,1.83,130.23,464.1,SET000593,464.1,0.0,MATCHED
TXN000612,ORD000612,CUST00045,15928.2,2026-08-12,SUCCESS,244.17,43.95,0.0,15640.08,SET000594,15640.08,0.0,MATCHED
TXN000613,ORD000613,CUST00260,18708.18,2026-08-12,SUCCESS,239.22,43.06,0.0,18425.9,SET000595,18425.9,0.0,MATCHED
TXN000614,ORD000614,CUST00070,8685.58,2026-08-24,SUCCESS,165.62,29.81,0.0,8490.15,SET000596,8490.15,0.0,MATCHED
TXN000615,ORD000615,CUST00673,15743.6,2026-08-25,SUCCESS,293.92,52.91,0.0,15396.77,SET000597,15396.77,0.0,MATCHED
TXN000616,ORD000616,CUST00596,18406.16,2026-08-11,SUCCESS,417.86,75.21,13064.84,4848.25,SET000598,4848.25,0.0,MATCHED
TXN000617,ORD000617,CUST00137,1203.96,2026-08-18,SUCCESS,16.32,2.94,0.0,1184.7,SET000599,1184.7,0.0,MATCHED
TXN000618,ORD000618,CUST00347,20356.37,2026-08-06,SUCCESS,356.76,64.22,0.0,19935.39,SET000600,19935.39,0.0,MATCHED
TXN000619,ORD000619,CUST00476,24522.4,2026-08-16,SUCCESS,396.34,71.34,0.0,24054.72,SET000601,24054.72,0.0,MATCHED
TXN000620,ORD000620,CUST00647,4638.72,2026-08-05,SUCCESS,84.39,15.19,0.0,4539.14,SET000602,4539.14,0.0,MATCHED
TXN000621,ORD000621,CUST00065,17929.52,2026-08-15,SUCCESS,277.99,50.04,0.0,17601.49,SET000603,17601.49,0.0,MATCHED
TXN000622,ORD000622,CUST00038,7406.72,2026-08-02,SUCCESS,182.75,32.89,0.0,7191.08,SET000604,7191.08,0.0,MATCHED
TXN000623,ORD000623,CUST00205,22156.18,2026-08-11,SUCCESS,410.38,73.87,0.0,21671.93,SET000605,21671.93,0.0,MATCHED
TXN000624,ORD000624,CUST00318,12933.05,2026-08-18,SUCCESS,266.07,47.89,0.0,12619.09,SET000606,12619.09,0.0,MATCHED
TXN000625,ORD000625,CUST00485,6407.51,2026-08-25,SUCCESS,74.95,13.49,2854.73,3464.34,SET000607,3464.34,0.0,MATCHED
TXN000626,ORD000626,CUST00663,4858.48,2026-08-12,SUCCESS,83.68,15.06,0.0,4759.74,SET000608,4759.74,0.0,MATCHED
TXN000627,ORD000627,CUST00049,21658.38,2026-08-11,SUCCESS,440.91,79.36,0.0,21138.11,SET000609,21138.11,0.0,MATCHED
TXN000628,ORD000628,CUST00280,3199.43,2026-08-12,SUCCESS,38.81,6.99,0.0,1860.79,SET000610,3153.63,1292.84,UNDER_SETTLED
TXN000629,ORD000629,CUST00448,22248.21,2026-08-24,SUCCESS,466.53,83.98,0.0,21697.7,SET000611,21697.7,0.0,MATCHED
TXN000630,ORD000630,CUST00451,22376.47,2026-08-13,SUCCESS,553.9,99.7,0.0,21722.87,SET000612,21722.87,0.0,MATCHED
TXN000631,ORD000631,CUST00348,24345.72,2026-08-16,SUCCESS,602.68,108.48,0.0,23634.56,SET000613,23634.56,0.0,MATCHED
TXN000632,ORD000632,CUST00510,9246.94,2026-08-26,SUCCESS,200.5,36.09,0.0,9010.35,SET000614,9010.35,0.0,MATCHED
TXN000633,ORD000633,CUST00532,6741.35,2026-08-03,SUCCESS,114.43,20.6,0.0,6606.32,SET000615,6606.32,0.0,MATCHED
TXN000634,ORD000634,CUST00435,2065.28,2026-08-20,SUCCESS,23.08,4.15,0.0,2038.05,SET000616,2038.05,0.0,MATCHED
TXN000635,ORD000635,CUST00185,13682.31,2026-08-11,SUCCESS,319.46,57.5,0.0,13305.35,SET000617,13305.35,0.0,MATCHED
TXN000636,ORD000636,CUST00106,2093.72,2026-08-22,SUCCESS,23.71,4.27,0.0,2065.74,SET000618,2065.74,0.0,MATCHED
TXN000637,ORD000637,CUST00303,7731.75,2026-08-20,SUCCESS,132.11,23.78,6266.39,1309.47,SET000619,1309.47,0.0,MATCHED
TXN000638,ORD000638,CUST00437,4249.45,2026-08-15,SUCCESS,89.77,16.16,0.0,4143.52,SET000620,4143.52,0.0,MATCHED
TXN000639,ORD000639,CUST00360,11233.53,2026-08-24,SUCCESS,274.17,49.35,0.0,9760.1,SET000621,10910.01,1149.91,UNDER_SETTLED
TXN000640,ORD000640,CUST00362,15409.8,2026-08-14,SUCCESS,172.15,30.99,0.0,15206.66,SET000622,15206.66,0.0,MATCHED
TXN000641,ORD000641,CUST00282,16022.79,2026-08-26,SUCCESS,312.53,56.26,0.0,15654.0,SET000623,15654.0,0.0,MATCHED
TXN000642,ORD000642,CUST00059,1968.53,2026-08-21,SUCCESS,43.25,7.79,0.0,1917.49,SET000624,1917.49,0.0,MATCHED
TXN000643,ORD000643,CUST00416,9146.45,2026-08-26,SUCCESS,134.34,24.18,0.0,8987.93,SET000625,8987.93,0.0,MATCHED
TXN000644,ORD000644,CUST00696,4083.67,2026-08-01,SUCCESS,44.07,7.93,0.0,4031.67,SET000626,4031.67,0.0,MATCHED
TXN000645,ORD000645,CUST00147,21231.87,2026-08-22,SUCCESS,321.73,57.91,0.0,20852.23,SET000627,20852.23,0.0,MATCHED
TXN000646,ORD000646,CUST00449,966.49,2026-08-03,SUCCESS,20.95,3.77,0.0,941.77,SET000628,941.77,0.0,MATCHED
TXN000647,ORD000647,CUST00242,19485.03,2026-08-12,SUCCESS,331.89,59.74,7414.06,11679.34,SET000629,11679.34,0.0,MATCHED
TXN000648,ORD000648,CUST00371,9633.07,2026-08-19,SUCCESS,170.41,30.67,0.0,9431.99,SET000630,9431.99,0.0,MATCHED
TXN000649,ORD000649,CUST00034,15166.86,2026-08-22,SUCCESS,258.42,46.52,0.0,14861.92,SET000631,14861.92,0.0,MATCHED
TXN000650,ORD000650,CUST00461,23725.71,2026-08-12,SUCCESS,498.41,89.71,0.0,23137.59,SET000632,23137.59,0.0,MATCHED
TXN000651,ORD000651,CUST00455,19100.8,2026-08-19,SUCCESS,311.63,56.09,0.0,18733.08,SET000633,18733.08,0.0,MATCHED
TXN000652,ORD000652,CUST00141,13283.55,2026-08-13,SUCCESS,324.23,58.36,0.0,12900.96,SET000634,12900.96,0.0,MATCHED
TXN000653,ORD000653,CUST00322,16274.06,2026-08-08,SUCCESS,357.6,64.37,0.0,15852.09,SET000635,15852.09,0.0,MATCHED
TXN000654,ORD000654,CUST00117,745.24,2026-08-06,SUCCESS,10.69,1.92,0.0,732.63,SET000636,732.63,0.0,MATCHED
TXN000655,ORD000655,CUST00512,12991.86,2026-08-18,SUCCESS,136.8,24.62,0.0,12830.44,SET000637,12830.44,0.0,MATCHED
TXN000656,ORD000656,CUST00121,6618.24,2026-08-09,SUCCESS,157.8,28.4,0.0,6432.04,SET000638,6432.04,0.0,MATCHED
TXN000657,ORD000657,CUST00457,5442.8,2026-08-20,SUCCESS,115.61,20.81,0.0,5306.38,SET000639,5306.38,0.0,MATCHED
TXN000658,ORD000658,CUST00293,17380.12,2026-08-16,SUCCESS,363.32,65.4,10911.17,6040.23,SET000640,6040.23,0.0,MATCHED
TXN000659,ORD000659,CUST00205,3153.67,2026-08-03,SUCCESS,58.2,10.48,0.0,3084.99,SET000641,3084.99,0.0,MATCHED
TXN000660,ORD000660,CUST00463,4399.14,2026-08-23,SUCCESS,48.04,8.65,2447.67,1894.78,SET000642,1894.78,0.0,MATCHED
TXN000661,ORD000661,CUST00456,24931.83,2026-08-26,SUCCESS,426.27,76.73,0.0,24428.83,SET000643,24428.83,0.0,MATCHED
TXN000662,ORD000662,CUST00699,24192.27,2026-08-11,SUCCESS,303.28,54.59,0.0,23834.4,SET000644,23834.4,0.0,MATCHED
TXN000663,ORD000663,CUST00684,8750.89,2026-08-03,SUCCESS,94.28,16.97,0.0,8639.64,SET000645,8639.64,0.0,MATCHED
TXN000664,ORD000664,CUST00564,13600.07,2026-08-10,SUCCESS,338.04,60.85,0.0,13201.18,SET000646,13201.18,0.0,MATCHED
TXN000665,ORD000665,CUST00162,17824.05,2026-08-23,SUCCESS,394.51,71.01,0.0,17358.53,SET000647,17358.53,0.0,MATCHED
TXN000666,ORD000666,CUST00654,4434.87,2026-08-12,SUCCESS,85.88,15.46,0.0,4333.53,SET000648,4333.53,0.0,MATCHED
TXN000667,ORD000667,CUST00521,5683.62,2026-08-07,SUCCESS,81.29,14.63,0.0,5587.7,SET000649,5587.7,0.0,MATCHED
TXN000668,ORD000668,CUST00143,5994.73,2026-08-16,SUCCESS,67.37,12.13,0.0,5915.23,SET000650,5915.23,0.0,MATCHED
TXN000669,ORD000669,CUST00027,9086.32,2026-08-19,SUCCESS,159.77,28.76,0.0,8897.79,SET000651,8897.79,0.0,MATCHED
TXN000670,ORD000670,CUST00378,11738.41,2026-08-18,SUCCESS,267.3,48.11,0.0,11423.0,SET000652,11423.0,0.0,MATCHED
TXN000671,ORD000671,CUST00133,15337.51,2026-08-03,SUCCESS,217.3,39.11,0.0,15081.1,SET000653,15081.1,0.0,MATCHED
TXN000672,ORD000672,CUST00068,7801.34,2026-08-23,SUCCESS,93.52,16.83,0.0,7690.99,SET000654,7690.99,0.0,MATCHED
TXN000673,ORD000673,CUST00491,13189.82,2026-08-25,SUCCESS,187.49,33.75,0.0,12968.58,SET000655,12968.58,0.0,MATCHED
TXN000674,ORD000674,CUST00420,20601.15,2026-08-03,SUCCESS,471.1,84.8,0.0,20045.25,SET000656,20045.25,0.0,MATCHED
TXN000675,ORD000675,CUST00129,24312.26,2026-08-21,SUCCESS,248.3,44.69,0.0,24019.27,SET000657,24019.27,0.0,MATCHED
TXN000676,ORD000676,CUST00076,11304.36,2026-08-22,SUCCESS,131.96,23.75,0.0,11148.65,SET000658,11148.65,0.0,MATCHED
TXN000677,ORD000677,CUST00530,8678.42,2026-08-25,SUCCESS,109.51,19.71,0.0,8549.2,SET000659,8549.2,0.0,MATCHED
TXN000678,ORD000678,CUST00565,16030.87,2026-08-06,SUCCESS,302.61,54.47,0.0,15673.79,SET000660,15673.79,0.0,MATCHED
TXN000679,ORD000679,CUST00133,10872.2,2026-08-02,SUCCESS,133.37,24.01,0.0,10714.82,SET000661,10714.82,0.0,MATCHED
TXN000680,ORD000680,CUST00128,13000.74,2026-08-10,SUCCESS,217.11,39.08,0.0,12744.55,SET000662,12744.55,0.0,MATCHED
TXN000681,ORD000681,CUST00169,4132.98,2026-08-23,SUCCESS,91.41,16.45,1229.42,2795.7,SET000663,2795.7,0.0,MATCHED
TXN000682,ORD000682,CUST00231,8715.97,2026-08-17,SUCCESS,121.32,21.84,2621.09,5951.72,SET000664,5951.72,0.0,MATCHED
TXN000683,ORD000683,CUST00291,21163.75,2026-08-09,SUCCESS,434.1,78.14,0.0,20651.51,SET000665,20651.51,0.0,MATCHED
TXN000684,ORD000684,CUST00202,15912.92,2026-08-18,SUCCESS,274.88,49.48,0.0,15588.56,SET000666,15588.56,0.0,MATCHED
TXN000685,ORD000685,CUST00282,3216.74,2026-08-10,SUCCESS,70.74,12.73,0.0,3133.27,SET000667,3133.27,0.0,MATCHED
TXN000686,ORD000686,CUST00630,13383.6,2026-08-17,SUCCESS,306.89,55.24,0.0,13021.47,SET000668,13021.47,0.0,MATCHED
TXN000687,ORD000687,CUST00657,4299.03,2026-08-19,SUCCESS,65.1,11.72,0.0,4222.21,SET000669,4222.21,0.0,MATCHED
TXN000688,ORD000688,CUST00158,4362.9,2026-08-20,SUCCESS,49.15,8.85,0.0,4304.9,SET000670,4304.9,0.0,MATCHED
TXN000689,ORD000689,CUST00620,8506.73,2026-08-19,SUCCESS,103.58,18.64,0.0,8384.51,SET000671,8384.51,0.0,MATCHED
TXN000690,ORD000690,CUST00043,20648.38,2026-08-01,SUCCESS,495.75,89.23,0.0,20063.4,SET000672,20063.4,0.0,MATCHED
TXN000691,ORD000691,CUST00084,1232.0,2026-08-21,SUCCESS,15.17,2.73,0.0,1214.1,SET000673,1214.1,0.0,MATCHED
TXN000692,ORD000692,CUST00591,6689.93,2026-08-07,SUCCESS,116.67,21.0,0.0,6552.26,SET000674,6552.26,0.0,MATCHED
TXN000693,ORD000693,CUST00586,10473.01,2026-08-21,SUCCESS,260.82,46.95,0.0,10165.24,SET000675,10165.24,0.0,MATCHED
TXN000694,ORD000694,CUST00032,12501.15,2026-08-21,SUCCESS,269.47,48.5,1587.84,10595.34,SET000676,10595.34,0.0,MATCHED
TXN000695,ORD000695,CUST00559,7312.82,2026-08-10,SUCCESS,99.23,17.86,0.0,7195.73,SET000677,7195.73,0.0,MATCHED
TXN000696,ORD000696,CUST00495,6197.46,2026-08-26,SUCCESS,102.9,18.52,0.0,6076.04,SET000678,6076.04,0.0,MATCHED
TXN000697,ORD000697,CUST00416,7506.1,2026-08-03,SUCCESS,146.85,26.43,0.0,7332.82,SET000679,7332.82,0.0,MATCHED
TXN000698,ORD000698,CUST00062,4036.2,2026-08-14,SUCCESS,53.13,9.56,0.0,3973.51,SET000680,3973.51,0.0,MATCHED
TXN000699,ORD000699,CUST00496,11664.61,2026-08-11,SUCCESS,245.14,44.13,0.0,11375.34,SET000681,11375.34,0.0,MATCHED
TXN000700,ORD000700,CUST00622,3677.35,2026-08-23,SUCCESS,55.81,10.05,465.98,2334.86,SET000682,3145.51,810.65,UNDER_SETTLED
TXN000701,ORD000701,CUST00327,18381.57,2026-08-12,SUCCESS,360.9,64.96,0.0,17955.71,SET000683,17955.71,0.0,MATCHED
TXN000702,ORD000702,CUST00409,3356.08,2026-08-12,SUCCESS,71.59,12.89,0.0,3271.6,SET000684,3271.6,0.0,MATCHED
TXN000703,ORD000703,CUST00528,14085.12,2026-08-11,SUCCESS,165.36,29.76,0.0,,,13890.0,,MISSING_SETTLEMENT
TXN000704,ORD000704,CUST00248,11715.17,2026-08-09,SUCCESS,146.6,26.39,0.0,10359.12,SET000685,11542.18,1183.06,UNDER_SETTLED
TXN000705,ORD000705,CUST00461,6273.18,2026-08-04,SUCCESS,100.25,18.04,0.0,6154.89,SET000686,6154.89,0.0,MATCHED
TXN000706,ORD000706,CUST00052,7326.28,2026-08-13,SUCCESS,106.38,19.15,0.0,7200.75,SET000687,7200.75,0.0,MATCHED
TXN000707,ORD000707,CUST00631,10511.56,2026-08-06,SUCCESS,222.76,40.1,0.0,,,10248.7,,MISSING_SETTLEMENT
TXN000708,ORD000708,CUST00336,23350.41,2026-08-24,SUCCESS,497.05,89.47,20048.51,2715.38,SET000688,2715.38,0.0,MATCHED
TXN000709,ORD000709,CUST00321,4826.87,2026-08-06,SUCCESS,86.82,15.63,0.0,4724.42,SET000689,4724.42,0.0,MATCHED
TXN000710,ORD000710,CUST00511,24899.64,2026-08-15,SUCCESS,390.85,70.35,17671.45,6766.99,SET000690,6766.99,0.0,MATCHED
TXN000711,ORD000711,CUST00511,21988.98,2026-08-16,SUCCESS,452.62,81.47,0.0,21454.89,SET000691,21454.89,0.0,MATCHED
TXN000712,ORD000712,CUST00024,2342.22,2026-08-13,SUCCESS,40.1,7.22,0.0,2294.9,SET000692,2294.9,0.0,MATCHED
TXN000713,ORD000713,CUST00518,11485.04,2026-08-08,SUCCESS,139.86,25.17,0.0,11320.01,SET000693,11320.01,0.0,MATCHED
TXN000714,ORD000714,CUST00221,14625.27,2026-08-02,SUCCESS,337.17,60.69,0.0,14227.41,SET000694,14227.41,0.0,MATCHED
TXN000715,ORD000715,CUST00052,7105.77,2026-08-20,SUCCESS,72.32,13.02,0.0,7020.43,SET000695,7020.43,0.0,MATCHED
TXN000716,ORD000716,CUST00670,16845.76,2026-08-10,SUCCESS,402.75,72.49,0.0,16370.52,SET000696,16370.52,0.0,MATCHED
TXN000717,ORD000717,CUST00550,303.62,2026-08-04,SUCCESS,5.08,0.91,0.0,297.63,SET000697,297.63,0.0,MATCHED
TXN000718,ORD000718,CUST00442,3434.98,2026-08-09,SUCCESS,69.31,12.48,0.0,3353.19,SET000698,3353.19,0.0,MATCHED
TXN000719,ORD000719,CUST00375,19120.03,2026-08-12,SUCCESS,467.03,84.07,0.0,18568.93,SET000699,18568.93,0.0,MATCHED
TXN000720,ORD000720,CUST00047,10074.48,2026-08-19,SUCCESS,203.94,36.71,0.0,9833.83,SET000700,9833.83,0.0,MATCHED
TXN000721,ORD000721,CUST00576,4946.92,2026-08-18,SUCCESS,52.51,9.45,0.0,4884.96,SET000701,4884.96,0.0,MATCHED
TXN000722,ORD000722,CUST00296,1930.94,2026-08-17,SUCCESS,45.89,8.26,0.0,1162.81,SET000702,1876.79,713.98,UNDER_SETTLED
TXN000723,ORD000723,CUST00462,19133.66,2026-08-09,SUCCESS,374.28,67.37,0.0,18102.48,SET000703,18692.01,589.53,UNDER_SETTLED
TXN000724,ORD000724,CUST00639,17041.93,2026-08-04,SUCCESS,414.85,74.67,3919.46,12632.95,SET000704,12632.95,0.0,MATCHED
TXN000725,ORD000725,CUST00132,24379.56,2026-08-13,SUCCESS,401.7,72.31,0.0,23905.55,SET000705,23905.55,0.0,MATCHED
TXN000726,ORD000726,CUST00383,19892.94,2026-08-11,SUCCESS,472.87,85.12,0.0,19334.95,SET000706,19334.95,0.0,MATCHED
TXN000727,ORD000727,CUST00572,23479.82,2026-08-25,SUCCESS,537.11,96.68,0.0,22846.03,SET000707,22846.03,0.0,MATCHED
TXN000728,ORD000728,CUST00148,5056.54,2026-08-17,SUCCESS,75.97,13.67,0.0,4966.9,SET000708,4966.9,0.0,MATCHED
TXN000729,ORD000729,CUST00412,12551.94,2026-08-02,SUCCESS,175.81,31.65,0.0,12344.48,SET000709,12344.48,0.0,MATCHED
TXN000730,ORD000730,CUST00040,3512.21,2026-08-11,SUCCESS,40.3,7.25,0.0,3464.66,SET000710,3464.66,0.0,MATCHED
TXN000731,ORD000731,CUST00486,13031.38,2026-08-05,SUCCESS,258.22,46.48,0.0,12726.68,SET000711,12726.68,0.0,MATCHED
TXN000732,ORD000732,CUST00621,22338.98,2026-08-05,SUCCESS,354.46,63.8,0.0,21920.72,SET000712,21920.72,0.0,MATCHED
TXN000733,ORD000733,CUST00336,23291.08,2026-08-11,SUCCESS,503.02,90.54,15242.27,7455.25,SET000713,7455.25,0.0,MATCHED
TXN000734,ORD000734,CUST00167,9884.57,2026-08-20,SUCCESS,209.91,37.78,0.0,9636.88,SET000714,9636.88,0.0,MATCHED
TXN000735,ORD000735,CUST00307,14883.74,2026-08-17,SUCCESS,312.78,56.3,0.0,14514.66,SET000715,14514.66,0.0,MATCHED
TXN000736,ORD000736,CUST00522,13355.26,2026-08-23,SUCCESS,251.49,45.27,0.0,13058.5,SET000716,13058.5,0.0,MATCHED
TXN000737,ORD000737,CUST00577,7564.79,2026-08-01,SUCCESS,97.77,17.6,0.0,7449.42,SET000717,7449.42,0.0,MATCHED
TXN000738,ORD000738,CUST00378,8347.87,2026-08-04,SUCCESS,125.73,22.63,6812.29,1387.22,SET000718,1387.22,0.0,MATCHED
TXN000739,ORD000739,CUST00427,14634.18,2026-08-26,SUCCESS,297.87,53.62,0.0,14282.69,SET000719,14282.69,0.0,MATCHED
TXN000740,ORD000740,CUST00645,763.51,2026-08-16,SUCCESS,9.7,1.75,0.0,752.06,SET000720,752.06,0.0,MATCHED
TXN000741,ORD000741,CUST00272,24180.06,2026-08-26,SUCCESS,440.42,79.28,0.0,23660.36,SET000721,23660.36,0.0,MATCHED
TXN000742,ORD000742,CUST00593,14483.1,2026-08-24,SUCCESS,290.99,52.38,0.0,14139.73,SET000722,14139.73,0.0,MATCHED
TXN000743,ORD000743,CUST00053,14629.73,2026-08-06,SUCCESS,328.81,59.19,0.0,14241.73,SET000723,14241.73,0.0,MATCHED
TXN000744,ORD000744,CUST00537,15762.73,2026-08-20,SUCCESS,160.46,28.88,0.0,15573.39,SET000724,15573.39,0.0,MATCHED
TXN000745,ORD000745,CUST00390,3779.62,2026-08-22,SUCCESS,43.34,7.8,0.0,3728.48,SET000725,3728.48,0.0,MATCHED
TXN000746,ORD000746,CUST00249,886.11,2026-08-23,SUCCESS,10.24,1.84,0.0,444.88,SET000726,874.03,429.15,UNDER_SETTLED
TXN000747,ORD000747,CUST00113,4850.53,2026-08-15,SUCCESS,80.95,14.57,2705.39,2049.62,SET000727,2049.62,0.0,MATCHED
TXN000748,ORD000748,CUST00322,10527.63,2026-08-14,SUCCESS,139.93,25.19,0.0,10362.51,SET000728,10362.51,0.0,MATCHED
TXN000749,ORD000749,CUST00209,10318.4,2026-08-25,SUCCESS,147.03,26.47,0.0,10144.9,SET000729,10144.9,0.0,MATCHED
TXN000750,ORD000750,CUST00627,23020.97,2026-08-24,SUCCESS,296.88,53.44,0.0,22670.65,SET000730,22670.65,0.0,MATCHED
TXN000751,ORD000751,CUST00064,17673.8,2026-08-17,SUCCESS,183.02,32.94,0.0,17457.84,SET000731,17457.84,0.0,MATCHED
TXN000752,ORD000752,CUST00213,14066.08,2026-08-22,SUCCESS,160.06,28.81,0.0,12580.81,SET000732,13877.21,1296.4,UNDER_SETTLED
TXN000753,ORD000753,CUST00490,13184.38,2026-08-11,SUCCESS,317.45,57.14,0.0,12809.79,SET000733,12809.79,0.0,MATCHED
TXN000754,ORD000754,CUST00178,11545.62,2026-08-18,SUCCESS,229.17,41.25,0.0,11275.2,SET000734,11275.2,0.0,MATCHED
TXN000755,ORD000755,CUST00351,13702.2,2026-08-22,SUCCESS,308.74,55.57,0.0,13337.89,SET000735,13337.89,0.0,MATCHED
TXN000756,ORD000756,CUST00698,16118.4,2026-08-23,SUCCESS,390.99,70.38,0.0,15657.03,SET000736,15657.03,0.0,MATCHED
TXN000757,ORD000757,CUST00271,15290.91,2026-08-07,SUCCESS,299.26,53.87,0.0,14937.78,SET000737,14937.78,0.0,MATCHED
TXN000758,ORD000758,CUST00253,7047.26,2026-08-10,SUCCESS,145.32,26.16,0.0,6875.78,SET000738,6875.78,0.0,MATCHED
TXN000759,ORD000759,CUST00231,23542.99,2026-08-10,SUCCESS,277.8,50.0,0.0,23215.19,SET000739,23215.19,0.0,MATCHED
TXN000760,ORD000760,CUST00296,17652.03,2026-08-23,SUCCESS,403.29,72.59,0.0,17176.15,SET000740,17176.15,0.0,MATCHED
TXN000761,ORD000761,CUST00501,7994.31,2026-08-12,SUCCESS,95.52,17.19,0.0,7881.6,SET000741,7881.6,0.0,MATCHED
TXN000762,ORD000762,CUST00574,23349.14,2026-08-26,SUCCESS,463.39,83.41,6948.09,15854.25,SET000742,15854.25,0.0,MATCHED
TXN000763,ORD000763,CUST00281,7265.96,2026-08-19,SUCCESS,170.74,30.73,0.0,7064.49,SET000743,7064.49,0.0,MATCHED
TXN000764,ORD000764,CUST00693,13625.45,2026-08-13,SUCCESS,251.95,45.35,0.0,13328.15,SET000744,13328.15,0.0,MATCHED
TXN000765,ORD000765,CUST00354,23869.76,2026-08-26,SUCCESS,584.99,105.3,0.0,23179.47,SET000745,23179.47,0.0,MATCHED
TXN000766,ORD000766,CUST00150,7332.27,2026-08-10,SUCCESS,171.87,30.94,0.0,7129.46,SET000746,7129.46,0.0,MATCHED
TXN000767,ORD000767,CUST00081,8724.45,2026-08-15,SUCCESS,178.28,32.09,0.0,8514.08,SET000747,8514.08,0.0,MATCHED
TXN000768,ORD000768,CUST00672,6485.45,2026-08-16,SUCCESS,89.5,16.11,0.0,6379.84,SET000748,6379.84,0.0,MATCHED
TXN000769,ORD000769,CUST00220,5131.49,2026-08-18,SUCCESS,87.26,15.71,0.0,5028.52,SET000749,5028.52,0.0,MATCHED
TXN000770,ORD000770,CUST00278,23332.3,2026-08-23,SUCCESS,560.97,100.97,0.0,22670.36,SET000750,22670.36,0.0,MATCHED
TXN000771,ORD000771,CUST00279,3518.1,2026-08-20,SUCCESS,68.89,12.4,0.0,3436.81,SET000751,3436.81,0.0,MATCHED
TXN000772,ORD000772,CUST00601,6058.12,2026-08-02,SUCCESS,144.43,26.0,0.0,5887.69,SET000752,5887.69,0.0,MATCHED
TXN000773,ORD000773,CUST00686,22639.09,2026-08-08,SUCCESS,320.25,57.64,0.0,22261.2,SET000753,22261.2,0.0,MATCHED
TXN000774,ORD000774,CUST00654,5897.63,2026-08-04,SUCCESS,96.75,17.41,0.0,5783.47,SET000754,5783.47,0.0,MATCHED
TXN000775,ORD000775,CUST00424,8324.31,2026-08-16,SUCCESS,196.04,35.29,0.0,8092.98,SET000755,8092.98,0.0,MATCHED
TXN000776,ORD000776,CUST00103,17061.68,2026-08-05,SUCCESS,367.65,66.18,0.0,16627.85,SET000756,16627.85,0.0,MATCHED
TXN000777,ORD000777,CUST00006,24116.52,2026-08-06,SUCCESS,358.16,64.47,0.0,23693.89,SET000757,23693.89,0.0,MATCHED
TXN000778,ORD000778,CUST00417,16357.03,2026-08-16,SUCCESS,203.31,36.6,0.0,16117.12,SET000758,16117.12,0.0,MATCHED
TXN000779,ORD000779,CUST00489,16298.41,2026-08-25,SUCCESS,181.07,32.59,0.0,16084.75,SET000759,16084.75,0.0,MATCHED
TXN000780,ORD000780,CUST00295,8097.08,2026-08-21,SUCCESS,175.36,31.56,0.0,7890.16,SET000760,7890.16,0.0,MATCHED
TXN000781,ORD000781,CUST00061,22707.63,2026-08-03,SUCCESS,357.46,64.34,0.0,22285.83,SET000761,22285.83,0.0,MATCHED
TXN000782,ORD000782,CUST00668,14395.92,2026-08-18,SUCCESS,215.79,38.84,0.0,14141.29,SET000762,14141.29,0.0,MATCHED
TXN000783,ORD000783,CUST00039,22839.42,2026-08-06,SUCCESS,248.97,44.81,0.0,22545.64,SET000763,22545.64,0.0,MATCHED
TXN000784,ORD000784,CUST00428,22067.9,2026-08-06,SUCCESS,537.0,96.66,0.0,,,21434.24,,MISSING_SETTLEMENT
TXN000785,ORD000785,CUST00038,24929.58,2026-08-13,SUCCESS,348.27,62.69,0.0,24518.62,SET000764,24518.62,0.0,MATCHED
TXN000786,ORD000786,CUST00508,4739.16,2026-08-24,SUCCESS,78.71,14.17,0.0,4646.28,SET000765,4646.28,0.0,MATCHED
TXN000787,ORD000787,CUST00297,21930.9,2026-08-01,SUCCESS,381.07,68.59,0.0,21481.24,SET000766,21481.24,0.0,MATCHED
TXN000788,ORD000788,CUST00306,14242.25,2026-08-04,SUCCESS,340.8,61.34,0.0,13840.11,SET000767,13840.11,0.0,MATCHED
TXN000789,ORD000789,CUST00344,7185.59,2026-08-21,SUCCESS,137.64,24.78,0.0,,,7023.17,,MISSING_SETTLEMENT
TXN000790,ORD000790,CUST00557,13155.53,2026-08-05,SUCCESS,166.77,30.02,0.0,12356.53,SET000768,12958.74,602.21,UNDER_SETTLED
TXN000791,ORD000791,CUST00517,11753.72,2026-08-07,SUCCESS,204.29,36.77,0.0,11512.66,SET000769,11512.66,0.0,MATCHED
TXN000792,ORD000792,CUST00116,8334.03,2026-08-24,SUCCESS,101.33,18.24,0.0,8214.46,SET000770,8214.46,0.0,MATCHED
TXN000793,ORD000793,CUST00470,16242.3,2026-08-23,SUCCESS,349.71,62.95,0.0,15829.64,SET000771,15829.64,0.0,MATCHED
TXN000794,ORD000794,CUST00191,450.7,2026-08-11,SUCCESS,5.98,1.08,0.0,443.64,SET000772,443.64,0.0,MATCHED
TXN000795,ORD000795,CUST00303,14237.75,2026-08-25,SUCCESS,279.77,50.36,0.0,13907.62,SET000773,13907.62,0.0,MATCHED
TXN000796,ORD000796,CUST00198,4469.82,2026-08-21,SUCCESS,105.89,19.06,600.98,3743.89,SET000774,3743.89,0.0,MATCHED
TXN000797,ORD000797,CUST00416,20692.05,2026-08-17,SUCCESS,428.97,77.21,0.0,20185.87,SET000775,20185.87,0.0,MATCHED
TXN000798,ORD000798,CUST00336,2259.77,2026-08-22,SUCCESS,26.1,4.7,0.0,2228.97,SET000776,2228.97,0.0,MATCHED
TXN000799,ORD000799,CUST00098,4701.05,2026-08-05,SUCCESS,52.15,9.39,0.0,4639.51,SET000777,4639.51,0.0,MATCHED
TXN000800,ORD000800,CUST00489,8157.68,2026-08-08,SUCCESS,151.49,27.27,0.0,7978.92,SET000778,7978.92,0.0,MATCHED
TXN000801,ORD000801,CUST00007,6593.55,2026-08-08,SUCCESS,90.72,16.33,0.0,6486.5,SET000779,6486.5,0.0,MATCHED
TXN000802,ORD000802,CUST00458,18868.54,2026-08-11,SUCCESS,314.88,56.68,0.0,18496.98,SET000780,18496.98,0.0,MATCHED
TXN000803,ORD000803,CUST00310,14603.27,2026-08-19,SUCCESS,342.41,61.63,0.0,14199.23,SET000781,14199.23,0.0,MATCHED
TXN000804,ORD000804,CUST00012,6612.67,2026-08-12,SUCCESS,80.89,14.56,0.0,6517.22,SET000782,6517.22,0.0,MATCHED
TXN000805,ORD000805,CUST00242,1646.9,2026-08-04,SUCCESS,32.29,5.81,0.0,1608.8,SET000783,1608.8,0.0,MATCHED
TXN000806,ORD000806,CUST00477,7739.48,2026-08-13,SUCCESS,185.7,33.43,0.0,7520.35,SET000784,7520.35,0.0,MATCHED
TXN000807,ORD000807,CUST00515,23085.34,2026-08-23,SUCCESS,460.99,82.98,0.0,22541.37,SET000785,22541.37,0.0,MATCHED
TXN000808,ORD000808,CUST00319,17288.23,2026-08-21,SUCCESS,241.98,43.56,0.0,17002.69,SET000786,17002.69,0.0,MATCHED
TXN000809,ORD000809,CUST00303,9251.84,2026-08-08,SUCCESS,189.67,34.14,0.0,9028.03,SET000787,9028.03,0.0,MATCHED
TXN000810,ORD000810,CUST00225,23938.28,2026-08-16,SUCCESS,564.21,101.56,8845.83,14426.68,SET000788,14426.68,0.0,MATCHED
TXN000811,ORD000811,CUST00157,11428.97,2026-08-20,SUCCESS,212.8,38.3,0.0,11177.87,SET000789,11177.87,0.0,MATCHED
TXN000812,ORD000812,CUST00383,10454.56,2026-08-18,SUCCESS,185.37,33.37,0.0,10235.82,SET000790,10235.82,0.0,MATCHED
TXN000813,ORD000813,CUST00483,18958.03,2026-08-26,SUCCESS,456.86,82.23,0.0,18418.94,SET000791,18418.94,0.0,MATCHED
TXN000814,ORD000814,CUST00681,20657.53,2026-08-25,SUCCESS,358.62,64.55,0.0,20234.36,SET000792,20234.36,0.0,MATCHED
TXN000815,ORD000815,CUST00254,17040.51,2026-08-20,SUCCESS,281.86,50.73,0.0,16707.92,SET000793,16707.92,0.0,MATCHED
TXN000816,ORD000816,CUST00084,13185.12,2026-08-17,SUCCESS,298.78,53.78,0.0,12832.56,SET000794,12832.56,0.0,MATCHED
TXN000817,ORD000817,CUST00371,2044.76,2026-08-19,SUCCESS,44.4,7.99,0.0,1992.37,SET000795,1992.37,0.0,MATCHED
TXN000818,ORD000818,CUST00115,1637.78,2026-08-18,SUCCESS,35.67,6.42,0.0,1595.69,SET000796,1595.69,0.0,MATCHED
TXN000819,ORD000819,CUST00518,5133.7,2026-08-18,SUCCESS,92.93,16.73,0.0,5024.04,SET000797,5024.04,0.0,MATCHED
TXN000820,ORD000820,CUST00154,4196.98,2026-08-17,SUCCESS,42.18,7.59,0.0,4147.21,SET000798,4147.21,0.0,MATCHED
TXN000821,ORD000821,CUST00453,2994.38,2026-08-07,SUCCESS,72.8,13.1,0.0,2908.48,SET000799,2908.48,0.0,MATCHED
TXN000822,ORD000822,CUST00598,12271.82,2026-08-17,SUCCESS,273.29,49.19,0.0,11949.34,SET000800,11949.34,0.0,MATCHED
TXN000823,ORD000823,CUST00457,20236.43,2026-08-15,SUCCESS,348.69,62.76,0.0,19824.98,SET000801,19824.98,0.0,MATCHED
TXN000824,ORD000824,CUST00136,12879.87,2026-08-15,SUCCESS,238.39,42.91,0.0,12598.57,SET000802,12598.57,0.0,MATCHED
TXN000825,ORD000825,CUST00578,1537.65,2026-08-15,SUCCESS,36.94,6.65,0.0,1494.06,SET000803,1494.06,0.0,MATCHED
TXN000826,ORD000826,CUST00689,20192.19,2026-08-24,SUCCESS,310.63,55.91,0.0,19825.65,SET000804,19825.65,0.0,MATCHED
TXN000827,ORD000827,CUST00023,9959.12,2026-08-01,SUCCESS,201.45,36.26,0.0,,,9721.41,,MISSING_SETTLEMENT
TXN000828,ORD000828,CUST00224,14499.95,2026-08-02,SUCCESS,232.13,41.78,0.0,14226.04,SET000805,14226.04,0.0,MATCHED
TXN000829,ORD000829,CUST00434,8678.77,2026-08-03,SUCCESS,169.1,30.44,0.0,8479.23,SET000806,8479.23,0.0,MATCHED
TXN000830,ORD000830,CUST00555,24853.68,2026-08-03,SUCCESS,605.99,109.08,0.0,24138.61,SET000807,24138.61,0.0,MATCHED
TXN000831,ORD000831,CUST00484,890.2,2026-08-14,SUCCESS,10.11,1.82,0.0,878.27,SET000808,878.27,0.0,MATCHED
TXN000832,ORD000832,CUST00185,19247.4,2026-08-25,SUCCESS,346.83,62.43,0.0,18838.14,SET000809,18838.14,0.0,MATCHED
TXN000833,ORD000833,CUST00657,24460.5,2026-08-21,SUCCESS,597.18,107.49,0.0,22639.07,SET000810,23755.83,1116.76,UNDER_SETTLED
TXN000834,ORD000834,CUST00431,9424.08,2026-08-13,SUCCESS,105.61,19.01,0.0,9299.46,SET000811,9299.46,0.0,MATCHED
TXN000835,ORD000835,CUST00460,21753.55,2026-08-13,SUCCESS,367.52,66.15,0.0,21319.88,SET000812,21319.88,0.0,MATCHED
TXN000836,ORD000836,CUST00385,2098.22,2026-08-22,SUCCESS,45.11,8.12,0.0,2044.99,SET000813,2044.99,0.0,MATCHED
TXN000837,ORD000837,CUST00553,3411.45,2026-08-12,SUCCESS,67.26,12.11,0.0,3332.08,SET000814,3332.08,0.0,MATCHED
TXN000838,ORD000838,CUST00122,4543.99,2026-08-18,SUCCESS,57.48,10.35,0.0,4476.16,SET000815,4476.16,0.0,MATCHED
TXN000839,ORD000839,CUST00403,13268.18,2026-08-24,SUCCESS,140.51,25.29,0.0,13102.38,SET000816,13102.38,0.0,MATCHED
TXN000840,ORD000840,CUST00229,20887.06,2026-08-25,SUCCESS,329.23,59.26,0.0,20498.57,SET000817,20498.57,0.0,MATCHED
TXN000841,ORD000841,CUST00024,24464.42,2026-08-15,SUCCESS,314.74,56.65,0.0,24093.03,SET000818,24093.03,0.0,MATCHED
TXN000842,ORD000842,CUST00690,18005.44,2026-08-14,SUCCESS,368.0,66.24,14933.01,2638.19,SET000819,2638.19,0.0,MATCHED
TXN000843,ORD000843,CUST00545,9543.98,2026-08-08,SUCCESS,223.78,40.28,0.0,9279.92,SET000820,9279.92,0.0,MATCHED
TXN000844,ORD000844,CUST00254,11569.57,2026-08-05,SUCCESS,225.14,40.53,0.0,11303.9,SET000821,11303.9,0.0,MATCHED
TXN000845,ORD000845,CUST00283,4793.16,2026-08-24,SUCCESS,73.76,13.28,0.0,4706.12,SET000822,4706.12,0.0,MATCHED
TXN000846,ORD000846,CUST00116,902.21,2026-08-22,SUCCESS,10.17,1.83,0.0,890.21,SET000823,890.21,0.0,MATCHED
TXN000847,ORD000847,CUST00430,15411.59,2026-08-01,SUCCESS,300.4,54.07,0.0,15057.12,SET000824,15057.12,0.0,MATCHED
TXN000848,ORD000848,CUST00247,5231.43,2026-08-04,SUCCESS,110.02,19.8,0.0,5101.61,SET000825,5101.61,0.0,MATCHED
TXN000849,ORD000849,CUST00609,936.05,2026-08-20,SUCCESS,11.33,2.04,0.0,922.68,SET000826,922.68,0.0,MATCHED
TXN000850,ORD000850,CUST00689,17611.83,2026-08-02,SUCCESS,227.13,40.88,0.0,17343.82,SET000827,17343.82,0.0,MATCHED
TXN000851,ORD000851,CUST00251,18539.47,2026-08-13,SUCCESS,385.55,69.4,14958.05,3126.47,SET000828,3126.47,0.0,MATCHED
TXN000852,ORD000852,CUST00450,5935.05,2026-08-07,SUCCESS,112.14,20.19,0.0,5802.72,SET000829,5802.72,0.0,MATCHED
TXN000853,ORD000853,CUST00058,3589.38,2026-08-10,SUCCESS,62.23,11.2,0.0,3515.95,SET000830,3515.95,0.0,MATCHED
TXN000854,ORD000854,CUST00240,20413.08,2026-08-24,SUCCESS,223.42,40.22,0.0,20149.44,SET000831,20149.44,0.0,MATCHED
TXN000855,ORD000855,CUST00590,8040.7,2026-08-20,SUCCESS,145.6,26.21,0.0,7868.89,SET000832,7868.89,0.0,MATCHED
TXN000856,ORD000856,CUST00689,20477.72,2026-08-08,SUCCESS,299.3,53.87,0.0,20124.55,SET000833,20124.55,0.0,MATCHED
TXN000857,ORD000857,CUST00310,21918.83,2026-08-22,SUCCESS,394.74,71.05,0.0,21453.04,SET000834,21453.04,0.0,MATCHED
TXN000858,ORD000858,CUST00534,5603.96,2026-08-10,SUCCESS,126.17,22.71,0.0,5455.08,SET000835,5455.08,0.0,MATCHED
TXN000859,ORD000859,CUST00282,1617.85,2026-08-19,SUCCESS,27.08,4.87,0.0,1585.9,SET000836,1585.9,0.0,MATCHED
TXN000860,ORD000860,CUST00180,15687.23,2026-08-14,SUCCESS,391.2,70.42,0.0,15225.61,SET000837,15225.61,0.0,MATCHED
TXN000861,ORD000861,CUST00570,12440.96,2026-08-12,SUCCESS,131.32,23.64,0.0,12286.0,SET000838,12286.0,0.0,MATCHED
TXN000862,ORD000862,CUST00659,16816.43,2026-08-26,SUCCESS,182.3,32.81,0.0,16601.32,SET000839,16601.32,0.0,MATCHED
TXN000863,ORD000863,CUST00538,8036.49,2026-08-14,SUCCESS,175.33,31.56,0.0,7829.6,SET000840,7829.6,0.0,MATCHED
TXN000864,ORD000864,CUST00419,3815.52,2026-08-13,SUCCESS,40.61,7.31,0.0,3767.6,SET000841,3767.6,0.0,MATCHED
TXN000865,ORD000865,CUST00189,18884.96,2026-08-16,SUCCESS,222.33,40.02,0.0,18622.61,SET000842,18622.61,0.0,MATCHED
TXN000866,ORD000866,CUST00247,21248.59,2026-08-10,SUCCESS,469.73,84.55,0.0,20694.31,SET000843,20694.31,0.0,MATCHED
TXN000867,ORD000867,CUST00148,20163.83,2026-08-02,SUCCESS,403.47,72.62,0.0,,,19687.74,,MISSING_SETTLEMENT
TXN000868,ORD000868,CUST00576,10375.67,2026-08-14,SUCCESS,175.1,31.52,0.0,10169.05,SET000844,10169.05,0.0,MATCHED
TXN000869,ORD000869,CUST00571,13296.8,2026-08-13,SUCCESS,268.21,48.28,0.0,12980.31,SET000845,12980.31,0.0,MATCHED
TXN000870,ORD000870,CUST00249,6449.39,2026-08-11,SUCCESS,149.07,26.83,0.0,6273.49,SET000846,6273.49,0.0,MATCHED
TXN000871,ORD000871,CUST00663,2068.85,2026-08-15,SUCCESS,25.31,4.56,0.0,2038.98,SET000847,2038.98,0.0,MATCHED
TXN000872,ORD000872,CUST00380,2402.35,2026-08-24,SUCCESS,44.9,8.08,1729.99,619.38,SET000848,619.38,0.0,MATCHED
TXN000873,ORD000873,CUST00196,1383.26,2026-08-13,SUCCESS,33.02,5.94,0.0,1344.3,SET000849,1344.3,0.0,MATCHED
TXN000874,ORD000874,CUST00690,15163.74,2026-08-02,SUCCESS,160.03,28.81,0.0,14974.9,SET000850,14974.9,0.0,MATCHED
TXN000875,ORD000875,CUST00075,4785.27,2026-08-25,SUCCESS,58.02,10.44,4625.9,90.91,SET000851,90.91,0.0,MATCHED
TXN000876,ORD000876,CUST00602,18135.2,2026-08-18,SUCCESS,359.21,64.66,0.0,17711.33,SET000852,17711.33,0.0,MATCHED
TXN000877,ORD000877,CUST00223,12036.92,2026-08-11,SUCCESS,205.45,36.98,0.0,11794.49,SET000853,11794.49,0.0,MATCHED
TXN000878,ORD000878,CUST00311,23929.79,2026-08-01,SUCCESS,568.82,102.39,0.0,23258.58,SET000854,23258.58,0.0,MATCHED
TXN000879,ORD000879,CUST00217,23435.28,2026-08-24,SUCCESS,250.45,45.08,3555.32,19584.43,SET000855,19584.43,0.0,MATCHED
TXN000880,ORD000880,CUST00121,18697.29,2026-08-25,SUCCESS,383.66,69.06,0.0,18244.57,SET000856,18244.57,0.0,MATCHED
TXN000881,ORD000881,CUST00491,22869.59,2026-08-23,SUCCESS,273.48,49.23,0.0,22546.88,SET000857,22546.88,0.0,MATCHED
TXN000882,ORD000882,CUST00619,17623.84,2026-08-13,SUCCESS,221.77,39.92,0.0,16227.9,SET000858,17362.15,1134.25,UNDER_SETTLED
TXN000883,ORD000883,CUST00246,13846.77,2026-08-25,SUCCESS,148.84,26.79,0.0,13671.14,SET000859,13671.14,0.0,MATCHED
TXN000884,ORD000884,CUST00290,9578.48,2026-08-18,SUCCESS,139.94,25.19,0.0,9413.35,SET000860,9413.35,0.0,MATCHED
TXN000885,ORD000885,CUST00665,9045.56,2026-08-09,SUCCESS,198.15,35.67,0.0,8811.74,SET000861,8811.74,0.0,MATCHED
TXN000886,ORD000886,CUST00369,12869.13,2026-08-16,SUCCESS,216.75,39.02,0.0,12613.36,SET000862,12613.36,0.0,MATCHED
TXN000887,ORD000887,CUST00478,2555.34,2026-08-24,SUCCESS,32.1,5.78,0.0,2517.46,SET000863,2517.46,0.0,MATCHED
TXN000888,ORD000888,CUST00481,19064.56,2026-08-11,SUCCESS,359.67,64.74,18294.11,346.04,SET000864,346.04,0.0,MATCHED
TXN000889,ORD000889,CUST00209,9330.55,2026-08-14,SUCCESS,207.76,37.4,0.0,9085.39,SET000865,9085.39,0.0,MATCHED
TXN000890,ORD000890,CUST00047,14106.87,2026-08-08,SUCCESS,163.57,29.44,0.0,13913.86,SET000866,13913.86,0.0,MATCHED
TXN000891,ORD000891,CUST00150,503.88,2026-08-18,SUCCESS,8.8,1.58,0.0,493.5,SET000867,493.5,0.0,MATCHED
TXN000892,ORD000892,CUST00599,14520.66,2026-08-14,SUCCESS,319.27,57.47,0.0,14143.92,SET000868,14143.92,0.0,MATCHED
TXN000893,ORD000893,CUST00303,3895.04,2026-08-11,SUCCESS,51.84,9.33,0.0,3833.87,SET000869,3833.87,0.0,MATCHED
TXN000894,ORD000894,CUST00236,9558.01,2026-08-08,SUCCESS,210.91,37.96,0.0,9309.14,SET000870,9309.14,0.0,MATCHED
TXN000895,ORD000895,CUST00512,13811.0,2026-08-22,SUCCESS,226.41,40.75,0.0,13543.84,SET000871,13543.84,0.0,MATCHED
TXN000896,ORD000896,CUST00346,6507.44,2026-08-16,SUCCESS,144.29,25.97,0.0,6337.18,SET000872,6337.18,0.0,MATCHED
TXN000897,ORD000897,CUST00658,18515.89,2026-08-15,SUCCESS,457.95,82.43,0.0,17975.51,SET000873,17975.51,0.0,MATCHED
TXN000898,ORD000898,CUST00173,18346.03,2026-08-12,SUCCESS,370.15,66.63,0.0,17909.25,SET000874,17909.25,0.0,MATCHED
TXN000899,ORD000899,CUST00174,3584.97,2026-08-18,SUCCESS,53.29,9.59,0.0,3522.09,SET000875,3522.09,0.0,MATCHED
TXN000900,ORD000900,CUST00501,4682.79,2026-08-18,SUCCESS,115.37,20.77,0.0,4546.65,SET000876,4546.65,0.0,MATCHED
TXN000901,ORD000901,CUST00658,23935.2,2026-08-17,SUCCESS,446.14,80.31,5467.35,17941.4,SET000877,17941.4,0.0,MATCHED
TXN000902,ORD000902,CUST00035,20992.81,2026-08-03,SUCCESS,253.17,45.57,9642.28,11051.79,SET000878,11051.79,0.0,MATCHED
TXN000903,ORD000903,CUST00685,1308.01,2026-08-01,SUCCESS,29.49,5.31,0.0,1273.21,SET000879,1273.21,0.0,MATCHED
TXN000904,ORD000904,CUST00423,3523.54,2026-08-21,SUCCESS,77.15,13.89,0.0,3432.5,SET000880,3432.5,0.0,MATCHED
TXN000905,ORD000905,CUST00237,1792.4,2026-08-05,SUCCESS,38.47,6.92,0.0,1747.01,SET000881,1747.01,0.0,MATCHED
TXN000906,ORD000906,CUST00010,5546.12,2026-08-15,SUCCESS,104.8,18.86,0.0,5422.46,SET000882,5422.46,0.0,MATCHED
TXN000907,ORD000907,CUST00383,1605.21,2026-08-21,SUCCESS,24.13,4.34,0.0,1576.74,SET000883,1576.74,0.0,MATCHED
TXN000908,ORD000908,CUST00683,23354.2,2026-08-16,SUCCESS,275.84,49.65,0.0,23028.71,SET000884,23028.71,0.0,MATCHED
TXN000909,ORD000909,CUST00676,12247.57,2026-08-01,SUCCESS,148.42,26.72,0.0,12072.43,SET000885,12072.43,0.0,MATCHED
TXN000910,ORD000910,CUST00545,13835.92,2026-08-01,SUCCESS,224.52,40.41,0.0,13570.99,SET000886,13570.99,0.0,MATCHED
TXN000911,ORD000911,CUST00018,13282.5,2026-08-09,SUCCESS,271.55,48.88,0.0,12962.07,SET000887,12962.07,0.0,MATCHED
TXN000912,ORD000912,CUST00549,24439.24,2026-08-01,SUCCESS,447.27,80.51,0.0,23911.46,SET000888,23911.46,0.0,MATCHED
TXN000913,ORD000913,CUST00515,20347.61,2026-08-22,SUCCESS,337.36,60.72,0.0,19949.53,SET000889,19949.53,0.0,MATCHED
TXN000914,ORD000914,CUST00441,20173.58,2026-08-06,SUCCESS,481.85,86.73,0.0,19605.0,SET000890,19605.0,0.0,MATCHED
TXN000915,ORD000915,CUST00110,22959.42,2026-08-17,SUCCESS,243.61,43.85,0.0,22671.96,SET000891,22671.96,0.0,MATCHED
TXN000916,ORD000916,CUST00153,6100.12,2026-08-20,SUCCESS,70.15,12.63,0.0,6017.34,SET000892,6017.34,0.0,MATCHED
TXN000917,ORD000917,CUST00540,6385.21,2026-08-12,SUCCESS,145.01,26.1,0.0,6214.1,SET000893,6214.1,0.0,MATCHED
TXN000918,ORD000918,CUST00274,19893.91,2026-08-03,SUCCESS,381.7,68.71,0.0,19443.5,SET000894,19443.5,0.0,MATCHED
TXN000919,ORD000919,CUST00383,23986.52,2026-08-15,SUCCESS,519.67,93.54,0.0,23373.31,SET000895,23373.31,0.0,MATCHED
TXN000920,ORD000920,CUST00579,6155.88,2026-08-23,SUCCESS,63.0,11.34,0.0,,,6081.54,,MISSING_SETTLEMENT
TXN000921,ORD000921,CUST00232,7569.37,2026-08-03,SUCCESS,130.98,23.58,0.0,7414.81,SET000896,7414.81,0.0,MATCHED
TXN000922,ORD000922,CUST00670,24792.7,2026-08-21,SUCCESS,250.29,45.05,0.0,24497.36,SET000897,24497.36,0.0,MATCHED
TXN000923,ORD000923,CUST00033,2428.16,2026-08-13,SUCCESS,30.82,5.55,0.0,2391.79,SET000898,2391.79,0.0,MATCHED
TXN000924,ORD000924,CUST00387,13862.27,2026-08-02,SUCCESS,157.16,28.29,0.0,13676.82,SET000899,13676.82,0.0,MATCHED
TXN000925,ORD000925,CUST00653,335.31,2026-08-06,SUCCESS,6.63,1.19,0.0,327.49,SET000900,327.49,0.0,MATCHED
TXN000926,ORD000926,CUST00085,12546.47,2026-08-14,SUCCESS,292.38,52.63,0.0,12201.46,SET000901,12201.46,0.0,MATCHED
TXN000927,ORD000927,CUST00661,19630.97,2026-08-19,SUCCESS,318.87,57.4,0.0,19254.7,SET000902,19254.7,0.0,MATCHED
TXN000928,ORD000928,CUST00098,22380.3,2026-08-02,SUCCESS,494.85,89.07,0.0,21796.38,SET000903,21796.38,0.0,MATCHED
TXN000929,ORD000929,CUST00236,5364.28,2026-08-23,SUCCESS,115.81,20.85,0.0,5227.62,SET000904,5227.62,0.0,MATCHED
TXN000930,ORD000930,CUST00581,11939.96,2026-08-02,SUCCESS,243.4,43.81,0.0,11652.75,SET000905,11652.75,0.0,MATCHED
TXN000931,ORD000931,CUST00077,17142.28,2026-08-09,SUCCESS,224.43,40.4,0.0,16877.45,SET000906,16877.45,0.0,MATCHED
TXN000932,ORD000932,CUST00557,14131.4,2026-08-02,SUCCESS,276.94,49.85,0.0,13804.61,SET000907,13804.61,0.0,MATCHED
TXN000933,ORD000933,CUST00184,23226.28,2026-08-11,SUCCESS,414.5,74.61,0.0,22737.17,SET000908,22737.17,0.0,MATCHED
TXN000934,ORD000934,CUST00017,24040.58,2026-08-19,SUCCESS,388.99,70.02,0.0,23581.57,SET000909,23581.57,0.0,MATCHED
TXN000935,ORD000935,CUST00148,18831.14,2026-08-23,SUCCESS,453.29,81.59,0.0,18296.26,SET000910,18296.26,0.0,MATCHED
TXN000936,ORD000936,CUST00408,23228.99,2026-08-10,SUCCESS,445.02,80.1,0.0,22703.87,SET000911,22703.87,0.0,MATCHED
TXN000937,ORD000937,CUST00167,14142.56,2026-08-19,SUCCESS,149.41,26.89,0.0,13966.26,SET000912,13966.26,0.0,MATCHED
TXN000938,ORD000938,CUST00399,16958.17,2026-08-18,SUCCESS,215.37,38.77,0.0,16704.03,SET000913,16704.03,0.0,MATCHED
TXN000939,ORD000939,CUST00340,9657.77,2026-08-24,SUCCESS,168.99,30.42,0.0,9458.36,SET000914,9458.36,0.0,MATCHED
TXN000940,ORD000940,CUST00144,19783.4,2026-08-23,SUCCESS,479.84,86.37,0.0,19217.19,SET000915,19217.19,0.0,MATCHED
TXN000941,ORD000941,CUST00081,12569.74,2026-08-12,SUCCESS,243.95,43.91,2447.35,9834.53,SET000916,9834.53,0.0,MATCHED
TXN000942,ORD000942,CUST00055,2532.38,2026-08-08,SUCCESS,55.05,9.91,0.0,2467.42,SET000917,2467.42,0.0,MATCHED
TXN000943,ORD000943,CUST00078,8580.76,2026-08-25,SUCCESS,130.58,23.5,0.0,8426.68,SET000918,8426.68,0.0,MATCHED
TXN000944,ORD000944,CUST00629,23875.97,2026-08-13,SUCCESS,240.4,43.27,0.0,22604.0,SET000919,23592.3,988.3,UNDER_SETTLED
TXN000945,ORD000945,CUST00335,837.68,2026-08-09,SUCCESS,11.34,2.04,0.0,824.3,SET000920,824.3,0.0,MATCHED
TXN000946,ORD000946,CUST00462,12316.03,2026-08-12,SUCCESS,144.87,26.08,0.0,12145.08,SET000921,12145.08,0.0,MATCHED
TXN000947,ORD000947,CUST00567,23534.46,2026-08-14,SUCCESS,422.51,76.05,0.0,23035.9,SET000922,23035.9,0.0,MATCHED
TXN000948,ORD000948,CUST00191,17024.4,2026-08-22,SUCCESS,194.68,35.04,12343.32,4451.36,SET000923,4451.36,0.0,MATCHED
TXN000949,ORD000949,CUST00390,2233.78,2026-08-20,SUCCESS,34.46,6.2,0.0,2193.12,SET000924,2193.12,0.0,MATCHED
TXN000950,ORD000950,CUST00303,19971.57,2026-08-23,SUCCESS,427.73,76.99,0.0,19466.85,SET000925,19466.85,0.0,MATCHED
TXN000951,ORD000951,CUST00076,2142.75,2026-08-05,SUCCESS,38.77,6.98,0.0,2097.0,SET000926,2097.0,0.0,MATCHED
TXN000952,ORD000952,CUST00390,17820.76,2026-08-21,SUCCESS,236.82,42.63,0.0,17541.31,SET000927,17541.31,0.0,MATCHED
TXN000953,ORD000953,CUST00158,18517.42,2026-08-11,SUCCESS,399.14,71.85,0.0,18046.43,SET000928,18046.43,0.0,MATCHED
TXN000954,ORD000954,CUST00370,2753.12,2026-08-01,SUCCESS,54.76,9.86,559.47,2129.03,SET000929,2129.03,0.0,MATCHED
TXN000955,ORD000955,CUST00316,11173.92,2026-08-25,SUCCESS,158.07,28.45,0.0,10987.4,SET000930,10987.4,0.0,MATCHED
TXN000956,ORD000956,CUST00277,2645.56,2026-08-03,SUCCESS,34.14,6.15,0.0,2605.27,SET000931,2605.27,0.0,MATCHED
TXN000957,ORD000957,CUST00192,10831.39,2026-08-18,SUCCESS,237.74,42.79,0.0,10550.86,SET000932,10550.86,0.0,MATCHED
TXN000958,ORD000958,CUST00569,12859.78,2026-08-04,SUCCESS,260.78,46.94,0.0,12552.06,SET000933,12552.06,0.0,MATCHED
TXN000959,ORD000959,CUST00027,2331.51,2026-08-18,SUCCESS,57.19,10.29,1383.95,880.08,SET000934,880.08,0.0,MATCHED
TXN000960,ORD000960,CUST00096,14963.42,2026-08-26,SUCCESS,256.12,46.1,0.0,14661.2,SET000935,14661.2,0.0,MATCHED
TXN000961,ORD000961,CUST00333,21606.58,2026-08-01,SUCCESS,273.21,49.18,0.0,21284.19,SET000936,21284.19,0.0,MATCHED
TXN000962,ORD000962,CUST00299,10403.87,2026-08-25,SUCCESS,208.62,37.55,0.0,10157.7,SET000937,10157.7,0.0,MATCHED
TXN000963,ORD000963,CUST00087,18148.61,2026-08-18,SUCCESS,193.22,34.78,0.0,17920.61,SET000938,17920.61,0.0,MATCHED
TXN000964,ORD000964,CUST00249,14341.81,2026-08-06,SUCCESS,282.15,50.79,0.0,14008.87,SET000939,14008.87,0.0,MATCHED
TXN000965,ORD000965,CUST00390,4320.59,2026-08-09,SUCCESS,61.68,11.1,0.0,4247.81,SET000940,4247.81,0.0,MATCHED
TXN000966,ORD000966,CUST00309,6783.33,2026-08-05,SUCCESS,112.06,20.17,1291.98,5359.12,SET000941,5359.12,0.0,MATCHED
TXN000967,ORD000967,CUST00065,4263.46,2026-08-09,SUCCESS,64.01,11.52,0.0,4187.93,SET000942,4187.93,0.0,MATCHED
TXN000968,ORD000968,CUST00432,7563.83,2026-08-26,SUCCESS,166.99,30.06,0.0,7366.78,SET000943,7366.78,0.0,MATCHED
TXN000969,ORD000969,CUST00079,9092.01,2026-08-08,SUCCESS,194.35,34.98,0.0,8862.68,SET000944,8862.68,0.0,MATCHED
TXN000970,ORD000970,CUST00641,12445.48,2026-08-20,SUCCESS,132.54,23.86,9797.46,2491.62,SET000945,2491.62,0.0,MATCHED
TXN000971,ORD000971,CUST00201,11500.75,2026-08-05,SUCCESS,242.74,43.69,0.0,11214.32,SET000946,11214.32,0.0,MATCHED
TXN000972,ORD000972,CUST00312,268.51,2026-08-13,SUCCESS,6.41,1.15,0.0,260.95,SET000947,260.95,0.0,MATCHED
TXN000973,ORD000973,CUST00341,21056.17,2026-08-13,SUCCESS,266.11,47.9,0.0,20742.16,SET000948,20742.16,0.0,MATCHED
TXN000974,ORD000974,CUST00338,11061.55,2026-08-14,SUCCESS,240.95,43.37,0.0,10777.23,SET000949,10777.23,0.0,MATCHED
TXN000975,ORD000975,CUST00667,24358.21,2026-08-05,SUCCESS,420.81,75.75,17234.4,6627.25,SET000950,6627.25,0.0,MATCHED
TXN000976,ORD000976,CUST00308,8084.56,2026-08-23,SUCCESS,94.92,17.09,0.0,7972.55,SET000951,7972.55,0.0,MATCHED
TXN000977,ORD000977,CUST00206,12027.34,2026-08-06,SUCCESS,281.75,50.71,0.0,11694.88,SET000952,11694.88,0.0,MATCHED
TXN000978,ORD000978,CUST00408,24221.26,2026-08-10,SUCCESS,504.31,90.78,0.0,23626.17,SET000953,23626.17,0.0,MATCHED
TXN000979,ORD000979,CUST00649,12326.08,2026-08-19,SUCCESS,232.85,41.91,0.0,12051.32,SET000954,12051.32,0.0,MATCHED
TXN000980,ORD000980,CUST00249,8214.57,2026-08-09,SUCCESS,122.31,22.02,0.0,8070.24,SET000955,8070.24,0.0,MATCHED
TXN000981,ORD000981,CUST00403,9188.89,2026-08-19,SUCCESS,119.28,21.47,0.0,9048.14,SET000956,9048.14,0.0,MATCHED
TXN000982,ORD000982,CUST00205,14846.45,2026-08-18,SUCCESS,299.2,53.86,0.0,14493.39,SET000957,14493.39,0.0,MATCHED
TXN000983,ORD000983,CUST00185,17074.64,2026-08-18,SUCCESS,254.16,45.75,0.0,16774.73,SET000958,16774.73,0.0,MATCHED
TXN000984,ORD000984,CUST00028,23829.81,2026-08-15,SUCCESS,516.74,93.01,0.0,23220.06,SET000959,23220.06,0.0,MATCHED
TXN000985,ORD000985,CUST00215,11017.53,2026-08-10,SUCCESS,164.07,29.53,1148.02,9675.91,SET000960,9675.91,0.0,MATCHED
TXN000986,ORD000986,CUST00071,20492.24,2026-08-26,SUCCESS,235.07,42.31,0.0,20214.86,SET000961,20214.86,0.0,MATCHED
TXN000987,ORD000987,CUST00419,16857.14,2026-08-05,SUCCESS,355.12,63.92,0.0,16438.1,SET000962,16438.1,0.0,MATCHED
TXN000988,ORD000988,CUST00649,7640.53,2026-08-09,SUCCESS,176.1,31.7,0.0,7432.73,SET000963,7432.73,0.0,MATCHED
TXN000989,ORD000989,CUST00675,3938.17,2026-08-14,SUCCESS,61.57,11.08,0.0,3865.52,SET000964,3865.52,0.0,MATCHED
TXN000990,ORD000990,CUST00387,1941.73,2026-08-20,SUCCESS,25.84,4.65,0.0,1911.24,SET000965,1911.24,0.0,MATCHED
TXN000991,ORD000991,CUST00491,14597.88,2026-08-18,SUCCESS,249.11,44.84,0.0,14303.93,SET000966,14303.93,0.0,MATCHED
TXN000992,ORD000992,CUST00519,23095.04,2026-08-23,SUCCESS,398.76,71.78,0.0,22624.5,SET000967,22624.5,0.0,MATCHED
TXN000993,ORD000993,CUST00429,13636.77,2026-08-26,SUCCESS,318.52,57.33,0.0,13260.92,SET000968,13260.92,0.0,MATCHED
TXN000994,ORD000994,CUST00369,17570.69,2026-08-26,SUCCESS,213.91,38.5,0.0,17318.28,SET000969,17318.28,0.0,MATCHED
TXN000995,ORD000995,CUST00550,14886.12,2026-08-03,SUCCESS,356.05,64.09,0.0,14465.98,SET000970,14465.98,0.0,MATCHED
TXN000996,ORD000996,CUST00112,19246.96,2026-08-22,SUCCESS,323.83,58.29,0.0,18864.84,SET000971,18864.84,0.0,MATCHED
TXN000997,ORD000997,CUST00681,8939.72,2026-08-21,SUCCESS,141.34,25.44,0.0,8772.94,SET000972,8772.94,0.0,MATCHED
TXN000998,ORD000998,CUST00628,1202.99,2026-08-21,SUCCESS,14.49,2.61,0.0,1185.89,SET000973,1185.89,0.0,MATCHED
TXN000999,ORD000999,CUST00694,16203.92,2026-08-25,SUCCESS,337.0,60.66,0.0,15806.26,SET000974,15806.26,0.0,MATCHED
TXN001000,ORD001000,CUST00340,24146.35,2026-08-14,SUCCESS,470.38,84.67,0.0,23591.3,SET000975,23591.3,0.0,MATCHED
TXN001001,ORD001001,CUST00109,362.64,2026-08-09,SUCCESS,8.93,1.61,0.0,352.1,SET000976,352.1,0.0,MATCHED
TXN001002,ORD001002,CUST00228,12815.84,2026-08-17,SUCCESS,167.03,30.07,0.0,12618.74,SET000977,12618.74,0.0,MATCHED
TXN001003,ORD001003,CUST00572,14554.91,2026-08-19,SUCCESS,173.32,31.2,0.0,14350.39,SET000978,14350.39,0.0,MATCHED
TXN001004,ORD001004,CUST00227,11199.89,2026-08-13,SUCCESS,228.29,41.09,0.0,10930.51,SET000979,10930.51,0.0,MATCHED
TXN001005,ORD001005,CUST00475,19331.32,2026-08-19,SUCCESS,210.61,37.91,0.0,19082.8,SET000980,19082.8,0.0,MATCHED
TXN001006,ORD001006,CUST00513,3853.55,2026-08-01,SUCCESS,46.43,8.36,0.0,3798.76,SET000981,3798.76,0.0,MATCHED
TXN001007,ORD001007,CUST00495,2703.28,2026-08-14,SUCCESS,61.57,11.08,0.0,2502.59,SET000982,2630.63,128.04,UNDER_SETTLED
TXN001008,ORD001008,CUST00088,2990.13,2026-08-24,SUCCESS,50.47,9.08,0.0,2930.58,SET000983,2930.58,0.0,MATCHED
TXN001009,ORD001009,CUST00146,8773.38,2026-08-11,SUCCESS,110.26,19.85,0.0,8643.27,SET000984,8643.27,0.0,MATCHED
TXN001010,ORD001010,CUST00467,19628.32,2026-08-17,SUCCESS,297.44,53.54,0.0,19277.34,SET000985,19277.34,0.0,MATCHED
TXN001011,ORD001011,CUST00495,8772.68,2026-08-04,SUCCESS,204.37,36.79,0.0,,,8531.52,,MISSING_SETTLEMENT
TXN001012,ORD001012,CUST00449,18077.65,2026-08-15,SUCCESS,344.46,62.0,0.0,17671.19,SET000986,17671.19,0.0,MATCHED
TXN001013,ORD001013,CUST00327,1772.64,2026-08-02,SUCCESS,38.72,6.97,0.0,1726.95,SET000987,1726.95,0.0,MATCHED
TXN001014,ORD001014,CUST00118,662.37,2026-08-11,SUCCESS,12.96,2.33,0.0,647.08,SET000988,647.08,0.0,MATCHED
TXN001015,ORD001015,CUST00664,2823.13,2026-08-26,SUCCESS,54.13,9.74,0.0,2759.26,SET000989,2759.26,0.0,MATCHED
TXN001016,ORD001016,CUST00169,23255.07,2026-08-24,SUCCESS,291.83,52.53,0.0,22910.71,SET000990,22910.71,0.0,MATCHED
TXN001017,ORD001017,CUST00250,12948.25,2026-08-18,SUCCESS,317.91,57.22,0.0,12573.12,SET000991,12573.12,0.0,MATCHED
TXN001018,ORD001018,CUST00164,8341.64,2026-08-14,SUCCESS,190.4,34.27,0.0,8116.97,SET000992,8116.97,0.0,MATCHED
TXN001019,ORD001019,CUST00474,5873.2,2026-08-13,SUCCESS,66.35,11.94,4895.76,899.15,SET000993,899.15,0.0,MATCHED
TXN001020,ORD001020,CUST00645,4692.85,2026-08-21,SUCCESS,107.25,19.3,0.0,4566.3,SET000994,4566.3,0.0,MATCHED
TXN001021,ORD001021,CUST00674,10860.15,2026-08-01,SUCCESS,188.3,33.89,0.0,10637.96,SET000995,10637.96,0.0,MATCHED
TXN001022,ORD001022,CUST00629,22089.12,2026-08-15,SUCCESS,550.79,99.14,6553.95,14885.24,SET000996,14885.24,0.0,MATCHED
TXN001023,ORD001023,CUST00607,10795.87,2026-08-01,SUCCESS,203.76,36.68,0.0,10555.43,SET000997,10555.43,0.0,MATCHED
TXN001024,ORD001024,CUST00220,5224.03,2026-08-25,SUCCESS,117.83,21.21,0.0,5084.99,SET000998,5084.99,0.0,MATCHED
TXN001025,ORD001025,CUST00065,14475.96,2026-08-26,SUCCESS,205.38,36.97,0.0,14233.61,SET000999,14233.61,0.0,MATCHED
TXN001026,ORD001026,CUST00550,4755.3,2026-08-11,SUCCESS,99.62,17.93,0.0,4637.75,SET001000,4637.75,0.0,MATCHED
TXN001027,ORD001027,CUST00202,11493.01,2026-08-09,SUCCESS,241.84,43.53,0.0,11207.64,SET001001,11207.64,0.0,MATCHED
TXN001028,ORD001028,CUST00687,21579.65,2026-08-17,SUCCESS,295.64,53.22,0.0,21230.79,SET001002,21230.79,0.0,MATCHED
TXN001029,ORD001029,CUST00655,7903.76,2026-08-13,SUCCESS,117.84,21.21,0.0,7764.71,SET001003,7764.71,0.0,MATCHED
TXN001030,ORD001030,CUST00626,9874.35,2026-08-04,SUCCESS,184.57,33.22,0.0,9656.56,SET001004,9656.56,0.0,MATCHED
TXN001031,ORD001031,CUST00357,8864.42,2026-08-15,SUCCESS,207.23,37.3,0.0,8619.89,SET001005,8619.89,0.0,MATCHED
TXN001032,ORD001032,CUST00633,4395.94,2026-08-22,SUCCESS,82.98,14.94,0.0,4298.02,SET001006,4298.02,0.0,MATCHED
TXN001033,ORD001033,CUST00305,22975.2,2026-08-19,SUCCESS,281.09,50.6,0.0,22643.51,SET001007,22643.51,0.0,MATCHED
TXN001034,ORD001034,CUST00087,16835.54,2026-08-11,SUCCESS,313.23,56.38,0.0,16465.93,SET001008,16465.93,0.0,MATCHED
TXN001035,ORD001035,CUST00121,6040.46,2026-08-04,SUCCESS,60.86,10.95,0.0,5968.65,SET001009,5968.65,0.0,MATCHED
TXN001036,ORD001036,CUST00188,9395.32,2026-08-05,SUCCESS,232.09,41.78,0.0,9121.45,SET001010,9121.45,0.0,MATCHED
TXN001037,ORD001037,CUST00524,9772.74,2026-08-20,SUCCESS,103.6,18.65,0.0,,,9650.49,,MISSING_SETTLEMENT
TXN001038,ORD001038,CUST00142,14412.67,2026-08-14,SUCCESS,245.88,44.26,0.0,14122.53,SET001011,14122.53,0.0,MATCHED
TXN001039,ORD001039,CUST00191,12218.09,2026-08-18,SUCCESS,263.04,47.35,0.0,11907.7,SET001012,11907.7,0.0,MATCHED
TXN001040,ORD001040,CUST00661,23274.3,2026-08-06,SUCCESS,244.48,44.01,0.0,22985.81,SET001013,22985.81,0.0,MATCHED
TXN001041,ORD001041,CUST00569,4254.95,2026-08-10,SUCCESS,76.45,13.76,0.0,4164.74,SET001014,4164.74,0.0,MATCHED
TXN001042,ORD001042,CUST00144,4758.75,2026-08-15,SUCCESS,81.8,14.72,0.0,4662.23,SET001015,4662.23,0.0,MATCHED
TXN001043,ORD001043,CUST00635,1434.92,2026-08-12,SUCCESS,31.53,5.68,0.0,1397.71,SET001016,1397.71,0.0,MATCHED
TXN001044,ORD001044,CUST00010,12166.76,2026-08-07,SUCCESS,271.55,48.88,0.0,11846.33,SET001017,11846.33,0.0,MATCHED
TXN001045,ORD001045,CUST00394,24099.34,2026-08-17,SUCCESS,404.55,72.82,0.0,23621.97,SET001018,23621.97,0.0,MATCHED
TXN001046,ORD001046,CUST00669,12424.75,2026-08-22,SUCCESS,169.07,30.43,0.0,12225.25,SET001019,12225.25,0.0,MATCHED
TXN001047,ORD001047,CUST00504,10449.2,2026-08-15,SUCCESS,192.03,34.57,0.0,10222.6,SET001020,10222.6,0.0,MATCHED
TXN001048,ORD001048,CUST00501,4264.61,2026-08-19,SUCCESS,43.44,7.82,0.0,4213.35,SET001021,4213.35,0.0,MATCHED
TXN001049,ORD001049,CUST00032,19917.43,2026-08-08,SUCCESS,417.8,75.2,0.0,19424.43,SET001022,19424.43,0.0,MATCHED
TXN001050,ORD001050,CUST00300,914.11,2026-08-08,SUCCESS,22.17,3.99,0.0,887.95,SET001023,887.95,0.0,MATCHED
TXN001051,ORD001051,CUST00551,7287.89,2026-08-25,SUCCESS,87.39,15.73,0.0,7184.77,SET001024,7184.77,0.0,MATCHED
TXN001052,ORD001052,CUST00469,14184.7,2026-08-25,SUCCESS,204.78,36.86,0.0,13943.06,SET001025,13943.06,0.0,MATCHED
TXN001053,ORD001053,CUST00508,13788.18,2026-08-04,SUCCESS,271.83,48.93,0.0,13467.42,SET001026,13467.42,0.0,MATCHED
TXN001054,ORD001054,CUST00587,2943.75,2026-08-25,SUCCESS,33.44,6.02,0.0,2904.29,SET001027,2904.29,0.0,MATCHED
TXN001055,ORD001055,CUST00557,20599.74,2026-08-12,SUCCESS,354.25,63.77,0.0,20181.72,SET001028,20181.72,0.0,MATCHED
TXN001056,ORD001056,CUST00556,20583.01,2026-08-02,SUCCESS,299.95,53.99,0.0,20229.07,SET001029,20229.07,0.0,MATCHED
TXN001057,ORD001057,CUST00452,13704.2,2026-08-14,SUCCESS,281.62,50.69,0.0,12307.29,SET001030,13371.89,1064.6,UNDER_SETTLED
TXN001058,ORD001058,CUST00105,18426.12,2026-08-21,SUCCESS,421.38,75.85,0.0,17928.89,SET001031,17928.89,0.0,MATCHED
TXN001059,ORD001059,CUST00254,7512.95,2026-08-02,SUCCESS,159.34,28.68,3283.69,4041.24,SET001032,4041.24,0.0,MATCHED
TXN001060,ORD001060,CUST00461,6644.1,2026-08-03,SUCCESS,68.87,12.4,0.0,6562.83,SET001033,6562.83,0.0,MATCHED
TXN001061,ORD001061,CUST00450,21645.73,2026-08-04,SUCCESS,364.14,65.55,0.0,21216.04,SET001034,21216.04,0.0,MATCHED
TXN001062,ORD001062,CUST00243,5325.97,2026-08-24,SUCCESS,114.92,20.69,0.0,5190.36,SET001035,5190.36,0.0,MATCHED
TXN001063,ORD001063,CUST00603,17259.43,2026-08-23,SUCCESS,398.92,71.81,16069.71,718.99,SET001036,718.99,0.0,MATCHED
TXN001064,ORD001064,CUST00625,15855.99,2026-08-06,SUCCESS,254.97,45.89,0.0,15555.13,SET001037,15555.13,0.0,MATCHED
TXN001065,ORD001065,CUST00631,3566.95,2026-08-07,SUCCESS,77.93,14.03,0.0,3474.99,SET001038,3474.99,0.0,MATCHED
TXN001066,ORD001066,CUST00212,20155.47,2026-08-19,SUCCESS,313.54,56.44,0.0,19785.49,SET001039,19785.49,0.0,MATCHED
TXN001067,ORD001067,CUST00360,13353.79,2026-08-20,SUCCESS,226.54,40.78,0.0,13086.47,SET001040,13086.47,0.0,MATCHED
TXN001068,ORD001068,CUST00552,4292.6,2026-08-23,SUCCESS,83.71,15.07,0.0,4193.82,SET001041,4193.82,0.0,MATCHED
TXN001069,ORD001069,CUST00300,7304.4,2026-08-09,SUCCESS,167.31,30.12,0.0,7106.97,SET001042,7106.97,0.0,MATCHED
TXN001070,ORD001070,CUST00527,24638.66,2026-08-22,SUCCESS,272.52,49.05,0.0,24317.09,SET001043,24317.09,0.0,MATCHED
TXN001071,ORD001071,CUST00098,3476.16,2026-08-25,SUCCESS,81.35,14.64,0.0,3380.17,SET001044,3380.17,0.0,MATCHED
TXN001072,ORD001072,CUST00422,22977.34,2026-08-09,SUCCESS,344.51,62.01,0.0,21876.96,SET001045,22570.82,693.86,UNDER_SETTLED
TXN001073,ORD001073,CUST00672,3259.52,2026-08-05,SUCCESS,34.19,6.15,0.0,3219.18,SET001046,3219.18,0.0,MATCHED
TXN001074,ORD001074,CUST00256,3741.46,2026-08-11,SUCCESS,61.32,11.04,0.0,3669.1,SET001047,3669.1,0.0,MATCHED
TXN001075,ORD001075,CUST00254,19060.69,2026-08-22,SUCCESS,267.74,48.19,16434.92,2309.84,SET001048,2309.84,0.0,MATCHED
TXN001076,ORD001076,CUST00403,12287.52,2026-08-19,SUCCESS,297.25,53.5,0.0,11936.77,SET001049,11936.77,0.0,MATCHED
TXN001077,ORD001077,CUST00648,6791.06,2026-08-14,SUCCESS,123.17,22.17,0.0,6645.72,SET001050,6645.72,0.0,MATCHED
TXN001078,ORD001078,CUST00385,11354.59,2026-08-21,SUCCESS,248.86,44.79,0.0,11060.94,SET001051,11060.94,0.0,MATCHED
TXN001079,ORD001079,CUST00096,10130.98,2026-08-24,SUCCESS,221.01,39.78,0.0,9870.19,SET001052,9870.19,0.0,MATCHED
TXN001080,ORD001080,CUST00285,17398.12,2026-08-12,SUCCESS,195.11,35.12,0.0,17167.89,SET001053,17167.89,0.0,MATCHED
TXN001081,ORD001081,CUST00466,23761.33,2026-08-11,SUCCESS,551.56,99.28,0.0,23110.49,SET001054,23110.49,0.0,MATCHED
TXN001082,ORD001082,CUST00596,161.58,2026-08-25,SUCCESS,3.4,0.61,0.0,157.57,SET001055,157.57,0.0,MATCHED
TXN001083,ORD001083,CUST00096,18300.21,2026-08-15,SUCCESS,198.05,35.65,0.0,18066.51,SET001056,18066.51,0.0,MATCHED
TXN001084,ORD001084,CUST00651,16637.18,2026-08-12,SUCCESS,402.28,72.41,0.0,16162.49,SET001057,16162.49,0.0,MATCHED
TXN001085,ORD001085,CUST00065,19912.38,2026-08-13,SUCCESS,400.63,72.11,0.0,19439.64,SET001058,19439.64,0.0,MATCHED
TXN001086,ORD001086,CUST00224,24206.4,2026-08-07,SUCCESS,564.49,101.61,0.0,23540.3,SET001059,23540.3,0.0,MATCHED
TXN001087,ORD001087,CUST00507,6786.57,2026-08-10,SUCCESS,79.16,14.25,0.0,6693.16,SET001060,6693.16,0.0,MATCHED
TXN001088,ORD001088,CUST00346,13728.03,2026-08-05,SUCCESS,212.56,38.26,12120.2,1357.01,SET001061,1357.01,0.0,MATCHED
TXN001089,ORD001089,CUST00580,21325.32,2026-08-26,SUCCESS,411.3,74.03,5826.48,15013.51,SET001062,15013.51,0.0,MATCHED
TXN001090,ORD001090,CUST00352,22364.45,2026-08-25,SUCCESS,346.28,62.33,0.0,21955.84,SET001063,21955.84,0.0,MATCHED
TXN001091,ORD001091,CUST00050,1243.98,2026-08-21,SUCCESS,15.71,2.83,0.0,1225.44,SET001064,1225.44,0.0,MATCHED
TXN001092,ORD001092,CUST00471,505.41,2026-08-06,SUCCESS,9.29,1.67,0.0,494.45,SET001065,494.45,0.0,MATCHED
TXN001093,ORD001093,CUST00452,11467.3,2026-08-14,SUCCESS,126.2,22.72,0.0,11318.38,SET001066,11318.38,0.0,MATCHED
TXN001094,ORD001094,CUST00208,24892.78,2026-08-05,SUCCESS,513.79,92.48,0.0,24286.51,SET001067,24286.51,0.0,MATCHED
TXN001095,ORD001095,CUST00666,7616.45,2026-08-09,SUCCESS,99.55,17.92,0.0,7498.98,SET001068,7498.98,0.0,MATCHED
TXN001096,ORD001096,CUST00096,16399.24,2026-08-09,SUCCESS,405.37,72.97,0.0,15920.9,SET001069,15920.9,0.0,MATCHED
TXN001097,ORD001097,CUST00085,9358.91,2026-08-21,SUCCESS,127.09,22.88,0.0,9208.94,SET001070,9208.94,0.0,MATCHED
TXN001098,ORD001098,CUST00170,1389.5,2026-08-21,SUCCESS,16.26,2.93,1045.59,324.72,SET001071,324.72,0.0,MATCHED
TXN001099,ORD001099,CUST00313,18177.11,2026-08-25,SUCCESS,312.24,56.2,0.0,17808.67,SET001072,17808.67,0.0,MATCHED
TXN001100,ORD001100,CUST00240,10787.85,2026-08-03,SUCCESS,259.85,46.77,0.0,10481.23,SET001073,10481.23,0.0,MATCHED
TXN001101,ORD001101,CUST00098,127.05,2026-08-16,SUCCESS,2.38,0.43,0.0,124.24,SET001074,124.24,0.0,MATCHED
TXN001102,ORD001102,CUST00080,3404.22,2026-08-08,SUCCESS,83.02,14.94,0.0,3306.26,SET001075,3306.26,0.0,MATCHED
TXN001103,ORD001103,CUST00532,17031.57,2026-08-01,SUCCESS,223.91,40.3,0.0,16767.36,SET001076,16767.36,0.0,MATCHED
TXN001104,ORD001104,CUST00009,17420.37,2026-08-04,SUCCESS,368.88,66.4,0.0,16985.09,SET001077,16985.09,0.0,MATCHED
TXN001105,ORD001105,CUST00433,17381.37,2026-08-16,SUCCESS,232.59,41.87,0.0,17106.91,SET001078,17106.91,0.0,MATCHED
TXN001106,ORD001106,CUST00073,5800.78,2026-08-03,SUCCESS,88.7,15.97,0.0,5696.11,SET001079,5696.11,0.0,MATCHED
TXN001107,ORD001107,CUST00105,2669.72,2026-08-12,SUCCESS,37.4,6.73,0.0,2625.59,SET001080,2625.59,0.0,MATCHED
TXN001108,ORD001108,CUST00307,3514.52,2026-08-25,SUCCESS,71.01,12.78,0.0,3430.73,SET001081,3430.73,0.0,MATCHED
TXN001109,ORD001109,CUST00137,16075.25,2026-08-22,SUCCESS,227.58,40.96,0.0,15806.71,SET001082,15806.71,0.0,MATCHED
TXN001110,ORD001110,CUST00147,1803.45,2026-08-19,SUCCESS,19.75,3.55,0.0,1780.15,SET001083,1780.15,0.0,MATCHED
TXN001111,ORD001111,CUST00009,15296.95,2026-08-06,SUCCESS,232.18,41.79,0.0,15022.98,SET001084,15022.98,0.0,MATCHED
TXN001112,ORD001112,CUST00451,8844.57,2026-08-07,SUCCESS,152.95,27.53,0.0,8664.09,SET001085,8664.09,0.0,MATCHED
TXN001113,ORD001113,CUST00644,18731.89,2026-08-14,SUCCESS,335.31,60.36,0.0,18336.22,SET001086,18336.22,0.0,MATCHED
TXN001114,ORD001114,CUST00631,17195.5,2026-08-07,SUCCESS,203.61,36.65,0.0,16955.24,SET001087,16955.24,0.0,MATCHED
TXN001115,ORD001115,CUST00089,22425.16,2026-08-05,SUCCESS,463.02,83.34,0.0,21878.8,SET001088,21878.8,0.0,MATCHED
TXN001116,ORD001116,CUST00127,14780.39,2026-08-13,SUCCESS,298.19,53.67,0.0,14428.53,SET001089,14428.53,0.0,MATCHED
TXN001117,ORD001117,CUST00360,24084.89,2026-08-11,SUCCESS,433.36,78.0,0.0,23573.53,SET001090,23573.53,0.0,MATCHED
TXN001118,ORD001118,CUST00144,6269.88,2026-08-21,SUCCESS,90.19,16.23,0.0,6163.46,SET001091,6163.46,0.0,MATCHED
TXN001119,ORD001119,CUST00087,6279.36,2026-08-20,SUCCESS,121.28,21.83,2783.5,3352.75,SET001092,3352.75,0.0,MATCHED
TXN001120,ORD001120,CUST00615,18057.37,2026-08-10,SUCCESS,397.24,71.5,0.0,17588.63,SET001093,17588.63,0.0,MATCHED
TXN001121,ORD001121,CUST00028,21212.51,2026-08-22,SUCCESS,512.93,92.33,0.0,20607.25,SET001094,20607.25,0.0,MATCHED
TXN001122,ORD001122,CUST00309,5215.6,2026-08-20,SUCCESS,115.43,20.78,0.0,5079.39,SET001095,5079.39,0.0,MATCHED
TXN001123,ORD001123,CUST00522,4797.3,2026-08-13,SUCCESS,115.68,20.82,0.0,4660.8,SET001096,4660.8,0.0,MATCHED
TXN001124,ORD001124,CUST00303,16189.63,2026-08-26,SUCCESS,177.83,32.01,0.0,15979.79,SET001097,15979.79,0.0,MATCHED
TXN001125,ORD001125,CUST00246,12422.7,2026-08-04,SUCCESS,290.42,52.28,0.0,12080.0,SET001098,12080.0,0.0,MATCHED
TXN001126,ORD001126,CUST00247,12539.61,2026-08-20,SUCCESS,211.52,38.07,0.0,12290.02,SET001099,12290.02,0.0,MATCHED
TXN001127,ORD001127,CUST00073,13254.33,2026-08-01,SUCCESS,148.48,26.73,0.0,13079.12,SET001100,13079.12,0.0,MATCHED
TXN001128,ORD001128,CUST00370,23354.72,2026-08-05,SUCCESS,548.12,98.66,0.0,22707.94,SET001101,22707.94,0.0,MATCHED
TXN001129,ORD001129,CUST00397,21534.27,2026-08-19,SUCCESS,308.49,55.53,0.0,21170.25,SET001102,21170.25,0.0,MATCHED
TXN001130,ORD001130,CUST00431,9198.77,2026-08-22,SUCCESS,223.98,40.32,0.0,8934.47,SET001103,8934.47,0.0,MATCHED
TXN001131,ORD001131,CUST00177,19091.88,2026-08-25,SUCCESS,222.24,40.0,4257.31,14572.33,SET001104,14572.33,0.0,MATCHED
TXN001132,ORD001132,CUST00075,515.57,2026-08-03,SUCCESS,7.29,1.31,0.0,506.97,SET001105,506.97,0.0,MATCHED
TXN001133,ORD001133,CUST00015,6628.41,2026-08-02,SUCCESS,135.59,24.41,0.0,6468.41,SET001106,6468.41,0.0,MATCHED
TXN001134,ORD001134,CUST00062,23722.13,2026-08-13,SUCCESS,413.83,74.49,0.0,23233.81,SET001107,23233.81,0.0,MATCHED
TXN001135,ORD001135,CUST00519,7233.55,2026-08-23,SUCCESS,167.28,30.11,3983.01,3053.15,SET001108,3053.15,0.0,MATCHED
TXN001136,ORD001136,CUST00514,19201.04,2026-08-14,SUCCESS,341.98,61.56,0.0,18797.5,SET001109,18797.5,0.0,MATCHED
TXN001137,ORD001137,CUST00412,2152.45,2026-08-18,SUCCESS,41.78,7.52,0.0,2103.15,SET001110,2103.15,0.0,MATCHED
TXN001138,ORD001138,CUST00551,15439.57,2026-08-09,SUCCESS,222.29,40.01,0.0,15177.27,SET001111,15177.27,0.0,MATCHED
TXN001139,ORD001139,CUST00086,7816.68,2026-08-17,SUCCESS,191.85,34.53,0.0,7590.3,SET001112,7590.3,0.0,MATCHED
TXN001140,ORD001140,CUST00209,24360.4,2026-08-05,SUCCESS,441.45,79.46,0.0,23839.49,SET001113,23839.49,0.0,MATCHED
TXN001141,ORD001141,CUST00550,8236.08,2026-08-19,SUCCESS,98.67,17.76,0.0,8119.65,SET001114,8119.65,0.0,MATCHED
TXN001142,ORD001142,CUST00650,19104.28,2026-08-21,SUCCESS,290.39,52.27,0.0,18761.62,SET001115,18761.62,0.0,MATCHED
TXN001143,ORD001143,CUST00698,16114.55,2026-08-10,SUCCESS,268.43,48.32,0.0,15797.8,SET001116,15797.8,0.0,MATCHED
TXN001144,ORD001144,CUST00448,18275.96,2026-08-08,SUCCESS,359.49,64.71,0.0,17851.76,SET001117,17851.76,0.0,MATCHED
TXN001145,ORD001145,CUST00060,6187.55,2026-08-14,SUCCESS,88.93,16.01,0.0,6082.61,SET001118,6082.61,0.0,MATCHED
TXN001146,ORD001146,CUST00119,11388.96,2026-08-20,SUCCESS,124.64,22.44,10585.39,656.49,SET001119,656.49,0.0,MATCHED
TXN001147,ORD001147,CUST00057,7801.32,2026-08-24,SUCCESS,180.03,32.41,0.0,7588.88,SET001120,7588.88,0.0,MATCHED
TXN001148,ORD001148,CUST00674,18542.39,2026-08-04,SUCCESS,250.04,45.01,0.0,18247.34,SET001121,18247.34,0.0,MATCHED
TXN001149,ORD001149,CUST00013,17726.73,2026-08-23,SUCCESS,429.19,77.25,0.0,17220.29,SET001122,17220.29,0.0,MATCHED
TXN001150,ORD001150,CUST00012,4179.43,2026-08-12,SUCCESS,82.21,14.8,0.0,4082.42,SET001123,4082.42,0.0,MATCHED
TXN001151,ORD001151,CUST00536,12978.85,2026-08-24,SUCCESS,209.94,37.79,0.0,12731.12,SET001124,12731.12,0.0,MATCHED
TXN001152,ORD001152,CUST00266,4257.38,2026-08-05,SUCCESS,64.46,11.6,0.0,4181.32,SET001125,4181.32,0.0,MATCHED
TXN001153,ORD001153,CUST00276,18350.1,2026-08-04,SUCCESS,361.33,65.04,0.0,17923.73,SET001126,17923.73,0.0,MATCHED
TXN001154,ORD001154,CUST00031,8441.77,2026-08-14,SUCCESS,125.74,22.63,0.0,8293.4,SET001127,8293.4,0.0,MATCHED
TXN001155,ORD001155,CUST00279,13143.97,2026-08-09,SUCCESS,248.43,44.72,0.0,12850.82,SET001128,12850.82,0.0,MATCHED
TXN001156,ORD001156,CUST00591,15725.57,2026-08-16,SUCCESS,321.63,57.89,0.0,15346.05,SET001129,15346.05,0.0,MATCHED
TXN001157,ORD001157,CUST00467,12818.47,2026-08-02,SUCCESS,290.06,52.21,0.0,12476.2,SET001130,12476.2,0.0,MATCHED
TXN001158,ORD001158,CUST00512,21498.06,2026-08-06,SUCCESS,358.56,64.54,0.0,21074.96,SET001131,21074.96,0.0,MATCHED
TXN001159,ORD001159,CUST00377,4017.02,2026-08-25,SUCCESS,58.49,10.53,0.0,3948.0,SET001132,3948.0,0.0,MATCHED
TXN001160,ORD001160,CUST00106,22367.28,2026-08-22,SUCCESS,267.94,48.23,0.0,22051.11,SET001133,22051.11,0.0,MATCHED
TXN001161,ORD001161,CUST00119,5787.27,2026-08-17,SUCCESS,126.4,22.75,0.0,5638.12,SET001134,5638.12,0.0,MATCHED
TXN001162,ORD001162,CUST00003,1196.54,2026-08-01,SUCCESS,15.05,2.71,995.3,183.48,SET001135,183.48,0.0,MATCHED
TXN001163,ORD001163,CUST00251,1244.94,2026-08-12,SUCCESS,17.3,3.11,0.0,1224.53,SET001136,1224.53,0.0,MATCHED
TXN001164,ORD001164,CUST00393,23013.64,2026-08-06,SUCCESS,397.3,71.51,0.0,22544.83,SET001137,22544.83,0.0,MATCHED
TXN001165,ORD001165,CUST00037,13866.33,2026-08-23,SUCCESS,340.57,61.3,0.0,13464.46,SET001138,13464.46,0.0,MATCHED
TXN001166,ORD001166,CUST00672,10542.3,2026-08-11,SUCCESS,227.15,40.89,0.0,10274.26,SET001139,10274.26,0.0,MATCHED
TXN001167,ORD001167,CUST00255,10464.79,2026-08-24,SUCCESS,112.08,20.17,0.0,10332.54,SET001140,10332.54,0.0,MATCHED
TXN001168,ORD001168,CUST00328,6854.32,2026-08-03,SUCCESS,104.85,18.87,0.0,6730.6,SET001141,6730.6,0.0,MATCHED
TXN001169,ORD001169,CUST00586,9382.92,2026-08-17,SUCCESS,158.0,28.44,0.0,8204.01,SET001142,9196.48,992.47,UNDER_SETTLED
TXN001170,ORD001170,CUST00690,22558.33,2026-08-06,SUCCESS,281.88,50.74,0.0,22225.71,SET001143,22225.71,0.0,MATCHED
TXN001171,ORD001171,CUST00229,20128.02,2026-08-02,SUCCESS,480.29,86.45,0.0,19561.28,SET001144,19561.28,0.0,MATCHED
TXN001172,ORD001172,CUST00411,1816.27,2026-08-15,SUCCESS,37.56,6.76,0.0,1771.95,SET001145,1771.95,0.0,MATCHED
TXN001173,ORD001173,CUST00290,19360.83,2026-08-10,SUCCESS,276.45,49.76,0.0,,,19034.62,,MISSING_SETTLEMENT
TXN001174,ORD001174,CUST00336,2251.0,2026-08-15,SUCCESS,55.37,9.97,1787.01,398.65,SET001146,398.65,0.0,MATCHED
TXN001175,ORD001175,CUST00009,9286.09,2026-08-10,SUCCESS,209.77,37.76,0.0,9038.56,SET001147,9038.56,0.0,MATCHED
TXN001176,ORD001176,CUST00578,19634.23,2026-08-24,SUCCESS,400.4,72.07,0.0,19161.76,SET001148,19161.76,0.0,MATCHED
TXN001177,ORD001177,CUST00638,6140.34,2026-08-12,SUCCESS,122.78,22.1,0.0,5995.46,SET001149,5995.46,0.0,MATCHED
TXN001178,ORD001178,CUST00606,24299.26,2026-08-25,SUCCESS,298.94,53.81,0.0,23946.51,SET001150,23946.51,0.0,MATCHED
TXN001179,ORD001179,CUST00201,18338.34,2026-08-18,SUCCESS,248.83,44.79,0.0,18044.72,SET001151,18044.72,0.0,MATCHED
TXN001180,ORD001180,CUST00252,3849.1,2026-08-14,SUCCESS,40.87,7.36,0.0,3800.87,SET001152,3800.87,0.0,MATCHED
TXN001181,ORD001181,CUST00025,5901.64,2026-08-12,SUCCESS,87.05,15.67,0.0,5798.92,SET001153,5798.92,0.0,MATCHED
TXN001182,ORD001182,CUST00652,21005.39,2026-08-01,SUCCESS,249.9,44.98,0.0,20710.51,SET001154,20710.51,0.0,MATCHED
TXN001183,ORD001183,CUST00344,136.4,2026-08-22,SUCCESS,1.9,0.34,0.0,134.16,SET001155,134.16,0.0,MATCHED
TXN001184,ORD001184,CUST00386,21240.25,2026-08-24,SUCCESS,271.18,48.81,0.0,19968.32,SET001156,20920.26,951.94,UNDER_SETTLED
TXN001185,ORD001185,CUST00315,2688.33,2026-08-17,SUCCESS,49.57,8.92,0.0,2629.84,SET001157,2629.84,0.0,MATCHED
TXN001186,ORD001186,CUST00244,10553.41,2026-08-02,SUCCESS,111.03,19.99,0.0,10422.39,SET001158,10422.39,0.0,MATCHED
TXN001187,ORD001187,CUST00146,17820.15,2026-08-03,SUCCESS,262.92,47.33,0.0,17509.9,SET001159,17509.9,0.0,MATCHED
TXN001188,ORD001188,CUST00045,23039.73,2026-08-17,SUCCESS,349.23,62.86,0.0,22627.64,SET001160,22627.64,0.0,MATCHED
TXN001189,ORD001189,CUST00423,17551.09,2026-08-12,SUCCESS,273.69,49.26,0.0,17228.14,SET001161,17228.14,0.0,MATCHED
TXN001190,ORD001190,CUST00470,24366.41,2026-08-03,SUCCESS,440.98,79.38,0.0,23846.05,SET001162,23846.05,0.0,MATCHED
TXN001191,ORD001191,CUST00595,2479.87,2026-08-05,SUCCESS,30.85,5.55,0.0,2443.47,SET001163,2443.47,0.0,MATCHED
TXN001192,ORD001192,CUST00653,20517.08,2026-08-03,SUCCESS,297.98,53.64,0.0,20165.46,SET001164,20165.46,0.0,MATCHED
TXN001193,ORD001193,CUST00607,14238.74,2026-08-14,SUCCESS,338.97,61.01,0.0,13838.76,SET001165,13838.76,0.0,MATCHED
TXN001194,ORD001194,CUST00679,24109.04,2026-08-08,SUCCESS,387.39,69.73,0.0,23651.92,SET001166,23651.92,0.0,MATCHED
TXN001195,ORD001195,CUST00299,6598.67,2026-08-11,SUCCESS,115.42,20.78,0.0,6462.47,SET001167,6462.47,0.0,MATCHED
TXN001196,ORD001196,CUST00403,17548.07,2026-08-24,SUCCESS,213.75,38.48,0.0,17295.84,SET001168,17295.84,0.0,MATCHED
TXN001197,ORD001197,CUST00335,8019.64,2026-08-09,SUCCESS,135.3,24.35,0.0,7859.99,SET001169,7859.99,0.0,MATCHED
TXN001198,ORD001198,CUST00240,1959.72,2026-08-07,SUCCESS,29.01,5.22,0.0,1925.49,SET001170,1925.49,0.0,MATCHED
TXN001199,ORD001199,CUST00140,19520.43,2026-08-19,SUCCESS,196.46,35.36,0.0,19288.61,SET001171,19288.61,0.0,MATCHED
TXN001200,ORD001200,CUST00112,3969.72,2026-08-06,SUCCESS,83.67,15.06,0.0,3870.99,SET001172,3870.99,0.0,MATCHED
TXN001201,ORD001201,CUST00461,11704.77,2026-08-14,SUCCESS,288.34,51.9,0.0,11364.53,SET001173,11364.53,0.0,MATCHED
TXN001202,ORD001202,CUST00124,13444.52,2026-08-25,SUCCESS,201.25,36.23,0.0,13207.04,SET001174,13207.04,0.0,MATCHED
TXN001203,ORD001203,CUST00213,11352.74,2026-08-15,SUCCESS,233.66,42.06,0.0,11077.02,SET001175,11077.02,0.0,MATCHED
TXN001204,ORD001204,CUST00272,21326.81,2026-08-03,SUCCESS,364.87,65.68,3473.23,17423.03,SET001176,17423.03,0.0,MATCHED
TXN001205,ORD001205,CUST00162,20209.16,2026-08-10,SUCCESS,289.95,52.19,0.0,19867.02,SET001177,19867.02,0.0,MATCHED
TXN001206,ORD001206,CUST00618,1104.21,2026-08-11,SUCCESS,26.68,4.8,0.0,1072.73,SET001178,1072.73,0.0,MATCHED
TXN001207,ORD001207,CUST00152,2371.2,2026-08-08,SUCCESS,58.59,10.55,0.0,2302.06,SET001179,2302.06,0.0,MATCHED
TXN001208,ORD001208,CUST00365,9966.49,2026-08-02,SUCCESS,185.44,33.38,0.0,9747.67,SET001180,9747.67,0.0,MATCHED
TXN001209,ORD001209,CUST00694,7541.13,2026-08-06,SUCCESS,92.05,16.57,0.0,7432.51,SET001181,7432.51,0.0,MATCHED
TXN001210,ORD001210,CUST00032,23807.21,2026-08-15,SUCCESS,439.92,79.19,0.0,23288.1,SET001182,23288.1,0.0,MATCHED
TXN001211,ORD001211,CUST00570,18727.15,2026-08-08,SUCCESS,442.02,79.56,0.0,18205.57,SET001183,18205.57,0.0,MATCHED
TXN001212,ORD001212,CUST00097,11604.88,2026-08-26,SUCCESS,193.01,34.74,0.0,11377.13,SET001184,11377.13,0.0,MATCHED
TXN001213,ORD001213,CUST00144,3124.19,2026-08-02,SUCCESS,63.54,11.44,0.0,3049.21,SET001185,3049.21,0.0,MATCHED
TXN001214,ORD001214,CUST00228,3354.81,2026-08-13,SUCCESS,70.37,12.67,0.0,3271.77,SET001186,3271.77,0.0,MATCHED
TXN001215,ORD001215,CUST00382,17188.5,2026-08-21,SUCCESS,403.97,72.71,0.0,15443.21,SET001187,16711.82,1268.61,UNDER_SETTLED
TXN001216,ORD001216,CUST00087,14599.86,2026-08-09,SUCCESS,176.53,31.78,0.0,14391.55,SET001188,14391.55,0.0,MATCHED
TXN001217,ORD001217,CUST00077,642.82,2026-08-03,SUCCESS,11.74,2.11,0.0,628.97,SET001189,628.97,0.0,MATCHED
TXN001218,ORD001218,CUST00203,22572.15,2026-08-15,SUCCESS,330.03,59.41,5969.35,16213.36,SET001190,16213.36,0.0,MATCHED
TXN001219,ORD001219,CUST00132,2390.27,2026-08-26,SUCCESS,38.3,6.89,0.0,2345.08,SET001191,2345.08,0.0,MATCHED
TXN001220,ORD001220,CUST00340,3150.94,2026-08-15,SUCCESS,71.25,12.82,0.0,3066.87,SET001192,3066.87,0.0,MATCHED
TXN001221,ORD001221,CUST00052,4282.93,2026-08-19,SUCCESS,71.48,12.87,0.0,4198.58,SET001193,4198.58,0.0,MATCHED
TXN001222,ORD001222,CUST00444,20559.97,2026-08-13,SUCCESS,234.12,42.14,0.0,20283.71,SET001194,20283.71,0.0,MATCHED
TXN001223,ORD001223,CUST00509,834.11,2026-08-22,SUCCESS,9.03,1.63,0.0,823.45,SET001195,823.45,0.0,MATCHED
TXN001224,ORD001224,CUST00437,4402.9,2026-08-07,SUCCESS,86.38,15.55,0.0,4300.97,SET001196,4300.97,0.0,MATCHED
TXN001225,ORD001225,CUST00192,6947.05,2026-08-15,SUCCESS,130.27,23.45,0.0,6793.33,SET001197,6793.33,0.0,MATCHED
TXN001226,ORD001226,CUST00153,962.77,2026-08-20,SUCCESS,12.84,2.31,0.0,947.62,SET001198,947.62,0.0,MATCHED
TXN001227,ORD001227,CUST00632,6220.04,2026-08-10,SUCCESS,149.5,26.91,0.0,6043.63,SET001199,6043.63,0.0,MATCHED
TXN001228,ORD001228,CUST00511,10358.61,2026-08-18,SUCCESS,146.77,26.42,0.0,10185.42,SET001200,10185.42,0.0,MATCHED
TXN001229,ORD001229,CUST00491,1618.38,2026-08-09,SUCCESS,16.73,3.01,0.0,1598.64,SET001201,1598.64,0.0,MATCHED
TXN001230,ORD001230,CUST00393,3517.18,2026-08-07,SUCCESS,63.58,11.44,0.0,3442.16,SET001202,3442.16,0.0,MATCHED
TXN001231,ORD001231,CUST00659,22127.85,2026-08-17,SUCCESS,369.13,66.44,0.0,21692.28,SET001203,21692.28,0.0,MATCHED
TXN001232,ORD001232,CUST00256,15805.78,2026-08-26,SUCCESS,317.28,57.11,0.0,15431.39,SET001204,15431.39,0.0,MATCHED
TXN001233,ORD001233,CUST00557,19891.67,2026-08-13,SUCCESS,224.99,40.5,0.0,19626.18,SET001205,19626.18,0.0,MATCHED
TXN001234,ORD001234,CUST00368,12044.14,2026-08-26,SUCCESS,212.9,38.32,0.0,11792.92,SET001206,11792.92,0.0,MATCHED
TXN001235,ORD001235,CUST00497,8666.45,2026-08-19,SUCCESS,111.94,20.15,6730.53,1803.83,SET001207,1803.83,0.0,MATCHED
TXN001236,ORD001236,CUST00515,8107.95,2026-08-09,SUCCESS,119.72,21.55,5060.99,2905.69,SET001208,2905.69,0.0,MATCHED
TXN001237,ORD001237,CUST00185,748.97,2026-08-20,SUCCESS,14.29,2.57,0.0,732.11,SET001209,732.11,0.0,MATCHED
TXN001238,ORD001238,CUST00225,829.66,2026-08-26,SUCCESS,20.04,3.61,0.0,806.01,SET001210,806.01,0.0,MATCHED
TXN001239,ORD001239,CUST00288,1558.92,2026-08-16,SUCCESS,36.83,6.63,0.0,1515.46,SET001211,1515.46,0.0,MATCHED
TXN001240,ORD001240,CUST00543,9000.08,2026-08-19,SUCCESS,138.74,24.97,5784.23,3052.14,SET001212,3052.14,0.0,MATCHED
TXN001241,ORD001241,CUST00239,24352.1,2026-08-04,SUCCESS,297.56,53.56,0.0,24000.98,SET001213,24000.98,0.0,MATCHED
TXN001242,ORD001242,CUST00254,16455.92,2026-08-09,SUCCESS,375.31,67.56,0.0,16013.05,SET001214,16013.05,0.0,MATCHED
TXN001243,ORD001243,CUST00547,20425.5,2026-08-24,SUCCESS,317.5,57.15,0.0,20050.85,SET001215,20050.85,0.0,MATCHED
TXN001244,ORD001244,CUST00058,19124.84,2026-08-08,SUCCESS,298.2,53.68,0.0,18772.96,SET001216,18772.96,0.0,MATCHED
TXN001245,ORD001245,CUST00590,21177.98,2026-08-26,SUCCESS,302.2,54.4,0.0,20821.38,SET001217,20821.38,0.0,MATCHED
TXN001246,ORD001246,CUST00398,8934.64,2026-08-06,SUCCESS,136.43,24.56,0.0,7373.06,SET001218,8773.65,1400.59,UNDER_SETTLED
TXN001247,ORD001247,CUST00181,5990.12,2026-08-11,SUCCESS,147.73,26.59,0.0,5815.8,SET001219,5815.8,0.0,MATCHED
TXN001248,ORD001248,CUST00368,22858.1,2026-08-01,SUCCESS,528.35,95.1,0.0,22234.65,SET001220,22234.65,0.0,MATCHED
TXN001249,ORD001249,CUST00361,23694.21,2026-08-19,SUCCESS,268.08,48.25,0.0,23377.88,SET001221,23377.88,0.0,MATCHED
TXN001250,ORD001250,CUST00146,14121.41,2026-08-07,SUCCESS,295.39,53.17,0.0,13772.85,SET001222,13772.85,0.0,MATCHED
TXN001251,ORD001251,CUST00505,13598.9,2026-08-06,SUCCESS,226.6,40.79,0.0,13331.51,SET001223,13331.51,0.0,MATCHED
TXN001252,ORD001252,CUST00503,1045.3,2026-08-02,SUCCESS,26.02,4.68,0.0,1014.6,SET001224,1014.6,0.0,MATCHED
TXN001253,ORD001253,CUST00239,15081.4,2026-08-01,SUCCESS,332.62,59.87,0.0,14688.91,SET001225,14688.91,0.0,MATCHED
TXN001254,ORD001254,CUST00540,12001.93,2026-08-11,SUCCESS,171.98,30.96,5045.93,6753.06,SET001226,6753.06,0.0,MATCHED
TXN001255,ORD001255,CUST00629,5116.46,2026-08-05,SUCCESS,113.0,20.34,0.0,4983.12,SET001227,4983.12,0.0,MATCHED
TXN001256,ORD001256,CUST00349,17951.75,2026-08-26,SUCCESS,440.81,79.35,0.0,17431.59,SET001228,17431.59,0.0,MATCHED
TXN001257,ORD001257,CUST00332,1582.94,2026-08-05,SUCCESS,25.89,4.66,0.0,1552.39,SET001229,1552.39,0.0,MATCHED
TXN001258,ORD001258,CUST00601,17646.94,2026-08-05,SUCCESS,413.76,74.48,0.0,17158.7,SET001230,17158.7,0.0,MATCHED
TXN001259,ORD001259,CUST00114,21177.37,2026-08-12,SUCCESS,256.11,46.1,0.0,20875.16,SET001231,20875.16,0.0,MATCHED
TXN001260,ORD001260,CUST00075,9402.41,2026-08-22,SUCCESS,176.84,31.83,0.0,9193.74,SET001232,9193.74,0.0,MATCHED
TXN001261,ORD001261,CUST00406,14691.81,2026-08-11,SUCCESS,165.89,29.86,0.0,,,14496.06,,MISSING_SETTLEMENT
TXN001262,ORD001262,CUST00310,8132.82,2026-08-06,SUCCESS,106.68,19.2,0.0,8006.94,SET001233,8006.94,0.0,MATCHED
TXN001263,ORD001263,CUST00448,19816.88,2026-08-16,SUCCESS,339.25,61.06,0.0,19416.57,SET001234,19416.57,0.0,MATCHED
TXN001264,ORD001264,CUST00665,8000.36,2026-08-23,SUCCESS,184.11,33.14,0.0,7783.11,SET001235,7783.11,0.0,MATCHED
TXN001265,ORD001265,CUST00576,17369.65,2026-08-20,SUCCESS,430.76,77.54,0.0,16861.35,SET001236,16861.35,0.0,MATCHED
TXN001266,ORD001266,CUST00366,5658.61,2026-08-19,SUCCESS,62.2,11.2,0.0,5585.21,SET001237,5585.21,0.0,MATCHED
TXN001267,ORD001267,CUST00180,9521.76,2026-08-24,SUCCESS,232.34,41.82,0.0,9247.6,SET001238,9247.6,0.0,MATCHED
TXN001268,ORD001268,CUST00302,3270.97,2026-08-24,SUCCESS,69.81,12.57,0.0,,,3188.59,,MISSING_SETTLEMENT
TXN001269,ORD001269,CUST00002,23724.82,2026-08-19,SUCCESS,268.72,48.37,0.0,23407.73,SET001239,23407.73,0.0,MATCHED
TXN001270,ORD001270,CUST00401,21283.85,2026-08-25,SUCCESS,343.56,61.84,0.0,20878.45,SET001240,20878.45,0.0,MATCHED
TXN001271,ORD001271,CUST00582,906.33,2026-08-20,SUCCESS,21.49,3.87,0.0,880.97,SET001241,880.97,0.0,MATCHED
TXN001272,ORD001272,CUST00326,23033.85,2026-08-20,SUCCESS,373.56,67.24,0.0,22593.05,SET001242,22593.05,0.0,MATCHED
TXN001273,ORD001273,CUST00227,16027.2,2026-08-04,SUCCESS,293.89,52.9,0.0,15680.41,SET001243,15680.41,0.0,MATCHED
TXN001274,ORD001274,CUST00509,3602.02,2026-08-24,SUCCESS,74.4,13.39,0.0,3514.23,SET001244,3514.23,0.0,MATCHED
TXN001275,ORD001275,CUST00080,6026.1,2026-08-11,SUCCESS,128.53,23.14,0.0,5874.43,SET001245,5874.43,0.0,MATCHED
TXN001276,ORD001276,CUST00172,15941.05,2026-08-03,SUCCESS,192.15,34.59,6761.96,8952.35,SET001246,8952.35,0.0,MATCHED
TXN001277,ORD001277,CUST00687,16013.66,2026-08-11,SUCCESS,204.82,36.87,13240.13,2531.84,SET001247,2531.84,0.0,MATCHED
TXN001278,ORD001278,CUST00458,383.75,2026-08-07,SUCCESS,6.04,1.09,0.0,376.62,SET001248,376.62,0.0,MATCHED
TXN001279,ORD001279,CUST00256,17360.08,2026-08-12,SUCCESS,317.83,57.21,0.0,16985.04,SET001249,16985.04,0.0,MATCHED
TXN001280,ORD001280,CUST00263,19696.8,2026-08-24,SUCCESS,209.45,37.7,0.0,19449.65,SET001250,19449.65,0.0,MATCHED
TXN001281,ORD001281,CUST00002,1298.87,2026-08-15,SUCCESS,29.09,5.24,0.0,1264.54,SET001251,1264.54,0.0,MATCHED
TXN001282,ORD001282,CUST00430,24230.64,2026-08-14,SUCCESS,545.64,98.22,0.0,23586.78,SET001252,23586.78,0.0,MATCHED
TXN001283,ORD001283,CUST00505,22056.09,2026-08-12,SUCCESS,321.11,57.8,0.0,,,21677.18,,MISSING_SETTLEMENT
TXN001284,ORD001284,CUST00560,9446.15,2026-08-16,SUCCESS,173.71,31.27,0.0,9241.17,SET001253,9241.17,0.0,MATCHED
TXN001285,ORD001285,CUST00592,16309.14,2026-08-22,SUCCESS,276.47,49.76,0.0,15982.91,SET001254,15982.91,0.0,MATCHED
TXN001286,ORD001286,CUST00231,4150.15,2026-08-03,SUCCESS,43.17,7.77,0.0,4099.21,SET001255,4099.21,0.0,MATCHED
TXN001287,ORD001287,CUST00035,7443.22,2026-08-11,SUCCESS,74.71,13.45,0.0,7355.06,SET001256,7355.06,0.0,MATCHED
TXN001288,ORD001288,CUST00268,23796.39,2026-08-03,SUCCESS,331.73,59.71,0.0,23404.95,SET001257,23404.95,0.0,MATCHED
TXN001289,ORD001289,CUST00351,4335.62,2026-08-13,SUCCESS,105.53,19.0,0.0,4211.09,SET001258,4211.09,0.0,MATCHED
TXN001290,ORD001290,CUST00165,18326.43,2026-08-18,SUCCESS,412.59,74.27,0.0,17839.57,SET001259,17839.57,0.0,MATCHED
TXN001291,ORD001291,CUST00096,8514.97,2026-08-20,SUCCESS,145.5,26.19,0.0,8343.28,SET001260,8343.28,0.0,MATCHED
TXN001292,ORD001292,CUST00495,17642.17,2026-08-14,SUCCESS,349.44,62.9,0.0,17229.83,SET001261,17229.83,0.0,MATCHED
TXN001293,ORD001293,CUST00670,4208.43,2026-08-14,SUCCESS,98.44,17.72,0.0,4092.27,SET001262,4092.27,0.0,MATCHED
TXN001294,ORD001294,CUST00161,1433.54,2026-08-11,SUCCESS,23.31,4.2,0.0,1406.03,SET001263,1406.03,0.0,MATCHED
TXN001295,ORD001295,CUST00211,24362.52,2026-08-14,SUCCESS,423.38,76.21,0.0,23862.93,SET001264,23862.93,0.0,MATCHED
TXN001296,ORD001296,CUST00568,18078.75,2026-08-24,SUCCESS,367.32,66.12,0.0,17645.31,SET001265,17645.31,0.0,MATCHED
TXN001297,ORD001297,CUST00554,6705.09,2026-08-10,SUCCESS,91.67,16.5,0.0,5155.0,SET001266,6596.92,1441.92,UNDER_SETTLED
TXN001298,ORD001298,CUST00305,6014.95,2026-08-02,SUCCESS,70.92,12.77,0.0,5931.26,SET001267,5931.26,0.0,MATCHED
TXN001299,ORD001299,CUST00403,14337.07,2026-08-16,SUCCESS,202.99,36.54,0.0,14097.54,SET001268,14097.54,0.0,MATCHED
TXN001300,ORD001300,CUST00158,1457.17,2026-08-01,SUCCESS,36.31,6.54,0.0,1414.32,SET001269,1414.32,0.0,MATCHED
TXN001301,ORD001301,CUST00438,2281.95,2026-08-22,SUCCESS,25.1,4.52,0.0,2252.33,SET001270,2252.33,0.0,MATCHED
TXN001302,ORD001302,CUST00641,15045.37,2026-08-07,SUCCESS,318.71,57.37,0.0,14669.29,SET001271,14669.29,0.0,MATCHED
TXN001303,ORD001303,CUST00100,740.82,2026-08-06,SUCCESS,13.87,2.5,0.0,724.45,SET001272,724.45,0.0,MATCHED
TXN001304,ORD001304,CUST00654,7366.11,2026-08-03,SUCCESS,136.15,24.51,0.0,7205.45,SET001273,7205.45,0.0,MATCHED
TXN001305,ORD001305,CUST00485,21109.85,2026-08-10,SUCCESS,486.06,87.49,0.0,20536.3,SET001274,20536.3,0.0,MATCHED
TXN001306,ORD001306,CUST00408,11826.52,2026-08-22,SUCCESS,229.67,41.34,0.0,11555.51,SET001275,11555.51,0.0,MATCHED
TXN001307,ORD001307,CUST00272,2369.31,2026-08-18,SUCCESS,40.61,7.31,0.0,2321.39,SET001276,2321.39,0.0,MATCHED
TXN001308,ORD001308,CUST00397,4703.54,2026-08-13,SUCCESS,96.02,17.28,0.0,4590.24,SET001277,4590.24,0.0,MATCHED
TXN001309,ORD001309,CUST00379,4745.92,2026-08-02,SUCCESS,55.97,10.07,0.0,4679.88,SET001278,4679.88,0.0,MATCHED
TXN001310,ORD001310,CUST00270,11049.54,2026-08-09,SUCCESS,195.44,35.18,0.0,10818.92,SET001279,10818.92,0.0,MATCHED
TXN001311,ORD001311,CUST00232,20943.26,2026-08-19,SUCCESS,390.15,70.23,0.0,20482.88,SET001280,20482.88,0.0,MATCHED
TXN001312,ORD001312,CUST00064,3863.15,2026-08-23,SUCCESS,87.61,15.77,0.0,3759.77,SET001281,3759.77,0.0,MATCHED
TXN001313,ORD001313,CUST00684,2507.9,2026-08-22,SUCCESS,31.21,5.62,0.0,2471.07,SET001282,2471.07,0.0,MATCHED
TXN001314,ORD001314,CUST00353,20223.69,2026-08-14,SUCCESS,219.99,39.6,0.0,19964.1,SET001283,19964.1,0.0,MATCHED
TXN001315,ORD001315,CUST00604,5765.07,2026-08-02,SUCCESS,85.3,15.35,0.0,5664.42,SET001284,5664.42,0.0,MATCHED
TXN001316,ORD001316,CUST00397,20478.29,2026-08-14,SUCCESS,474.58,85.42,0.0,19918.29,SET001285,19918.29,0.0,MATCHED
TXN001317,ORD001317,CUST00549,17207.99,2026-08-16,SUCCESS,207.05,37.27,0.0,16963.67,SET001286,16963.67,0.0,MATCHED
TXN001318,ORD001318,CUST00587,22053.18,2026-08-16,SUCCESS,274.55,49.42,0.0,21729.21,SET001287,21729.21,0.0,MATCHED
TXN001319,ORD001319,CUST00307,2065.98,2026-08-23,SUCCESS,29.11,5.24,0.0,2031.63,SET001288,2031.63,0.0,MATCHED
TXN001320,ORD001320,CUST00036,12602.33,2026-08-17,SUCCESS,205.33,36.96,0.0,12360.04,SET001289,12360.04,0.0,MATCHED
TXN001321,ORD001321,CUST00586,16970.62,2026-08-20,SUCCESS,401.89,72.34,0.0,16496.39,SET001290,16496.39,0.0,MATCHED
TXN001322,ORD001322,CUST00151,3095.02,2026-08-25,SUCCESS,47.48,8.55,0.0,3038.99,SET001291,3038.99,0.0,MATCHED
TXN001323,ORD001323,CUST00460,4404.69,2026-08-06,SUCCESS,63.2,11.38,0.0,4330.11,SET001292,4330.11,0.0,MATCHED
TXN001324,ORD001324,CUST00217,20230.67,2026-08-05,SUCCESS,363.02,65.34,0.0,19802.31,SET001293,19802.31,0.0,MATCHED
TXN001325,ORD001325,CUST00044,10642.03,2026-08-22,SUCCESS,255.89,46.06,0.0,10340.08,SET001294,10340.08,0.0,MATCHED
TXN001326,ORD001326,CUST00446,5127.79,2026-08-21,SUCCESS,90.8,16.34,0.0,5020.65,SET001295,5020.65,0.0,MATCHED
TXN001327,ORD001327,CUST00152,20869.29,2026-08-09,SUCCESS,448.62,80.75,0.0,20339.92,SET001296,20339.92,0.0,MATCHED
TXN001328,ORD001328,CUST00328,22779.03,2026-08-26,SUCCESS,290.4,52.27,0.0,22436.36,SET001297,22436.36,0.0,MATCHED
TXN001329,ORD001329,CUST00069,2266.98,2026-08-18,SUCCESS,25.88,4.66,0.0,2236.44,SET001298,2236.44,0.0,MATCHED
TXN001330,ORD001330,CUST00407,13846.15,2026-08-09,SUCCESS,294.78,53.06,0.0,13498.31,SET001299,13498.31,0.0,MATCHED
TXN001331,ORD001331,CUST00533,11508.11,2026-08-01,SUCCESS,208.94,37.61,0.0,11261.56,SET001300,11261.56,0.0,MATCHED
TXN001332,ORD001332,CUST00639,14730.64,2026-08-26,SUCCESS,340.08,61.21,0.0,,,14329.35,,MISSING_SETTLEMENT
TXN001333,ORD001333,CUST00430,2901.72,2026-08-05,SUCCESS,65.01,11.7,0.0,2825.01,SET001301,2825.01,0.0,MATCHED
TXN001334,ORD001334,CUST00152,14208.19,2026-08-19,SUCCESS,288.06,51.85,0.0,13611.92,SET001302,13868.28,256.36,UNDER_SETTLED
TXN001335,ORD001335,CUST00103,23130.71,2026-08-19,SUCCESS,335.77,60.44,0.0,21600.35,SET001303,22734.5,1134.15,UNDER_SETTLED
TXN001336,ORD001336,CUST00104,19665.07,2026-08-18,SUCCESS,398.84,71.79,0.0,19194.44,SET001304,19194.44,0.0,MATCHED
TXN001337,ORD001337,CUST00353,21959.55,2026-08-09,SUCCESS,446.33,80.34,0.0,21432.88,SET001305,21432.88,0.0,MATCHED
TXN001338,ORD001338,CUST00393,16404.21,2026-08-19,SUCCESS,187.62,33.77,0.0,16182.82,SET001306,16182.82,0.0,MATCHED
TXN001339,ORD001339,CUST00624,11878.86,2026-08-06,SUCCESS,222.14,39.99,0.0,11616.73,SET001307,11616.73,0.0,MATCHED
TXN001340,ORD001340,CUST00283,10134.05,2026-08-20,SUCCESS,226.49,40.77,0.0,9866.79,SET001308,9866.79,0.0,MATCHED
TXN001341,ORD001341,CUST00624,17052.24,2026-08-13,SUCCESS,173.82,31.29,0.0,16847.13,SET001309,16847.13,0.0,MATCHED
TXN001342,ORD001342,CUST00040,9955.24,2026-08-11,SUCCESS,176.93,31.85,0.0,9746.46,SET001310,9746.46,0.0,MATCHED
TXN001343,ORD001343,CUST00244,1327.35,2026-08-16,SUCCESS,20.7,3.73,0.0,1302.92,SET001311,1302.92,0.0,MATCHED
TXN001344,ORD001344,CUST00276,22436.08,2026-08-01,SUCCESS,387.55,69.76,0.0,21978.77,SET001312,21978.77,0.0,MATCHED
TXN001345,ORD001345,CUST00346,20452.91,2026-08-10,SUCCESS,308.93,55.61,0.0,20088.37,SET001313,20088.37,0.0,MATCHED
TXN001346,ORD001346,CUST00319,7080.63,2026-08-16,SUCCESS,167.54,30.16,0.0,6882.93,SET001314,6882.93,0.0,MATCHED
TXN001347,ORD001347,CUST00101,24315.17,2026-08-08,SUCCESS,280.51,50.49,0.0,23984.17,SET001315,23984.17,0.0,MATCHED
TXN001348,ORD001348,CUST00138,7581.96,2026-08-24,SUCCESS,93.4,16.81,0.0,7471.75,SET001316,7471.75,0.0,MATCHED
TXN001349,ORD001349,CUST00454,19373.37,2026-08-11,SUCCESS,257.99,46.44,0.0,19068.94,SET001317,19068.94,0.0,MATCHED
TXN001350,ORD001350,CUST00276,18247.11,2026-08-20,SUCCESS,234.04,42.13,0.0,17970.94,SET001318,17970.94,0.0,MATCHED
TXN001351,ORD001351,CUST00662,2323.24,2026-08-15,SUCCESS,54.49,9.81,0.0,2258.94,SET001319,2258.94,0.0,MATCHED
TXN001352,ORD001352,CUST00217,22844.48,2026-08-14,SUCCESS,438.65,78.96,0.0,22326.87,SET001320,22326.87,0.0,MATCHED
TXN001353,ORD001353,CUST00497,19011.38,2026-08-12,SUCCESS,427.21,76.9,0.0,18507.27,SET001321,18507.27,0.0,MATCHED
TXN001354,ORD001354,CUST00058,12930.22,2026-08-06,SUCCESS,231.25,41.62,2013.19,10644.16,SET001322,10644.16,0.0,MATCHED
TXN001355,ORD001355,CUST00068,7846.97,2026-08-17,SUCCESS,141.1,25.4,0.0,7680.47,SET001323,7680.47,0.0,MATCHED
TXN001356,ORD001356,CUST00414,3477.68,2026-08-17,SUCCESS,63.53,11.44,0.0,3402.71,SET001324,3402.71,0.0,MATCHED
TXN001357,ORD001357,CUST00583,820.81,2026-08-07,SUCCESS,17.52,3.15,0.0,800.14,SET001325,800.14,0.0,MATCHED
TXN001358,ORD001358,CUST00206,20940.72,2026-08-08,SUCCESS,245.21,44.14,0.0,20651.37,SET001326,20651.37,0.0,MATCHED
TXN001359,ORD001359,CUST00034,11465.57,2026-08-12,SUCCESS,193.85,34.89,0.0,11236.83,SET001327,11236.83,0.0,MATCHED
TXN001360,ORD001360,CUST00204,6922.04,2026-08-15,SUCCESS,77.15,13.89,0.0,6831.0,SET001328,6831.0,0.0,MATCHED
TXN001361,ORD001361,CUST00518,9983.86,2026-08-04,SUCCESS,222.47,40.04,0.0,9721.35,SET001329,9721.35,0.0,MATCHED
TXN001362,ORD001362,CUST00698,861.02,2026-08-12,SUCCESS,20.54,3.7,0.0,836.78,SET001330,836.78,0.0,MATCHED
TXN001363,ORD001363,CUST00501,14891.69,2026-08-06,SUCCESS,256.03,46.09,0.0,14589.57,SET001331,14589.57,0.0,MATCHED
TXN001364,ORD001364,CUST00486,14713.32,2026-08-12,SUCCESS,215.9,38.86,0.0,14458.56,SET001332,14458.56,0.0,MATCHED
TXN001365,ORD001365,CUST00353,4171.49,2026-08-09,SUCCESS,64.4,11.59,0.0,4095.5,SET001333,4095.5,0.0,MATCHED
TXN001366,ORD001366,CUST00093,7198.23,2026-08-13,SUCCESS,160.2,28.84,0.0,7009.19,SET001334,7009.19,0.0,MATCHED
TXN001367,ORD001367,CUST00051,4156.39,2026-08-19,SUCCESS,97.03,17.47,0.0,,,4041.89,,MISSING_SETTLEMENT
TXN001368,ORD001368,CUST00220,21442.07,2026-08-21,SUCCESS,406.64,73.2,0.0,20962.23,SET001335,20962.23,0.0,MATCHED
TXN001369,ORD001369,CUST00231,16974.61,2026-08-09,SUCCESS,364.17,65.55,0.0,16544.89,SET001336,16544.89,0.0,MATCHED
TXN001370,ORD001370,CUST00668,10296.73,2026-08-01,SUCCESS,155.8,28.04,0.0,10112.89,SET001337,10112.89,0.0,MATCHED
TXN001371,ORD001371,CUST00699,321.56,2026-08-05,SUCCESS,6.64,1.2,0.0,313.72,SET001338,313.72,0.0,MATCHED
TXN001372,ORD001372,CUST00663,4412.7,2026-08-26,SUCCESS,46.03,8.29,0.0,4358.38,SET001339,4358.38,0.0,MATCHED
TXN001373,ORD001373,CUST00009,5671.87,2026-08-20,SUCCESS,126.02,22.68,0.0,5523.17,SET001340,5523.17,0.0,MATCHED
TXN001374,ORD001374,CUST00313,17847.24,2026-08-23,SUCCESS,238.0,42.84,0.0,17566.4,SET001341,17566.4,0.0,MATCHED
TXN001375,ORD001375,CUST00659,6956.93,2026-08-13,SUCCESS,158.98,28.62,0.0,6769.33,SET001342,6769.33,0.0,MATCHED
TXN001376,ORD001376,CUST00358,11529.05,2026-08-07,SUCCESS,139.91,25.18,0.0,11363.96,SET001343,11363.96,0.0,MATCHED
TXN001377,ORD001377,CUST00478,7623.41,2026-08-17,SUCCESS,102.14,18.39,0.0,7502.88,SET001344,7502.88,0.0,MATCHED
TXN001378,ORD001378,CUST00639,9989.1,2026-08-04,SUCCESS,118.67,21.36,0.0,9849.07,SET001345,9849.07,0.0,MATCHED
TXN001379,ORD001379,CUST00008,12836.69,2026-08-22,SUCCESS,153.44,27.62,0.0,12655.63,SET001346,12655.63,0.0,MATCHED
TXN001380,ORD001380,CUST00384,14080.28,2026-08-20,SUCCESS,157.4,28.33,0.0,,,13894.55,,MISSING_SETTLEMENT
TXN001381,ORD001381,CUST00624,7138.65,2026-08-22,SUCCESS,145.36,26.16,0.0,6967.13,SET001347,6967.13,0.0,MATCHED
TXN001382,ORD001382,CUST00111,12095.29,2026-08-11,SUCCESS,263.2,47.38,0.0,11784.71,SET001348,11784.71,0.0,MATCHED
TXN001383,ORD001383,CUST00284,16050.81,2026-08-09,SUCCESS,179.22,32.26,0.0,15839.33,SET001349,15839.33,0.0,MATCHED
TXN001384,ORD001384,CUST00268,16437.38,2026-08-21,SUCCESS,355.38,63.97,0.0,16018.03,SET001350,16018.03,0.0,MATCHED
TXN001385,ORD001385,CUST00306,4790.17,2026-08-17,SUCCESS,102.32,18.42,0.0,4669.43,SET001351,4669.43,0.0,MATCHED
TXN001386,ORD001386,CUST00247,22502.21,2026-08-26,SUCCESS,239.37,43.09,0.0,22219.75,SET001352,22219.75,0.0,MATCHED
TXN001387,ORD001387,CUST00615,10162.05,2026-08-11,SUCCESS,118.06,21.25,0.0,8729.53,SET001353,10022.74,1293.21,UNDER_SETTLED
TXN001388,ORD001388,CUST00698,3584.24,2026-08-01,SUCCESS,78.48,14.13,0.0,3491.63,SET001354,3491.63,0.0,MATCHED
TXN001389,ORD001389,CUST00672,12484.58,2026-08-10,SUCCESS,221.0,39.78,0.0,12223.8,SET001355,12223.8,0.0,MATCHED
TXN001390,ORD001390,CUST00266,22682.1,2026-08-13,SUCCESS,246.98,44.46,0.0,22390.66,SET001356,22390.66,0.0,MATCHED
TXN001391,ORD001391,CUST00398,18444.63,2026-08-19,SUCCESS,217.35,39.12,0.0,18188.16,SET001357,18188.16,0.0,MATCHED
TXN001392,ORD001392,CUST00586,20418.77,2026-08-11,SUCCESS,281.68,50.7,0.0,20086.39,SET001358,20086.39,0.0,MATCHED
TXN001393,ORD001393,CUST00228,17189.32,2026-08-21,SUCCESS,188.97,34.01,0.0,16966.34,SET001359,16966.34,0.0,MATCHED
TXN001394,ORD001394,CUST00488,22672.51,2026-08-22,SUCCESS,453.76,81.68,0.0,22137.07,SET001360,22137.07,0.0,MATCHED
TXN001395,ORD001395,CUST00368,12732.14,2026-08-06,SUCCESS,271.43,48.86,0.0,12411.85,SET001361,12411.85,0.0,MATCHED
TXN001396,ORD001396,CUST00674,21924.72,2026-08-06,SUCCESS,476.55,85.78,19269.39,2093.0,SET001362,2093.0,0.0,MATCHED
TXN001397,ORD001397,CUST00301,2530.32,2026-08-05,SUCCESS,60.23,10.84,0.0,2459.25,SET001363,2459.25,0.0,MATCHED
TXN001398,ORD001398,CUST00265,18157.15,2026-08-18,SUCCESS,237.51,42.75,0.0,17876.89,SET001364,17876.89,0.0,MATCHED
TXN001399,ORD001399,CUST00188,23678.39,2026-08-11,SUCCESS,556.86,100.23,0.0,23021.3,SET001365,23021.3,0.0,MATCHED
TXN001400,ORD001400,CUST00671,2323.57,2026-08-12,SUCCESS,29.68,5.34,0.0,2288.55,SET001366,2288.55,0.0,MATCHED
TXN001401,ORD001401,CUST00229,18630.83,2026-08-10,SUCCESS,284.55,51.22,0.0,18295.06,SET001367,18295.06,0.0,MATCHED
TXN001402,ORD001402,CUST00431,19723.45,2026-08-11,SUCCESS,224.09,40.34,0.0,19459.02,SET001368,19459.02,0.0,MATCHED
TXN001403,ORD001403,CUST00381,6587.92,2026-08-10,SUCCESS,149.47,26.9,0.0,6411.55,SET001369,6411.55,0.0,MATCHED
TXN001404,ORD001404,CUST00475,21295.23,2026-08-16,SUCCESS,513.8,92.48,0.0,20688.95,SET001370,20688.95,0.0,MATCHED
TXN001405,ORD001405,CUST00055,21673.19,2026-08-19,SUCCESS,525.18,94.53,0.0,21053.48,SET001371,21053.48,0.0,MATCHED
TXN001406,ORD001406,CUST00595,23613.09,2026-08-03,SUCCESS,359.33,64.68,0.0,23189.08,SET001372,23189.08,0.0,MATCHED
TXN001407,ORD001407,CUST00484,22246.71,2026-08-17,SUCCESS,276.05,49.69,0.0,21920.97,SET001373,21920.97,0.0,MATCHED
TXN001408,ORD001408,CUST00123,21700.69,2026-08-13,SUCCESS,379.97,68.39,0.0,21252.33,SET001374,21252.33,0.0,MATCHED
TXN001409,ORD001409,CUST00543,7529.06,2026-08-02,SUCCESS,157.57,28.36,0.0,7343.13,SET001375,7343.13,0.0,MATCHED
TXN001410,ORD001410,CUST00155,3520.39,2026-08-07,SUCCESS,47.97,8.63,0.0,3463.79,SET001376,3463.79,0.0,MATCHED
TXN001411,ORD001411,CUST00351,10288.88,2026-08-19,SUCCESS,190.9,34.36,0.0,10063.62,SET001377,10063.62,0.0,MATCHED
TXN001412,ORD001412,CUST00469,3666.28,2026-08-23,SUCCESS,42.11,7.58,0.0,3616.59,SET001378,3616.59,0.0,MATCHED
TXN001413,ORD001413,CUST00185,19495.64,2026-08-16,SUCCESS,364.02,65.52,0.0,19066.1,SET001379,19066.1,0.0,MATCHED
TXN001414,ORD001414,CUST00341,15812.72,2026-08-06,SUCCESS,161.44,29.06,0.0,15622.22,SET001380,15622.22,0.0,MATCHED
TXN001415,ORD001415,CUST00321,15899.02,2026-08-01,SUCCESS,210.74,37.93,0.0,15650.35,SET001381,15650.35,0.0,MATCHED
TXN001416,ORD001416,CUST00463,6910.84,2026-08-25,SUCCESS,88.96,16.01,0.0,6805.87,SET001382,6805.87,0.0,MATCHED
TXN001417,ORD001417,CUST00173,14449.35,2026-08-06,SUCCESS,205.58,37.0,0.0,14206.77,SET001383,14206.77,0.0,MATCHED
TXN001418,ORD001418,CUST00502,19651.75,2026-08-25,SUCCESS,462.31,83.22,0.0,19106.22,SET001384,19106.22,0.0,MATCHED
TXN001419,ORD001419,CUST00091,3322.21,2026-08-14,SUCCESS,59.99,10.8,0.0,3251.42,SET001385,3251.42,0.0,MATCHED
TXN001420,ORD001420,CUST00649,10792.3,2026-08-14,SUCCESS,265.53,47.8,0.0,10478.97,SET001386,10478.97,0.0,MATCHED
TXN001421,ORD001421,CUST00489,9644.58,2026-08-02,SUCCESS,110.72,19.93,0.0,9513.93,SET001387,9513.93,0.0,MATCHED
TXN001422,ORD001422,CUST00547,5065.41,2026-08-12,SUCCESS,66.92,12.05,0.0,4986.44,SET001388,4986.44,0.0,MATCHED
TXN001423,ORD001423,CUST00015,22310.96,2026-08-25,SUCCESS,391.85,70.53,0.0,21848.58,SET001389,21848.58,0.0,MATCHED
TXN001424,ORD001424,CUST00544,4845.36,2026-08-22,SUCCESS,99.89,17.98,0.0,4727.49,SET001390,4727.49,0.0,MATCHED
TXN001425,ORD001425,CUST00005,15704.5,2026-08-08,SUCCESS,243.37,43.81,0.0,15417.32,SET001391,15417.32,0.0,MATCHED
TXN001426,ORD001426,CUST00232,17368.77,2026-08-12,SUCCESS,327.24,58.9,0.0,,,16982.63,,MISSING_SETTLEMENT
TXN001427,ORD001427,CUST00320,3310.38,2026-08-13,SUCCESS,54.94,9.89,0.0,3245.55,SET001392,3245.55,0.0,MATCHED
TXN001428,ORD001428,CUST00516,14757.9,2026-08-06,SUCCESS,359.59,64.73,0.0,14333.58,SET001393,14333.58,0.0,MATCHED
TXN001429,ORD001429,CUST00067,20613.71,2026-08-10,SUCCESS,262.06,47.17,0.0,20304.48,SET001394,20304.48,0.0,MATCHED
TXN001430,ORD001430,CUST00298,11452.57,2026-08-17,SUCCESS,175.48,31.59,0.0,11245.5,SET001395,11245.5,0.0,MATCHED
TXN001431,ORD001431,CUST00611,13150.53,2026-08-14,SUCCESS,206.39,37.15,9907.11,2999.88,SET001396,2999.88,0.0,MATCHED
TXN001432,ORD001432,CUST00138,8634.05,2026-08-16,SUCCESS,114.09,20.54,0.0,8499.42,SET001397,8499.42,0.0,MATCHED
TXN001433,ORD001433,CUST00368,18777.88,2026-08-06,SUCCESS,251.87,45.34,0.0,18480.67,SET001398,18480.67,0.0,MATCHED
TXN001434,ORD001434,CUST00414,576.21,2026-08-08,SUCCESS,6.74,1.21,0.0,568.26,SET001399,568.26,0.0,MATCHED
TXN001435,ORD001435,CUST00135,5358.64,2026-08-01,SUCCESS,132.73,23.89,0.0,5202.02,SET001400,5202.02,0.0,MATCHED
TXN001436,ORD001436,CUST00604,12665.38,2026-08-04,SUCCESS,150.14,27.03,0.0,12488.21,SET001401,12488.21,0.0,MATCHED
TXN001437,ORD001437,CUST00376,17806.64,2026-08-26,SUCCESS,207.53,37.36,0.0,17561.75,SET001402,17561.75,0.0,MATCHED
TXN001438,ORD001438,CUST00039,9442.29,2026-08-21,SUCCESS,113.67,20.46,0.0,9308.16,SET001403,9308.16,0.0,MATCHED
TXN001439,ORD001439,CUST00262,19304.12,2026-08-20,SUCCESS,413.77,74.48,0.0,18815.87,SET001404,18815.87,0.0,MATCHED
TXN001440,ORD001440,CUST00050,14888.71,2026-08-02,SUCCESS,306.28,55.13,0.0,14527.3,SET001405,14527.3,0.0,MATCHED
TXN001441,ORD001441,CUST00678,2792.02,2026-08-01,SUCCESS,51.25,9.22,0.0,2731.55,SET001406,2731.55,0.0,MATCHED
TXN001442,ORD001442,CUST00050,17274.77,2026-08-14,SUCCESS,183.27,32.99,0.0,17058.51,SET001407,17058.51,0.0,MATCHED
TXN001443,ORD001443,CUST00455,9568.32,2026-08-18,SUCCESS,142.78,25.7,9398.47,1.37,SET001408,1.37,0.0,MATCHED
TXN001444,ORD001444,CUST00259,11912.47,2026-08-05,SUCCESS,139.8,25.16,0.0,11747.51,SET001409,11747.51,0.0,MATCHED
TXN001445,ORD001445,CUST00211,17410.28,2026-08-21,SUCCESS,248.17,44.67,0.0,17117.44,SET001410,17117.44,0.0,MATCHED
TXN001446,ORD001446,CUST00010,7597.8,2026-08-22,SUCCESS,144.4,25.99,0.0,7427.41,SET001411,7427.41,0.0,MATCHED
TXN001447,ORD001447,CUST00104,16595.83,2026-08-09,SUCCESS,243.63,43.85,0.0,16308.35,SET001412,16308.35,0.0,MATCHED
TXN001448,ORD001448,CUST00638,15180.29,2026-08-05,SUCCESS,374.08,67.33,0.0,14738.88,SET001413,14738.88,0.0,MATCHED
TXN001449,ORD001449,CUST00429,20783.25,2026-08-04,SUCCESS,346.24,62.32,6583.51,13791.18,SET001414,13791.18,0.0,MATCHED
TXN001450,ORD001450,CUST00524,17997.28,2026-08-04,SUCCESS,329.51,59.31,0.0,17608.46,SET001415,17608.46,0.0,MATCHED
TXN001451,ORD001451,CUST00290,2938.91,2026-08-04,SUCCESS,42.2,7.6,0.0,2889.11,SET001416,2889.11,0.0,MATCHED
TXN001452,ORD001452,CUST00510,5046.3,2026-08-07,SUCCESS,115.21,20.74,0.0,4910.35,SET001417,4910.35,0.0,MATCHED
TXN001453,ORD001453,CUST00270,20804.32,2026-08-07,SUCCESS,266.96,48.05,0.0,20489.31,SET001418,20489.31,0.0,MATCHED
TXN001454,ORD001454,CUST00367,17615.58,2026-08-10,SUCCESS,194.55,35.02,0.0,17386.01,SET001419,17386.01,0.0,MATCHED
TXN001455,ORD001455,CUST00165,1081.2,2026-08-16,SUCCESS,24.45,4.4,0.0,1052.35,SET001420,1052.35,0.0,MATCHED
TXN001456,ORD001456,CUST00213,17236.28,2026-08-16,SUCCESS,295.35,53.16,0.0,16887.77,SET001421,16887.77,0.0,MATCHED
TXN001457,ORD001457,CUST00339,5939.18,2026-08-01,SUCCESS,119.89,21.58,0.0,5797.71,SET001422,5797.71,0.0,MATCHED
TXN001458,ORD001458,CUST00688,2316.17,2026-08-04,SUCCESS,29.39,5.29,0.0,2281.49,SET001423,2281.49,0.0,MATCHED
TXN001459,ORD001459,CUST00588,16758.65,2026-08-05,SUCCESS,418.65,75.36,0.0,16264.64,SET001424,16264.64,0.0,MATCHED
TXN001460,ORD001460,CUST00093,19510.2,2026-08-03,SUCCESS,338.98,61.02,0.0,19110.2,SET001425,19110.2,0.0,MATCHED
TXN001461,ORD001461,CUST00104,22629.01,2026-08-21,SUCCESS,261.99,47.16,0.0,,,22319.86,,MISSING_SETTLEMENT
TXN001462,ORD001462,CUST00237,11473.11,2026-08-10,SUCCESS,190.12,34.22,0.0,11248.77,SET001426,11248.77,0.0,MATCHED
TXN001463,ORD001463,CUST00271,11660.51,2026-08-04,SUCCESS,231.79,41.72,0.0,10150.67,SET001427,11387.0,1236.33,UNDER_SETTLED
TXN001464,ORD001464,CUST00179,21866.1,2026-08-10,SUCCESS,246.54,44.38,0.0,21575.18,SET001428,21575.18,0.0,MATCHED
TXN001465,ORD001465,CUST00369,20059.74,2026-08-11,SUCCESS,243.74,43.87,0.0,19772.13,SET001429,19772.13,0.0,MATCHED
TXN001466,ORD001466,CUST00437,18489.65,2026-08-04,SUCCESS,296.01,53.28,0.0,18140.36,SET001430,18140.36,0.0,MATCHED
TXN001467,ORD001467,CUST00047,340.84,2026-08-05,SUCCESS,6.43,1.16,0.0,333.25,SET001431,333.25,0.0,MATCHED
TXN001468,ORD001468,CUST00680,16215.25,2026-08-11,SUCCESS,186.89,33.64,0.0,15994.72,SET001432,15994.72,0.0,MATCHED
TXN001469,ORD001469,CUST00367,22373.74,2026-08-20,SUCCESS,534.27,96.17,13775.15,7968.15,SET001433,7968.15,0.0,MATCHED
TXN001470,ORD001470,CUST00275,21974.04,2026-08-03,SUCCESS,542.05,97.57,0.0,21334.42,SET001434,21334.42,0.0,MATCHED
TXN001471,ORD001471,CUST00382,20392.61,2026-08-06,SUCCESS,223.72,40.27,0.0,20128.62,SET001435,20128.62,0.0,MATCHED
TXN001472,ORD001472,CUST00117,10079.36,2026-08-15,SUCCESS,248.24,44.68,0.0,9786.44,SET001436,9786.44,0.0,MATCHED
TXN001473,ORD001473,CUST00279,20909.14,2026-08-23,SUCCESS,315.3,56.75,0.0,20537.09,SET001437,20537.09,0.0,MATCHED
TXN001474,ORD001474,CUST00490,20017.49,2026-08-21,SUCCESS,378.82,68.19,0.0,19570.48,SET001438,19570.48,0.0,MATCHED
TXN001475,ORD001475,CUST00171,2915.11,2026-08-23,SUCCESS,72.47,13.04,0.0,2829.6,SET001439,2829.6,0.0,MATCHED
TXN001476,ORD001476,CUST00061,24541.07,2026-08-06,SUCCESS,290.6,52.31,0.0,24198.16,SET001440,24198.16,0.0,MATCHED
TXN001477,ORD001477,CUST00107,10459.09,2026-08-19,SUCCESS,236.08,42.49,0.0,10180.52,SET001441,10180.52,0.0,MATCHED
TXN001478,ORD001478,CUST00495,20076.39,2026-08-22,SUCCESS,419.16,75.45,0.0,19581.78,SET001442,19581.78,0.0,MATCHED
TXN001479,ORD001479,CUST00449,4613.39,2026-08-13,SUCCESS,65.41,11.77,0.0,4536.21,SET001443,4536.21,0.0,MATCHED
TXN001480,ORD001480,CUST00368,15322.82,2026-08-22,SUCCESS,317.22,57.1,14066.23,882.27,SET001444,882.27,0.0,MATCHED
TXN001481,ORD001481,CUST00134,12128.68,2026-08-16,SUCCESS,227.16,40.89,0.0,11860.63,SET001445,11860.63,0.0,MATCHED
TXN001482,ORD001482,CUST00116,22201.09,2026-08-15,SUCCESS,312.92,56.33,0.0,21831.84,SET001446,21831.84,0.0,MATCHED
TXN001483,ORD001483,CUST00048,1677.07,2026-08-21,SUCCESS,36.63,6.59,0.0,1633.85,SET001447,1633.85,0.0,MATCHED
TXN001484,ORD001484,CUST00322,407.77,2026-08-22,SUCCESS,8.02,1.44,244.85,153.46,SET001448,153.46,0.0,MATCHED
TXN001485,ORD001485,CUST00538,19211.47,2026-08-19,SUCCESS,307.45,55.34,0.0,18848.68,SET001449,18848.68,0.0,MATCHED
TXN001486,ORD001486,CUST00579,5677.22,2026-08-22,SUCCESS,97.29,17.51,0.0,5562.42,SET001450,5562.42,0.0,MATCHED
TXN001487,ORD001487,CUST00347,13025.58,2026-08-23,SUCCESS,248.1,44.66,0.0,12732.82,SET001451,12732.82,0.0,MATCHED
TXN001488,ORD001488,CUST00634,2471.53,2026-08-22,SUCCESS,39.71,7.15,0.0,2424.67,SET001452,2424.67,0.0,MATCHED
TXN001489,ORD001489,CUST00255,12100.05,2026-08-22,SUCCESS,208.94,37.61,0.0,11853.5,SET001453,11853.5,0.0,MATCHED
TXN001490,ORD001490,CUST00693,16070.97,2026-08-05,SUCCESS,227.94,41.03,0.0,15802.0,SET001454,15802.0,0.0,MATCHED
TXN001491,ORD001491,CUST00572,22312.34,2026-08-20,SUCCESS,480.16,86.43,0.0,21745.75,SET001455,21745.75,0.0,MATCHED
TXN001492,ORD001492,CUST00056,389.96,2026-08-06,SUCCESS,4.53,0.82,0.0,384.61,SET001456,384.61,0.0,MATCHED
TXN001493,ORD001493,CUST00518,21236.25,2026-08-16,SUCCESS,292.22,52.6,0.0,20891.43,SET001457,20891.43,0.0,MATCHED
TXN001494,ORD001494,CUST00170,1964.14,2026-08-16,SUCCESS,34.29,6.17,0.0,1923.68,SET001458,1923.68,0.0,MATCHED
TXN001495,ORD001495,CUST00329,6098.21,2026-08-09,SUCCESS,118.46,21.32,0.0,5958.43,SET001459,5958.43,0.0,MATCHED
TXN001496,ORD001496,CUST00052,12722.54,2026-08-18,SUCCESS,152.91,27.52,0.0,,,12542.11,,MISSING_SETTLEMENT
TXN001497,ORD001497,CUST00659,9528.08,2026-08-08,SUCCESS,109.52,19.71,0.0,9398.85,SET001460,9398.85,0.0,MATCHED
TXN001498,ORD001498,CUST00081,11531.46,2026-08-26,SUCCESS,124.46,22.4,0.0,11384.6,SET001461,11384.6,0.0,MATCHED
TXN001499,ORD001499,CUST00587,11257.65,2026-08-16,SUCCESS,124.1,22.34,0.0,11111.21,SET001462,11111.21,0.0,MATCHED
TXN001500,ORD001500,CUST00458,7969.93,2026-08-16,SUCCESS,160.77,28.94,0.0,7780.22,SET001463,7780.22,0.0,MATCHED
TXN001501,ORD001501,CUST00670,542.45,2026-08-13,SUCCESS,13.33,2.4,0.0,526.72,SET001464,526.72,0.0,MATCHED
TXN001502,ORD001502,CUST00423,992.22,2026-08-18,SUCCESS,15.62,2.81,0.0,973.79,SET001465,973.79,0.0,MATCHED
TXN001503,ORD001503,CUST00001,20665.13,2026-08-26,SUCCESS,417.19,75.09,0.0,20172.85,SET001466,20172.85,0.0,MATCHED
TXN001504,ORD001504,CUST00619,24082.96,2026-08-21,SUCCESS,296.0,53.28,0.0,23733.68,SET001467,23733.68,0.0,MATCHED
TXN001505,ORD001505,CUST00312,22263.76,2026-08-18,SUCCESS,430.35,77.46,0.0,21755.95,SET001468,21755.95,0.0,MATCHED
TXN001506,ORD001506,CUST00212,16399.44,2026-08-15,SUCCESS,187.69,33.78,0.0,16177.97,SET001469,16177.97,0.0,MATCHED
TXN001507,ORD001507,CUST00350,9147.23,2026-08-02,SUCCESS,101.97,18.35,8981.99,44.92,SET001470,44.92,0.0,MATCHED
TXN001508,ORD001508,CUST00229,21123.5,2026-08-11,SUCCESS,449.38,80.89,0.0,20593.23,SET001471,20593.23,0.0,MATCHED
TXN001509,ORD001509,CUST00574,19208.67,2026-08-20,SUCCESS,413.25,74.38,0.0,18721.04,SET001472,18721.04,0.0,MATCHED
TXN001510,ORD001510,CUST00485,17944.79,2026-08-12,SUCCESS,392.83,70.71,0.0,17481.25,SET001473,17481.25,0.0,MATCHED
TXN001511,ORD001511,CUST00464,2939.18,2026-08-25,SUCCESS,38.29,6.89,0.0,2894.0,SET001474,2894.0,0.0,MATCHED
TXN001512,ORD001512,CUST00675,5621.5,2026-08-11,SUCCESS,112.04,20.17,0.0,5489.29,SET001475,5489.29,0.0,MATCHED
TXN001513,ORD001513,CUST00364,20764.11,2026-08-26,SUCCESS,360.34,64.86,7693.93,12644.98,SET001476,12644.98,0.0,MATCHED
TXN001514,ORD001514,CUST00299,13737.5,2026-08-12,SUCCESS,191.29,34.43,0.0,13511.78,SET001477,13511.78,0.0,MATCHED
TXN001515,ORD001515,CUST00109,1239.87,2026-08-06,SUCCESS,18.79,3.38,0.0,1217.7,SET001478,1217.7,0.0,MATCHED
TXN001516,ORD001516,CUST00505,3597.18,2026-08-23,SUCCESS,82.36,14.82,0.0,3500.0,SET001479,3500.0,0.0,MATCHED
TXN001517,ORD001517,CUST00420,2763.34,2026-08-20,SUCCESS,50.29,9.05,0.0,2704.0,SET001480,2704.0,0.0,MATCHED
TXN001518,ORD001518,CUST00201,4769.83,2026-08-13,SUCCESS,115.85,20.85,0.0,4633.13,SET001481,4633.13,0.0,MATCHED
TXN001519,ORD001519,CUST00221,11480.45,2026-08-26,SUCCESS,120.25,21.64,0.0,11338.56,SET001482,11338.56,0.0,MATCHED
TXN001520,ORD001520,CUST00196,17948.02,2026-08-04,SUCCESS,295.35,53.16,0.0,17599.51,SET001483,17599.51,0.0,MATCHED
TXN001521,ORD001521,CUST00425,1257.86,2026-08-21,SUCCESS,29.84,5.37,0.0,245.69,SET001484,1222.65,976.96,UNDER_SETTLED
TXN001522,ORD001522,CUST00689,14761.4,2026-08-25,SUCCESS,232.56,41.86,0.0,14486.98,SET001485,14486.98,0.0,MATCHED
TXN001523,ORD001523,CUST00462,11488.96,2026-08-19,SUCCESS,169.1,30.44,0.0,11289.42,SET001486,11289.42,0.0,MATCHED
TXN001524,ORD001524,CUST00517,3452.44,2026-08-16,SUCCESS,54.01,9.72,0.0,3388.71,SET001487,3388.71,0.0,MATCHED
TXN001525,ORD001525,CUST00005,13306.07,2026-08-02,SUCCESS,224.8,40.46,0.0,13040.81,SET001488,13040.81,0.0,MATCHED
TXN001526,ORD001526,CUST00567,23389.18,2026-08-19,SUCCESS,245.42,44.18,0.0,23099.58,SET001489,23099.58,0.0,MATCHED
TXN001527,ORD001527,CUST00495,23116.83,2026-08-25,SUCCESS,424.19,76.35,0.0,22616.29,SET001490,22616.29,0.0,MATCHED
TXN001528,ORD001528,CUST00182,17326.26,2026-08-06,SUCCESS,396.87,71.44,0.0,16857.95,SET001491,16857.95,0.0,MATCHED
TXN001529,ORD001529,CUST00132,2678.49,2026-08-22,SUCCESS,38.96,7.01,0.0,2632.52,SET001492,2632.52,0.0,MATCHED
TXN001530,ORD001530,CUST00615,15193.4,2026-08-11,SUCCESS,312.85,56.31,0.0,14824.24,SET001493,14824.24,0.0,MATCHED
TXN001531,ORD001531,CUST00517,22046.63,2026-08-14,SUCCESS,383.0,68.94,0.0,21594.69,SET001494,21594.69,0.0,MATCHED
TXN001532,ORD001532,CUST00624,22906.17,2026-08-25,SUCCESS,275.27,49.55,0.0,22581.35,SET001495,22581.35,0.0,MATCHED
TXN001533,ORD001533,CUST00255,6912.54,2026-08-11,SUCCESS,143.34,25.8,0.0,6743.4,SET001496,6743.4,0.0,MATCHED
TXN001534,ORD001534,CUST00302,11375.86,2026-08-05,SUCCESS,196.94,35.45,0.0,11143.47,SET001497,11143.47,0.0,MATCHED
TXN001535,ORD001535,CUST00142,10377.36,2026-08-23,SUCCESS,120.8,21.74,0.0,10234.82,SET001498,10234.82,0.0,MATCHED
TXN001536,ORD001536,CUST00525,7542.94,2026-08-23,SUCCESS,151.8,27.32,0.0,7363.82,SET001499,7363.82,0.0,MATCHED
TXN001537,ORD001537,CUST00561,21531.62,2026-08-23,SUCCESS,428.5,77.13,0.0,21025.99,SET001500,21025.99,0.0,MATCHED
TXN001538,ORD001538,CUST00567,15851.32,2026-08-07,SUCCESS,321.47,57.86,5222.54,10249.45,SET001501,10249.45,0.0,MATCHED
TXN001539,ORD001539,CUST00215,15641.77,2026-08-10,SUCCESS,290.67,52.32,0.0,15298.78,SET001502,15298.78,0.0,MATCHED
TXN001540,ORD001540,CUST00354,23037.67,2026-08-05,SUCCESS,394.83,71.07,0.0,22571.77,SET001503,22571.77,0.0,MATCHED
TXN001541,ORD001541,CUST00666,24381.97,2026-08-06,SUCCESS,556.28,100.13,0.0,23725.56,SET001504,23725.56,0.0,MATCHED
TXN001542,ORD001542,CUST00516,13608.04,2026-08-21,SUCCESS,239.51,43.11,0.0,13325.42,SET001505,13325.42,0.0,MATCHED
TXN001543,ORD001543,CUST00331,17787.78,2026-08-25,SUCCESS,282.31,50.82,0.0,17454.65,SET001506,17454.65,0.0,MATCHED
TXN001544,ORD001544,CUST00361,14100.78,2026-08-19,SUCCESS,245.64,44.22,0.0,13810.92,SET001507,13810.92,0.0,MATCHED
TXN001545,ORD001545,CUST00585,23572.57,2026-08-23,SUCCESS,579.01,104.22,0.0,22889.34,SET001508,22889.34,0.0,MATCHED
TXN001546,ORD001546,CUST00428,16888.66,2026-08-18,SUCCESS,325.18,58.53,0.0,16504.95,SET001509,16504.95,0.0,MATCHED
TXN001547,ORD001547,CUST00293,21949.18,2026-08-14,SUCCESS,335.63,60.41,16668.37,4884.77,SET001510,4884.77,0.0,MATCHED
TXN001548,ORD001548,CUST00014,13115.98,2026-08-01,SUCCESS,323.53,58.24,0.0,12734.21,SET001511,12734.21,0.0,MATCHED
TXN001549,ORD001549,CUST00391,3718.64,2026-08-22,SUCCESS,55.06,9.91,0.0,3653.67,SET001512,3653.67,0.0,MATCHED
TXN001550,ORD001550,CUST00058,5077.57,2026-08-25,SUCCESS,52.92,9.53,0.0,5015.12,SET001513,5015.12,0.0,MATCHED
TXN001551,ORD001551,CUST00165,24589.96,2026-08-22,SUCCESS,262.54,47.26,0.0,24280.16,SET001514,24280.16,0.0,MATCHED
TXN001552,ORD001552,CUST00257,3746.07,2026-08-02,SUCCESS,84.49,15.21,0.0,3646.37,SET001515,3646.37,0.0,MATCHED
TXN001553,ORD001553,CUST00303,5179.62,2026-08-18,SUCCESS,78.9,14.2,0.0,5086.52,SET001516,5086.52,0.0,MATCHED
TXN001554,ORD001554,CUST00034,9031.19,2026-08-15,SUCCESS,190.84,34.35,0.0,8806.0,SET001517,8806.0,0.0,MATCHED
TXN001555,ORD001555,CUST00105,15441.11,2026-08-22,SUCCESS,160.64,28.92,0.0,15251.55,SET001518,15251.55,0.0,MATCHED
TXN001556,ORD001556,CUST00576,21634.55,2026-08-24,SUCCESS,505.6,91.01,0.0,21037.94,SET001519,21037.94,0.0,MATCHED
TXN001557,ORD001557,CUST00663,14075.64,2026-08-08,SUCCESS,212.81,38.31,0.0,13824.52,SET001520,13824.52,0.0,MATCHED
TXN001558,ORD001558,CUST00524,19629.25,2026-08-26,SUCCESS,224.96,40.49,0.0,19363.8,SET001521,19363.8,0.0,MATCHED
TXN001559,ORD001559,CUST00295,17354.11,2026-08-02,SUCCESS,263.39,47.41,11162.97,5880.34,SET001522,5880.34,0.0,MATCHED
TXN001560,ORD001560,CUST00391,9750.11,2026-08-26,SUCCESS,149.77,26.96,2068.57,7504.81,SET001523,7504.81,0.0,MATCHED
TXN001561,ORD001561,CUST00321,24149.25,2026-08-02,SUCCESS,368.74,66.37,0.0,23714.14,SET001524,23714.14,0.0,MATCHED
TXN001562,ORD001562,CUST00014,18617.38,2026-08-07,SUCCESS,370.83,66.75,0.0,18179.8,SET001525,18179.8,0.0,MATCHED
TXN001563,ORD001563,CUST00636,21734.36,2026-08-15,SUCCESS,298.07,53.65,14695.9,6686.74,SET001526,6686.74,0.0,MATCHED
TXN001564,ORD001564,CUST00231,22796.01,2026-08-23,SUCCESS,449.57,80.92,0.0,22265.52,SET001527,22265.52,0.0,MATCHED
TXN001565,ORD001565,CUST00664,9256.75,2026-08-19,SUCCESS,174.84,31.47,0.0,9050.44,SET001528,9050.44,0.0,MATCHED
TXN001566,ORD001566,CUST00560,18487.41,2026-08-07,SUCCESS,437.34,78.72,0.0,17971.35,SET001529,17971.35,0.0,MATCHED
TXN001567,ORD001567,CUST00199,7425.03,2026-08-06,SUCCESS,81.55,14.68,0.0,7328.8,SET001530,7328.8,0.0,MATCHED
TXN001568,ORD001568,CUST00700,1954.28,2026-08-06,SUCCESS,28.48,5.13,0.0,1920.67,SET001531,1920.67,0.0,MATCHED
TXN001569,ORD001569,CUST00527,3071.91,2026-08-02,SUCCESS,46.27,8.33,1349.92,1667.39,SET001532,1667.39,0.0,MATCHED
TXN001570,ORD001570,CUST00439,7049.89,2026-08-09,SUCCESS,72.58,13.06,0.0,6964.25,SET001533,6964.25,0.0,MATCHED
TXN001571,ORD001571,CUST00134,4107.13,2026-08-09,SUCCESS,61.16,11.01,0.0,4034.96,SET001534,4034.96,0.0,MATCHED
TXN001572,ORD001572,CUST00006,8331.01,2026-08-23,SUCCESS,140.91,25.36,0.0,8164.74,SET001535,8164.74,0.0,MATCHED
TXN001573,ORD001573,CUST00159,1094.52,2026-08-11,SUCCESS,25.12,4.52,0.0,1064.88,SET001536,1064.88,0.0,MATCHED
TXN001574,ORD001574,CUST00612,1366.3,2026-08-21,SUCCESS,25.3,4.55,0.0,1336.45,SET001537,1336.45,0.0,MATCHED
TXN001575,ORD001575,CUST00631,21094.19,2026-08-10,SUCCESS,496.16,89.31,0.0,20508.72,SET001538,20508.72,0.0,MATCHED
TXN001576,ORD001576,CUST00503,19768.71,2026-08-18,SUCCESS,276.75,49.81,0.0,19442.15,SET001539,19442.15,0.0,MATCHED
TXN001577,ORD001577,CUST00367,1914.73,2026-08-23,SUCCESS,39.14,7.05,0.0,1868.54,SET001540,1868.54,0.0,MATCHED
TXN001578,ORD001578,CUST00326,13182.34,2026-08-06,SUCCESS,248.09,44.66,0.0,12889.59,SET001541,12889.59,0.0,MATCHED
TXN001579,ORD001579,CUST00534,1797.59,2026-08-17,SUCCESS,44.56,8.02,0.0,1745.01,SET001542,1745.01,0.0,MATCHED
TXN001580,ORD001580,CUST00164,10456.69,2026-08-18,SUCCESS,163.82,29.49,0.0,10263.38,SET001543,10263.38,0.0,MATCHED
TXN001581,ORD001581,CUST00414,2389.44,2026-08-08,SUCCESS,37.88,6.82,0.0,2344.74,SET001544,2344.74,0.0,MATCHED
TXN001582,ORD001582,CUST00219,16617.03,2026-08-11,SUCCESS,308.88,55.6,0.0,16252.55,SET001545,16252.55,0.0,MATCHED
TXN001583,ORD001583,CUST00370,7410.0,2026-08-25,SUCCESS,163.95,29.51,0.0,7216.54,SET001546,7216.54,0.0,MATCHED
TXN001584,ORD001584,CUST00634,13309.42,2026-08-18,SUCCESS,153.07,27.55,0.0,13128.8,SET001547,13128.8,0.0,MATCHED
TXN001585,ORD001585,CUST00665,319.21,2026-08-22,SUCCESS,6.42,1.16,0.0,311.63,SET001548,311.63,0.0,MATCHED
TXN001586,ORD001586,CUST00355,11197.11,2026-08-21,SUCCESS,168.4,30.31,0.0,10998.4,SET001549,10998.4,0.0,MATCHED
TXN001587,ORD001587,CUST00629,22973.32,2026-08-08,SUCCESS,402.99,72.54,0.0,22497.79,SET001550,22497.79,0.0,MATCHED
TXN001588,ORD001588,CUST00041,17095.53,2026-08-11,SUCCESS,367.1,66.08,0.0,16662.35,SET001551,16662.35,0.0,MATCHED
TXN001589,ORD001589,CUST00391,22906.72,2026-08-04,SUCCESS,345.73,62.23,0.0,22498.76,SET001552,22498.76,0.0,MATCHED
TXN001590,ORD001590,CUST00396,6489.1,2026-08-24,SUCCESS,124.74,22.45,0.0,6341.91,SET001553,6341.91,0.0,MATCHED
TXN001591,ORD001591,CUST00290,715.17,2026-08-17,SUCCESS,11.05,1.99,0.0,702.13,SET001554,702.13,0.0,MATCHED
TXN001592,ORD001592,CUST00384,12906.3,2026-08-17,SUCCESS,213.47,38.42,0.0,12654.41,SET001555,12654.41,0.0,MATCHED
TXN001593,ORD001593,CUST00457,12221.44,2026-08-10,SUCCESS,213.32,38.4,0.0,11969.72,SET001556,11969.72,0.0,MATCHED
TXN001594,ORD001594,CUST00668,4893.56,2026-08-17,SUCCESS,111.13,20.0,0.0,4762.43,SET001557,4762.43,0.0,MATCHED
TXN001595,ORD001595,CUST00085,23710.47,2026-08-06,SUCCESS,517.06,93.07,0.0,,,23100.34,,MISSING_SETTLEMENT
TXN001596,ORD001596,CUST00551,13376.82,2026-08-21,SUCCESS,302.39,54.43,7520.57,5499.43,SET001558,5499.43,0.0,MATCHED
TXN001597,ORD001597,CUST00068,5348.46,2026-08-21,SUCCESS,96.47,17.36,0.0,5234.63,SET001559,5234.63,0.0,MATCHED
TXN001598,ORD001598,CUST00219,21637.28,2026-08-14,SUCCESS,309.64,55.74,0.0,21271.9,SET001560,21271.9,0.0,MATCHED
TXN001599,ORD001599,CUST00107,5218.93,2026-08-23,SUCCESS,55.91,10.06,0.0,5152.96,SET001561,5152.96,0.0,MATCHED
TXN001600,ORD001600,CUST00446,16199.37,2026-08-03,SUCCESS,404.07,72.73,0.0,,,15722.57,,MISSING_SETTLEMENT
TXN001601,ORD001601,CUST00158,691.45,2026-08-23,SUCCESS,11.08,1.99,520.58,157.8,SET001562,157.8,0.0,MATCHED
TXN001602,ORD001602,CUST00340,1043.37,2026-08-03,SUCCESS,13.97,2.51,0.0,1026.89,SET001563,1026.89,0.0,MATCHED
TXN001603,ORD001603,CUST00056,4532.0,2026-08-09,SUCCESS,95.82,17.25,0.0,4418.93,SET001564,4418.93,0.0,MATCHED
TXN001604,ORD001604,CUST00572,1854.01,2026-08-08,SUCCESS,21.1,3.8,0.0,,,1829.11,,MISSING_SETTLEMENT
TXN001605,ORD001605,CUST00265,10250.06,2026-08-15,SUCCESS,232.3,41.81,0.0,9975.95,SET001565,9975.95,0.0,MATCHED
TXN001606,ORD001606,CUST00646,10170.76,2026-08-11,SUCCESS,116.16,20.91,0.0,10033.69,SET001566,10033.69,0.0,MATCHED
TXN001607,ORD001607,CUST00018,9798.6,2026-08-04,SUCCESS,147.49,26.55,0.0,9624.56,SET001567,9624.56,0.0,MATCHED
TXN001608,ORD001608,CUST00548,246.88,2026-08-24,SUCCESS,2.72,0.49,0.0,243.67,SET001568,243.67,0.0,MATCHED
TXN001609,ORD001609,CUST00634,1674.62,2026-08-24,SUCCESS,36.87,6.64,0.0,1631.11,SET001569,1631.11,0.0,MATCHED
TXN001610,ORD001610,CUST00600,1233.37,2026-08-03,SUCCESS,21.13,3.8,0.0,1208.44,SET001570,1208.44,0.0,MATCHED
TXN001611,ORD001611,CUST00367,23208.39,2026-08-04,SUCCESS,305.1,54.92,0.0,22848.37,SET001571,22848.37,0.0,MATCHED
TXN001612,ORD001612,CUST00297,19693.61,2026-08-10,SUCCESS,431.97,77.75,0.0,19183.89,SET001572,19183.89,0.0,MATCHED
TXN001613,ORD001613,CUST00622,2253.98,2026-08-25,SUCCESS,44.57,8.02,0.0,2201.39,SET001573,2201.39,0.0,MATCHED
TXN001614,ORD001614,CUST00449,9597.2,2026-08-22,SUCCESS,139.43,25.1,0.0,9432.67,SET001574,9432.67,0.0,MATCHED
TXN001615,ORD001615,CUST00032,11902.29,2026-08-18,SUCCESS,262.59,47.27,0.0,11592.43,SET001575,11592.43,0.0,MATCHED
TXN001616,ORD001616,CUST00226,3495.9,2026-08-13,SUCCESS,57.66,10.38,0.0,3427.86,SET001576,3427.86,0.0,MATCHED
TXN001617,ORD001617,CUST00559,7444.96,2026-08-21,SUCCESS,134.75,24.25,0.0,7285.96,SET001577,7285.96,0.0,MATCHED
TXN001618,ORD001618,CUST00148,7521.61,2026-08-26,SUCCESS,97.79,17.6,0.0,7406.22,SET001578,7406.22,0.0,MATCHED
TXN001619,ORD001619,CUST00664,9390.95,2026-08-01,SUCCESS,150.58,27.1,0.0,8633.5,SET001579,9213.27,579.77,UNDER_SETTLED
TXN001620,ORD001620,CUST00567,21881.7,2026-08-05,SUCCESS,423.95,76.31,0.0,21381.44,SET001580,21381.44,0.0,MATCHED
TXN001621,ORD001621,CUST00127,1140.15,2026-08-19,SUCCESS,19.15,3.45,0.0,1117.55,SET001581,1117.55,0.0,MATCHED
TXN001622,ORD001622,CUST00611,9912.63,2026-08-18,SUCCESS,212.64,38.28,7503.44,2158.27,SET001582,2158.27,0.0,MATCHED
TXN001623,ORD001623,CUST00088,7686.81,2026-08-24,SUCCESS,97.69,17.58,0.0,7571.54,SET001583,7571.54,0.0,MATCHED
TXN001624,ORD001624,CUST00353,5372.25,2026-08-21,SUCCESS,55.22,9.94,0.0,5307.09,SET001584,5307.09,0.0,MATCHED
TXN001625,ORD001625,CUST00525,3647.13,2026-08-06,SUCCESS,74.95,13.49,2804.89,753.8,SET001585,753.8,0.0,MATCHED
TXN001626,ORD001626,CUST00227,15460.43,2026-08-09,SUCCESS,354.67,63.84,0.0,15041.92,SET001586,15041.92,0.0,MATCHED
TXN001627,ORD001627,CUST00199,2954.1,2026-08-22,SUCCESS,55.1,9.92,0.0,2889.08,SET001587,2889.08,0.0,MATCHED
TXN001628,ORD001628,CUST00581,21321.05,2026-08-25,SUCCESS,281.32,50.64,0.0,20989.09,SET001588,20989.09,0.0,MATCHED
TXN001629,ORD001629,CUST00563,11585.5,2026-08-18,SUCCESS,283.05,50.95,0.0,11251.5,SET001589,11251.5,0.0,MATCHED
TXN001630,ORD001630,CUST00075,7337.25,2026-08-03,SUCCESS,155.06,27.91,0.0,7154.28,SET001590,7154.28,0.0,MATCHED
TXN001631,ORD001631,CUST00257,2545.24,2026-08-24,SUCCESS,43.29,7.79,0.0,2494.16,SET001591,2494.16,0.0,MATCHED
TXN001632,ORD001632,CUST00595,12231.04,2026-08-11,SUCCESS,294.25,52.96,0.0,,,11883.83,,MISSING_SETTLEMENT
TXN001633,ORD001633,CUST00366,3292.56,2026-08-21,SUCCESS,59.24,10.66,0.0,3222.66,SET001592,3222.66,0.0,MATCHED
TXN001634,ORD001634,CUST00241,2591.12,2026-08-20,SUCCESS,49.79,8.96,0.0,2532.37,SET001593,2532.37,0.0,MATCHED
TXN001635,ORD001635,CUST00072,22512.95,2026-08-11,SUCCESS,484.86,87.27,0.0,21940.82,SET001594,21940.82,0.0,MATCHED
TXN001636,ORD001636,CUST00498,11321.08,2026-08-20,SUCCESS,186.86,33.63,0.0,11100.59,SET001595,11100.59,0.0,MATCHED
TXN001637,ORD001637,CUST00676,7711.32,2026-08-19,SUCCESS,142.6,25.67,0.0,7543.05,SET001596,7543.05,0.0,MATCHED
TXN001638,ORD001638,CUST00157,14182.24,2026-08-12,SUCCESS,275.15,49.53,0.0,13857.56,SET001597,13857.56,0.0,MATCHED
TXN001639,ORD001639,CUST00324,23970.61,2026-08-06,SUCCESS,427.49,76.95,0.0,23466.17,SET001598,23466.17,0.0,MATCHED
TXN001640,ORD001640,CUST00005,7899.05,2026-08-26,SUCCESS,122.15,21.99,0.0,7754.91,SET001599,7754.91,0.0,MATCHED
TXN001641,ORD001641,CUST00227,17833.76,2026-08-21,SUCCESS,217.86,39.21,0.0,17576.69,SET001600,17576.69,0.0,MATCHED
TXN001642,ORD001642,CUST00447,6989.33,2026-08-12,SUCCESS,85.67,15.42,0.0,6888.24,SET001601,6888.24,0.0,MATCHED
TXN001643,ORD001643,CUST00138,17021.55,2026-08-11,SUCCESS,345.19,62.13,0.0,16614.23,SET001602,16614.23,0.0,MATCHED
TXN001644,ORD001644,CUST00492,11624.92,2026-08-12,SUCCESS,168.61,30.35,0.0,11425.96,SET001603,11425.96,0.0,MATCHED
TXN001645,ORD001645,CUST00313,12225.59,2026-08-04,SUCCESS,202.1,36.38,0.0,11987.11,SET001604,11987.11,0.0,MATCHED
TXN001646,ORD001646,CUST00180,16174.23,2026-08-03,SUCCESS,239.05,43.03,0.0,15892.15,SET001605,15892.15,0.0,MATCHED
TXN001647,ORD001647,CUST00288,21481.97,2026-08-05,SUCCESS,482.34,86.82,0.0,20912.81,SET001606,20912.81,0.0,MATCHED
TXN001648,ORD001648,CUST00552,4991.16,2026-08-24,SUCCESS,54.74,9.85,0.0,4926.57,SET001607,4926.57,0.0,MATCHED
TXN001649,ORD001649,CUST00642,2003.91,2026-08-03,SUCCESS,26.16,4.71,0.0,1973.04,SET001608,1973.04,0.0,MATCHED
TXN001650,ORD001650,CUST00020,21254.72,2026-08-21,SUCCESS,344.04,61.93,0.0,20848.75,SET001609,20848.75,0.0,MATCHED
TXN001651,ORD001651,CUST00032,20334.8,2026-08-19,SUCCESS,454.6,81.83,0.0,19798.37,SET001610,19798.37,0.0,MATCHED
TXN001652,ORD001652,CUST00415,19253.09,2026-08-07,SUCCESS,379.11,68.24,0.0,18805.74,SET001611,18805.74,0.0,MATCHED
TXN001653,ORD001653,CUST00038,13834.69,2026-08-18,SUCCESS,191.56,34.48,0.0,13608.65,SET001612,13608.65,0.0,MATCHED
TXN001654,ORD001654,CUST00553,11855.39,2026-08-25,SUCCESS,225.47,40.58,0.0,11589.34,SET001613,11589.34,0.0,MATCHED
TXN001655,ORD001655,CUST00153,9208.88,2026-08-08,SUCCESS,148.15,26.67,0.0,9034.06,SET001614,9034.06,0.0,MATCHED
TXN001656,ORD001656,CUST00604,18357.35,2026-08-10,SUCCESS,214.84,38.67,0.0,18103.84,SET001615,18103.84,0.0,MATCHED
TXN001657,ORD001657,CUST00138,11671.06,2026-08-17,SUCCESS,150.31,27.06,0.0,11493.69,SET001616,11493.69,0.0,MATCHED
TXN001658,ORD001658,CUST00093,9979.95,2026-08-17,SUCCESS,136.56,24.58,8537.53,1281.28,SET001617,1281.28,0.0,MATCHED
TXN001659,ORD001659,CUST00011,16600.69,2026-08-26,SUCCESS,372.0,66.96,0.0,16161.73,SET001618,16161.73,0.0,MATCHED
TXN001660,ORD001660,CUST00629,17135.63,2026-08-25,SUCCESS,290.66,52.32,0.0,16792.65,SET001619,16792.65,0.0,MATCHED
TXN001661,ORD001661,CUST00527,3595.23,2026-08-06,SUCCESS,66.14,11.91,0.0,3517.18,SET001620,3517.18,0.0,MATCHED
TXN001662,ORD001662,CUST00184,14202.3,2026-08-19,SUCCESS,234.93,42.29,0.0,13925.08,SET001621,13925.08,0.0,MATCHED
TXN001663,ORD001663,CUST00676,21817.66,2026-08-05,SUCCESS,429.89,77.38,0.0,21310.39,SET001622,21310.39,0.0,MATCHED
TXN001664,ORD001664,CUST00496,23485.46,2026-08-02,SUCCESS,247.89,44.62,0.0,23192.95,SET001623,23192.95,0.0,MATCHED
TXN001665,ORD001665,CUST00225,19060.66,2026-08-08,SUCCESS,236.17,42.51,0.0,18781.98,SET001624,18781.98,0.0,MATCHED
TXN001666,ORD001666,CUST00065,6682.49,2026-08-08,SUCCESS,80.5,14.49,0.0,6587.5,SET001625,6587.5,0.0,MATCHED
TXN001667,ORD001667,CUST00044,16747.78,2026-08-17,SUCCESS,232.39,41.83,0.0,16473.56,SET001626,16473.56,0.0,MATCHED
TXN001668,ORD001668,CUST00370,9763.52,2026-08-15,SUCCESS,215.32,38.76,0.0,9509.44,SET001627,9509.44,0.0,MATCHED
TXN001669,ORD001669,CUST00048,1093.63,2026-08-21,SUCCESS,21.74,3.91,0.0,1067.98,SET001628,1067.98,0.0,MATCHED
TXN001670,ORD001670,CUST00332,2670.3,2026-08-17,SUCCESS,33.75,6.08,0.0,2630.47,SET001629,2630.47,0.0,MATCHED
TXN001671,ORD001671,CUST00649,20758.21,2026-08-24,SUCCESS,473.03,85.15,0.0,20200.03,SET001630,20200.03,0.0,MATCHED
TXN001672,ORD001672,CUST00270,14507.92,2026-08-19,SUCCESS,354.82,63.87,0.0,,,14089.23,,MISSING_SETTLEMENT
TXN001673,ORD001673,CUST00179,9478.82,2026-08-13,SUCCESS,163.87,29.5,0.0,9285.45,SET001631,9285.45,0.0,MATCHED
TXN001674,ORD001674,CUST00375,14733.2,2026-08-03,SUCCESS,151.73,27.31,0.0,14554.16,SET001632,14554.16,0.0,MATCHED
TXN001675,ORD001675,CUST00530,6364.5,2026-08-08,SUCCESS,145.71,26.23,0.0,6192.56,SET001633,6192.56,0.0,MATCHED
TXN001676,ORD001676,CUST00529,10205.47,2026-08-12,SUCCESS,114.9,20.68,0.0,10069.89,SET001634,10069.89,0.0,MATCHED
TXN001677,ORD001677,CUST00499,19837.17,2026-08-20,SUCCESS,377.38,67.93,0.0,19391.86,SET001635,19391.86,0.0,MATCHED
TXN001678,ORD001678,CUST00007,12595.74,2026-08-05,SUCCESS,289.8,52.16,0.0,12253.78,SET001636,12253.78,0.0,MATCHED
TXN001679,ORD001679,CUST00451,4223.58,2026-08-03,SUCCESS,99.29,17.87,0.0,4106.42,SET001637,4106.42,0.0,MATCHED
TXN001680,ORD001680,CUST00527,16122.58,2026-08-07,SUCCESS,259.66,46.74,8331.36,7484.82,SET001638,7484.82,0.0,MATCHED
TXN001681,ORD001681,CUST00154,4753.95,2026-08-12,SUCCESS,73.46,13.22,0.0,4667.27,SET001639,4667.27,0.0,MATCHED
TXN001682,ORD001682,CUST00617,17960.84,2026-08-04,SUCCESS,356.73,64.21,0.0,17539.9,SET001640,17539.9,0.0,MATCHED
TXN001683,ORD001683,CUST00677,5835.62,2026-08-26,SUCCESS,66.26,11.93,0.0,5757.43,SET001641,5757.43,0.0,MATCHED
TXN001684,ORD001684,CUST00339,18034.37,2026-08-16,SUCCESS,435.48,78.39,0.0,17520.5,SET001642,17520.5,0.0,MATCHED
TXN001685,ORD001685,CUST00692,12022.48,2026-08-07,SUCCESS,250.83,45.15,0.0,11726.5,SET001643,11726.5,0.0,MATCHED
TXN001686,ORD001686,CUST00605,4115.03,2026-08-14,SUCCESS,49.83,8.97,0.0,4056.23,SET001644,4056.23,0.0,MATCHED
TXN001687,ORD001687,CUST00023,6167.39,2026-08-05,SUCCESS,72.03,12.97,5557.91,524.48,SET001645,524.48,0.0,MATCHED
TXN001688,ORD001688,CUST00588,14849.46,2026-08-05,SUCCESS,312.09,56.18,0.0,14481.19,SET001646,14481.19,0.0,MATCHED
TXN001689,ORD001689,CUST00645,12864.81,2026-08-19,SUCCESS,308.68,55.56,0.0,12500.57,SET001647,12500.57,0.0,MATCHED
TXN001690,ORD001690,CUST00151,1492.21,2026-08-09,SUCCESS,26.61,4.79,0.0,1460.81,SET001648,1460.81,0.0,MATCHED
TXN001691,ORD001691,CUST00185,12964.35,2026-08-13,SUCCESS,290.85,52.35,0.0,12621.15,SET001649,12621.15,0.0,MATCHED
TXN001692,ORD001692,CUST00614,24234.17,2026-08-21,SUCCESS,587.56,105.76,0.0,23540.85,SET001650,23540.85,0.0,MATCHED
TXN001693,ORD001693,CUST00020,21974.87,2026-08-24,SUCCESS,526.81,94.83,0.0,21353.23,SET001651,21353.23,0.0,MATCHED
TXN001694,ORD001694,CUST00678,20550.45,2026-08-03,SUCCESS,283.13,50.96,0.0,,,20216.36,,MISSING_SETTLEMENT
TXN001695,ORD001695,CUST00222,11285.16,2026-08-16,SUCCESS,262.59,47.27,0.0,10975.3,SET001652,10975.3,0.0,MATCHED
TXN001696,ORD001696,CUST00494,4347.11,2026-08-14,SUCCESS,59.0,10.62,0.0,4277.49,SET001653,4277.49,0.0,MATCHED
TXN001697,ORD001697,CUST00616,3653.53,2026-08-19,SUCCESS,43.24,7.78,0.0,3602.51,SET001654,3602.51,0.0,MATCHED
TXN001698,ORD001698,CUST00187,15617.97,2026-08-17,SUCCESS,345.16,62.13,0.0,15210.68,SET001655,15210.68,0.0,MATCHED
TXN001699,ORD001699,CUST00271,4276.27,2026-08-22,SUCCESS,63.88,11.5,0.0,4200.89,SET001656,4200.89,0.0,MATCHED
TXN001700,ORD001700,CUST00351,23066.56,2026-08-20,SUCCESS,432.84,77.91,0.0,22555.81,SET001657,22555.81,0.0,MATCHED
TXN001701,ORD001701,CUST00605,1814.19,2026-08-13,SUCCESS,28.75,5.17,0.0,1780.27,SET001658,1780.27,0.0,MATCHED
TXN001702,ORD001702,CUST00395,3392.11,2026-08-01,SUCCESS,72.0,12.96,0.0,3307.15,SET001659,3307.15,0.0,MATCHED
TXN001703,ORD001703,CUST00208,13115.51,2026-08-17,SUCCESS,177.57,31.96,0.0,12905.98,SET001660,12905.98,0.0,MATCHED
TXN001704,ORD001704,CUST00430,20680.2,2026-08-20,SUCCESS,337.98,60.84,0.0,20281.38,SET001661,20281.38,0.0,MATCHED
TXN001705,ORD001705,CUST00099,4517.81,2026-08-20,SUCCESS,54.96,9.89,0.0,4452.96,SET001662,4452.96,0.0,MATCHED
TXN001706,ORD001706,CUST00615,1072.01,2026-08-26,SUCCESS,13.54,2.44,0.0,1056.03,SET001663,1056.03,0.0,MATCHED
TXN001707,ORD001707,CUST00545,12632.9,2026-08-04,SUCCESS,310.12,55.82,0.0,12266.96,SET001664,12266.96,0.0,MATCHED
TXN001708,ORD001708,CUST00096,12107.8,2026-08-05,SUCCESS,200.89,36.16,0.0,11870.75,SET001665,11870.75,0.0,MATCHED
TXN001709,ORD001709,CUST00618,13528.22,2026-08-01,SUCCESS,186.89,33.64,0.0,13307.69,SET001666,13307.69,0.0,MATCHED
TXN001710,ORD001710,CUST00695,16265.87,2026-08-17,SUCCESS,306.49,55.17,0.0,15904.21,SET001667,15904.21,0.0,MATCHED
TXN001711,ORD001711,CUST00431,9322.4,2026-08-02,SUCCESS,161.79,29.12,0.0,,,9131.49,,MISSING_SETTLEMENT
TXN001712,ORD001712,CUST00543,10781.01,2026-08-26,SUCCESS,168.41,30.31,0.0,10582.29,SET001668,10582.29,0.0,MATCHED
TXN001713,ORD001713,CUST00494,19759.93,2026-08-13,SUCCESS,478.8,86.18,0.0,19194.95,SET001669,19194.95,0.0,MATCHED
TXN001714,ORD001714,CUST00359,14767.3,2026-08-24,SUCCESS,217.78,39.2,0.0,14510.32,SET001670,14510.32,0.0,MATCHED
TXN001715,ORD001715,CUST00590,2533.15,2026-08-05,SUCCESS,41.43,7.46,1152.81,1331.45,SET001671,1331.45,0.0,MATCHED
TXN001716,ORD001716,CUST00261,11980.82,2026-08-08,SUCCESS,242.5,43.65,0.0,11694.67,SET001672,11694.67,0.0,MATCHED
TXN001717,ORD001717,CUST00086,7153.34,2026-08-18,SUCCESS,174.9,31.48,0.0,6946.96,SET001673,6946.96,0.0,MATCHED
TXN001718,ORD001718,CUST00419,6519.34,2026-08-01,SUCCESS,151.19,27.21,0.0,6340.94,SET001674,6340.94,0.0,MATCHED
TXN001719,ORD001719,CUST00008,14491.88,2026-08-04,SUCCESS,348.6,62.75,0.0,14080.53,SET001675,14080.53,0.0,MATCHED
TXN001720,ORD001720,CUST00533,279.13,2026-08-21,SUCCESS,4.31,0.78,0.0,,,274.04,,MISSING_SETTLEMENT
TXN001721,ORD001721,CUST00211,17225.39,2026-08-11,SUCCESS,357.17,64.29,0.0,16803.93,SET001676,16803.93,0.0,MATCHED
TXN001722,ORD001722,CUST00419,9120.52,2026-08-05,SUCCESS,203.57,36.64,0.0,8880.31,SET001677,8880.31,0.0,MATCHED
TXN001723,ORD001723,CUST00437,16324.24,2026-08-09,SUCCESS,168.4,30.31,0.0,14839.15,SET001678,16125.53,1286.38,UNDER_SETTLED
TXN001724,ORD001724,CUST00268,21388.93,2026-08-14,SUCCESS,524.07,94.33,0.0,20770.53,SET001679,20770.53,0.0,MATCHED
TXN001725,ORD001725,CUST00579,9204.54,2026-08-09,SUCCESS,175.69,31.62,0.0,8997.23,SET001680,8997.23,0.0,MATCHED
TXN001726,ORD001726,CUST00697,9996.61,2026-08-07,SUCCESS,226.14,40.71,0.0,9729.76,SET001681,9729.76,0.0,MATCHED
TXN001727,ORD001727,CUST00424,13847.41,2026-08-18,SUCCESS,276.03,49.69,0.0,13521.69,SET001682,13521.69,0.0,MATCHED
TXN001728,ORD001728,CUST00495,4550.12,2026-08-18,SUCCESS,109.72,19.75,0.0,4420.65,SET001683,4420.65,0.0,MATCHED
TXN001729,ORD001729,CUST00569,12145.63,2026-08-10,SUCCESS,247.29,44.51,0.0,11853.83,SET001684,11853.83,0.0,MATCHED
TXN001730,ORD001730,CUST00592,8674.47,2026-08-23,SUCCESS,189.38,34.09,0.0,8451.0,SET001685,8451.0,0.0,MATCHED
TXN001731,ORD001731,CUST00408,18420.98,2026-08-22,SUCCESS,250.44,45.08,0.0,18125.46,SET001686,18125.46,0.0,MATCHED
TXN001732,ORD001732,CUST00122,18720.57,2026-08-15,SUCCESS,342.42,61.64,0.0,18316.51,SET001687,18316.51,0.0,MATCHED
TXN001733,ORD001733,CUST00166,2596.94,2026-08-17,SUCCESS,38.02,6.84,0.0,2552.08,SET001688,2552.08,0.0,MATCHED
TXN001734,ORD001734,CUST00411,19673.42,2026-08-26,SUCCESS,479.58,86.32,0.0,19107.52,SET001689,19107.52,0.0,MATCHED
TXN001735,ORD001735,CUST00564,15389.23,2026-08-22,SUCCESS,237.65,42.78,0.0,15108.8,SET001690,15108.8,0.0,MATCHED
TXN001736,ORD001736,CUST00054,4102.38,2026-08-21,SUCCESS,91.01,16.38,984.52,3010.47,SET001691,3010.47,0.0,MATCHED
TXN001737,ORD001737,CUST00006,20128.8,2026-08-05,SUCCESS,238.14,42.87,0.0,19847.79,SET001692,19847.79,0.0,MATCHED
TXN001738,ORD001738,CUST00483,23153.96,2026-08-14,SUCCESS,532.64,95.88,0.0,22525.44,SET001693,22525.44,0.0,MATCHED
TXN001739,ORD001739,CUST00091,1695.6,2026-08-08,SUCCESS,38.77,6.98,0.0,1649.85,SET001694,1649.85,0.0,MATCHED
TXN001740,ORD001740,CUST00380,2092.99,2026-08-02,SUCCESS,33.13,5.96,0.0,2053.9,SET001695,2053.9,0.0,MATCHED
TXN001741,ORD001741,CUST00394,23274.06,2026-08-13,SUCCESS,550.36,99.06,0.0,,,22624.64,,MISSING_SETTLEMENT
TXN001742,ORD001742,CUST00629,16438.76,2026-08-10,SUCCESS,261.29,47.03,0.0,16130.44,SET001696,16130.44,0.0,MATCHED
TXN001743,ORD001743,CUST00612,1530.83,2026-08-25,SUCCESS,37.77,6.8,0.0,1486.26,SET001697,1486.26,0.0,MATCHED
TXN001744,ORD001744,CUST00180,16043.25,2026-08-15,SUCCESS,221.93,39.95,0.0,15153.52,SET001698,15781.37,627.85,UNDER_SETTLED
TXN001745,ORD001745,CUST00011,5122.51,2026-08-22,SUCCESS,58.16,10.47,0.0,5053.88,SET001699,5053.88,0.0,MATCHED
TXN001746,ORD001746,CUST00531,7221.56,2026-08-02,SUCCESS,161.33,29.04,0.0,7031.19,SET001700,7031.19,0.0,MATCHED
TXN001747,ORD001747,CUST00614,12812.64,2026-08-23,SUCCESS,173.38,31.21,0.0,12608.05,SET001701,12608.05,0.0,MATCHED
TXN001748,ORD001748,CUST00238,15418.23,2026-08-22,SUCCESS,202.84,36.51,0.0,15178.88,SET001702,15178.88,0.0,MATCHED
TXN001749,ORD001749,CUST00037,9057.53,2026-08-21,SUCCESS,211.53,38.08,0.0,8807.92,SET001703,8807.92,0.0,MATCHED
TXN001750,ORD001750,CUST00001,24393.58,2026-08-03,SUCCESS,579.06,104.23,0.0,23710.29,SET001704,23710.29,0.0,MATCHED
TXN001751,ORD001751,CUST00283,19513.85,2026-08-12,SUCCESS,379.94,68.39,0.0,19065.52,SET001705,19065.52,0.0,MATCHED
TXN001752,ORD001752,CUST00686,9939.06,2026-08-19,SUCCESS,230.51,41.49,0.0,9667.06,SET001706,9667.06,0.0,MATCHED
TXN001753,ORD001753,CUST00206,12991.79,2026-08-24,SUCCESS,279.34,50.28,0.0,12662.17,SET001707,12662.17,0.0,MATCHED
TXN001754,ORD001754,CUST00071,22987.52,2026-08-18,SUCCESS,369.97,66.59,0.0,22550.96,SET001708,22550.96,0.0,MATCHED
TXN001755,ORD001755,CUST00292,18180.85,2026-08-18,SUCCESS,191.05,34.39,0.0,17955.41,SET001709,17955.41,0.0,MATCHED
TXN001756,ORD001756,CUST00597,8767.57,2026-08-09,SUCCESS,201.62,36.29,0.0,8529.66,SET001710,8529.66,0.0,MATCHED
TXN001757,ORD001757,CUST00232,15198.45,2026-08-07,SUCCESS,339.65,61.14,0.0,14797.66,SET001711,14797.66,0.0,MATCHED
TXN001758,ORD001758,CUST00466,23249.87,2026-08-19,SUCCESS,560.49,100.89,0.0,22588.49,SET001712,22588.49,0.0,MATCHED
TXN001759,ORD001759,CUST00005,6601.58,2026-08-14,SUCCESS,112.67,20.28,0.0,6468.63,SET001713,6468.63,0.0,MATCHED
TXN001760,ORD001760,CUST00519,2750.98,2026-08-03,SUCCESS,44.55,8.02,0.0,2698.41,SET001714,2698.41,0.0,MATCHED
TXN001761,ORD001761,CUST00516,7426.87,2026-08-04,SUCCESS,167.98,30.24,0.0,7228.65,SET001715,7228.65,0.0,MATCHED
TXN001762,ORD001762,CUST00526,23922.06,2026-08-18,SUCCESS,496.64,89.4,0.0,23336.02,SET001716,23336.02,0.0,MATCHED
TXN001763,ORD001763,CUST00589,6328.52,2026-08-15,SUCCESS,146.51,26.37,0.0,6155.64,SET001717,6155.64,0.0,MATCHED
TXN001764,ORD001764,CUST00387,14122.9,2026-08-25,SUCCESS,314.99,56.7,0.0,13751.21,SET001718,13751.21,0.0,MATCHED
TXN001765,ORD001765,CUST00250,18961.08,2026-08-25,SUCCESS,424.08,76.33,0.0,18460.67,SET001719,18460.67,0.0,MATCHED
TXN001766,ORD001766,CUST00470,17071.71,2026-08-19,SUCCESS,349.58,62.92,0.0,16659.21,SET001720,16659.21,0.0,MATCHED
TXN001767,ORD001767,CUST00029,12101.06,2026-08-09,SUCCESS,212.92,38.33,0.0,11849.81,SET001721,11849.81,0.0,MATCHED
TXN001768,ORD001768,CUST00070,9628.56,2026-08-26,SUCCESS,147.1,26.48,9545.36,0.0,SET001722,0.0,0.0,MATCHED
TXN001769,ORD001769,CUST00226,16955.13,2026-08-08,SUCCESS,322.69,58.08,0.0,16574.36,SET001723,16574.36,0.0,MATCHED
TXN001770,ORD001770,CUST00324,10369.41,2026-08-12,SUCCESS,230.22,41.44,0.0,10097.75,SET001724,10097.75,0.0,MATCHED
TXN001771,ORD001771,CUST00529,13437.73,2026-08-23,SUCCESS,283.09,50.96,0.0,13103.68,SET001725,13103.68,0.0,MATCHED
TXN001772,ORD001772,CUST00270,6281.61,2026-08-03,SUCCESS,105.52,18.99,0.0,6157.1,SET001726,6157.1,0.0,MATCHED
TXN001773,ORD001773,CUST00409,16875.08,2026-08-11,SUCCESS,175.67,31.62,7873.36,8794.43,SET001727,8794.43,0.0,MATCHED
TXN001774,ORD001774,CUST00078,13908.33,2026-08-06,SUCCESS,149.95,26.99,0.0,13731.39,SET001728,13731.39,0.0,MATCHED
TXN001775,ORD001775,CUST00488,7915.43,2026-08-07,SUCCESS,155.33,27.96,0.0,7732.14,SET001729,7732.14,0.0,MATCHED
TXN001776,ORD001776,CUST00588,6799.99,2026-08-24,SUCCESS,132.28,23.81,0.0,6643.9,SET001730,6643.9,0.0,MATCHED
TXN001777,ORD001777,CUST00700,23263.36,2026-08-07,SUCCESS,508.66,91.56,0.0,22663.14,SET001731,22663.14,0.0,MATCHED
TXN001778,ORD001778,CUST00511,18454.09,2026-08-08,SUCCESS,222.21,40.0,0.0,18191.88,SET001732,18191.88,0.0,MATCHED
TXN001779,ORD001779,CUST00248,21831.29,2026-08-07,SUCCESS,349.52,62.91,0.0,21418.86,SET001733,21418.86,0.0,MATCHED
TXN001780,ORD001780,CUST00235,5148.89,2026-08-08,SUCCESS,100.01,18.0,0.0,5030.88,SET001734,5030.88,0.0,MATCHED
TXN001781,ORD001781,CUST00634,8965.08,2026-08-25,SUCCESS,131.84,23.73,0.0,8809.51,SET001735,8809.51,0.0,MATCHED
TXN001782,ORD001782,CUST00110,3084.97,2026-08-03,SUCCESS,34.65,6.24,0.0,,,3044.08,,MISSING_SETTLEMENT
TXN001783,ORD001783,CUST00693,23898.91,2026-08-16,SUCCESS,295.57,53.2,0.0,23550.14,SET001736,23550.14,0.0,MATCHED
TXN001784,ORD001784,CUST00629,264.93,2026-08-18,SUCCESS,4.7,0.85,0.0,259.38,SET001737,259.38,0.0,MATCHED
TXN001785,ORD001785,CUST00044,21215.46,2026-08-12,SUCCESS,520.73,93.73,0.0,20601.0,SET001738,20601.0,0.0,MATCHED
TXN001786,ORD001786,CUST00636,7953.88,2026-08-19,SUCCESS,178.64,32.16,0.0,7743.08,SET001739,7743.08,0.0,MATCHED
TXN001787,ORD001787,CUST00282,12321.05,2026-08-25,SUCCESS,264.25,47.56,1685.52,10323.72,SET001740,10323.72,0.0,MATCHED
TXN001788,ORD001788,CUST00524,7078.64,2026-08-08,SUCCESS,160.72,28.93,5452.53,1436.46,SET001741,1436.46,0.0,MATCHED
TXN001789,ORD001789,CUST00591,3293.32,2026-08-17,SUCCESS,66.81,12.03,0.0,3214.48,SET001742,3214.48,0.0,MATCHED
TXN001790,ORD001790,CUST00434,12010.17,2026-08-18,SUCCESS,262.9,47.32,0.0,11699.95,SET001743,11699.95,0.0,MATCHED
TXN001791,ORD001791,CUST00034,12611.63,2026-08-13,SUCCESS,186.54,33.58,0.0,12391.51,SET001744,12391.51,0.0,MATCHED
TXN001792,ORD001792,CUST00179,11484.18,2026-08-04,SUCCESS,197.25,35.5,0.0,11251.43,SET001745,11251.43,0.0,MATCHED
TXN001793,ORD001793,CUST00531,11555.76,2026-08-23,SUCCESS,242.99,43.74,0.0,11269.03,SET001746,11269.03,0.0,MATCHED
TXN001794,ORD001794,CUST00009,394.32,2026-08-07,SUCCESS,5.49,0.99,0.0,387.84,SET001747,387.84,0.0,MATCHED
TXN001795,ORD001795,CUST00389,14567.1,2026-08-11,SUCCESS,295.89,53.26,0.0,14217.95,SET001748,14217.95,0.0,MATCHED
TXN001796,ORD001796,CUST00371,15358.17,2026-08-09,SUCCESS,344.05,61.93,0.0,14952.19,SET001749,14952.19,0.0,MATCHED
TXN001797,ORD001797,CUST00192,13759.23,2026-08-08,SUCCESS,302.61,54.47,0.0,13402.15,SET001750,13402.15,0.0,MATCHED
TXN001798,ORD001798,CUST00276,11836.5,2026-08-20,SUCCESS,153.64,27.66,7061.55,4593.65,SET001751,4593.65,0.0,MATCHED
TXN001799,ORD001799,CUST00352,9211.51,2026-08-16,SUCCESS,149.39,26.89,0.0,9035.23,SET001752,9035.23,0.0,MATCHED
TXN001800,ORD001800,CUST00435,5342.26,2026-08-23,SUCCESS,68.0,12.24,0.0,5262.02,SET001753,5262.02,0.0,MATCHED
TXN001801,ORD001801,CUST00382,9190.44,2026-08-13,SUCCESS,212.72,38.29,0.0,8939.43,SET001754,8939.43,0.0,MATCHED
TXN001802,ORD001802,CUST00287,11323.15,2026-08-19,SUCCESS,273.7,49.27,0.0,11000.18,SET001755,11000.18,0.0,MATCHED
TXN001803,ORD001803,CUST00135,24483.88,2026-08-22,SUCCESS,569.62,102.53,0.0,23811.73,SET001756,23811.73,0.0,MATCHED
TXN001804,ORD001804,CUST00235,20373.35,2026-08-24,SUCCESS,272.34,49.02,0.0,20051.99,SET001757,20051.99,0.0,MATCHED
TXN001805,ORD001805,CUST00277,20121.78,2026-08-18,SUCCESS,487.38,87.73,0.0,19546.67,SET001758,19546.67,0.0,MATCHED
TXN001806,ORD001806,CUST00443,21422.09,2026-08-07,SUCCESS,510.85,91.95,0.0,20819.29,SET001759,20819.29,0.0,MATCHED
TXN001807,ORD001807,CUST00150,20020.93,2026-08-24,SUCCESS,394.54,71.02,0.0,19555.37,SET001760,19555.37,0.0,MATCHED
TXN001808,ORD001808,CUST00154,11877.38,2026-08-01,SUCCESS,230.41,41.47,0.0,11605.5,SET001761,11605.5,0.0,MATCHED
TXN001809,ORD001809,CUST00181,10595.86,2026-08-05,SUCCESS,250.09,45.02,0.0,10300.75,SET001762,10300.75,0.0,MATCHED
TXN001810,ORD001810,CUST00646,12973.47,2026-08-24,SUCCESS,319.3,57.47,0.0,12596.7,SET001763,12596.7,0.0,MATCHED
TXN001811,ORD001811,CUST00324,19654.79,2026-08-10,SUCCESS,255.0,45.9,0.0,19353.89,SET001764,19353.89,0.0,MATCHED
TXN001812,ORD001812,CUST00257,14097.25,2026-08-19,SUCCESS,289.26,52.07,0.0,12909.5,SET001765,13755.92,846.42,UNDER_SETTLED
TXN001813,ORD001813,CUST00049,10020.21,2026-08-23,SUCCESS,125.57,22.6,0.0,9872.04,SET001766,9872.04,0.0,MATCHED
TXN001814,ORD001814,CUST00168,1594.91,2026-08-09,SUCCESS,25.54,4.6,0.0,1564.77,SET001767,1564.77,0.0,MATCHED
TXN001815,ORD001815,CUST00488,20990.4,2026-08-04,SUCCESS,344.95,62.09,0.0,20583.36,SET001768,20583.36,0.0,MATCHED
TXN001816,ORD001816,CUST00461,18640.37,2026-08-09,SUCCESS,259.15,46.65,0.0,18334.57,SET001769,18334.57,0.0,MATCHED
TXN001817,ORD001817,CUST00370,9071.63,2026-08-18,SUCCESS,102.84,18.51,0.0,8950.28,SET001770,8950.28,0.0,MATCHED
TXN001818,ORD001818,CUST00264,8669.09,2026-08-14,SUCCESS,134.53,24.22,0.0,8510.34,SET001771,8510.34,0.0,MATCHED
TXN001819,ORD001819,CUST00125,8842.15,2026-08-22,SUCCESS,214.06,38.53,5233.86,3355.7,SET001772,3355.7,0.0,MATCHED
TXN001820,ORD001820,CUST00621,5054.06,2026-08-19,SUCCESS,59.44,10.7,0.0,4983.92,SET001773,4983.92,0.0,MATCHED
TXN001821,ORD001821,CUST00666,16263.36,2026-08-06,SUCCESS,337.93,60.83,0.0,15864.6,SET001774,15864.6,0.0,MATCHED
TXN001822,ORD001822,CUST00292,8942.22,2026-08-22,SUCCESS,147.79,26.6,0.0,8767.83,SET001775,8767.83,0.0,MATCHED
TXN001823,ORD001823,CUST00523,12238.59,2026-08-24,SUCCESS,291.28,52.43,0.0,11894.88,SET001776,11894.88,0.0,MATCHED
TXN001824,ORD001824,CUST00458,22251.85,2026-08-13,SUCCESS,373.96,67.31,0.0,21810.58,SET001777,21810.58,0.0,MATCHED
TXN001825,ORD001825,CUST00629,7234.44,2026-08-21,SUCCESS,145.44,26.18,1971.65,,,5091.17,,MISSING_SETTLEMENT
TXN001826,ORD001826,CUST00149,21719.62,2026-08-21,SUCCESS,255.81,46.05,0.0,21417.76,SET001778,21417.76,0.0,MATCHED
TXN001827,ORD001827,CUST00346,10603.23,2026-08-20,SUCCESS,219.52,39.51,0.0,10344.2,SET001779,10344.2,0.0,MATCHED
TXN001828,ORD001828,CUST00586,10178.84,2026-08-03,SUCCESS,130.88,23.56,0.0,10024.4,SET001780,10024.4,0.0,MATCHED
TXN001829,ORD001829,CUST00082,4133.79,2026-08-08,SUCCESS,94.78,17.06,0.0,4021.95,SET001781,4021.95,0.0,MATCHED
TXN001830,ORD001830,CUST00322,7990.27,2026-08-10,SUCCESS,173.64,31.26,0.0,7110.84,SET001782,7785.37,674.53,UNDER_SETTLED
TXN001831,ORD001831,CUST00274,15174.09,2026-08-13,SUCCESS,217.28,39.11,0.0,14917.7,SET001783,14917.7,0.0,MATCHED
TXN001832,ORD001832,CUST00278,22203.53,2026-08-25,SUCCESS,386.62,69.59,0.0,21747.32,SET001784,21747.32,0.0,MATCHED
TXN001833,ORD001833,CUST00372,18722.6,2026-08-17,SUCCESS,223.79,40.28,0.0,18458.53,SET001785,18458.53,0.0,MATCHED
TXN001834,ORD001834,CUST00462,10408.33,2026-08-06,SUCCESS,237.78,42.8,0.0,10127.75,SET001786,10127.75,0.0,MATCHED
TXN001835,ORD001835,CUST00024,3213.49,2026-08-08,SUCCESS,61.06,10.99,0.0,3141.44,SET001787,3141.44,0.0,MATCHED
TXN001836,ORD001836,CUST00678,6366.01,2026-08-24,SUCCESS,158.69,28.56,3037.25,3141.51,SET001788,3141.51,0.0,MATCHED
TXN001837,ORD001837,CUST00082,5343.23,2026-08-13,SUCCESS,76.11,13.7,0.0,5253.42,SET001789,5253.42,0.0,MATCHED
TXN001838,ORD001838,CUST00106,2479.29,2026-08-16,SUCCESS,49.98,9.0,0.0,2420.31,SET001790,2420.31,0.0,MATCHED
TXN001839,ORD001839,CUST00562,1440.25,2026-08-25,SUCCESS,23.44,4.22,920.66,491.93,SET001791,491.93,0.0,MATCHED
TXN001840,ORD001840,CUST00407,13147.17,2026-08-03,SUCCESS,212.04,38.17,0.0,12896.96,SET001792,12896.96,0.0,MATCHED
TXN001841,ORD001841,CUST00107,6635.06,2026-08-05,SUCCESS,80.88,14.56,0.0,6539.62,SET001793,6539.62,0.0,MATCHED
TXN001842,ORD001842,CUST00087,16405.33,2026-08-13,SUCCESS,235.46,42.38,9999.99,6127.5,SET001794,6127.5,0.0,MATCHED
TXN001843,ORD001843,CUST00317,5810.96,2026-08-24,SUCCESS,80.93,14.57,0.0,5715.46,SET001795,5715.46,0.0,MATCHED
TXN001844,ORD001844,CUST00291,11134.69,2026-08-05,SUCCESS,214.51,38.61,0.0,10881.57,SET001796,10881.57,0.0,MATCHED
TXN001845,ORD001845,CUST00135,13215.88,2026-08-06,SUCCESS,312.03,56.17,0.0,12847.68,SET001797,12847.68,0.0,MATCHED
TXN001846,ORD001846,CUST00030,975.36,2026-08-12,SUCCESS,15.16,2.73,0.0,957.47,SET001798,957.47,0.0,MATCHED
TXN001847,ORD001847,CUST00334,21619.6,2026-08-15,SUCCESS,438.1,78.86,0.0,21102.64,SET001799,21102.64,0.0,MATCHED
TXN001848,ORD001848,CUST00554,23377.95,2026-08-18,SUCCESS,394.44,71.0,0.0,22912.51,SET001800,22912.51,0.0,MATCHED
TXN001849,ORD001849,CUST00456,3464.36,2026-08-23,SUCCESS,35.18,6.33,0.0,3422.85,SET001801,3422.85,0.0,MATCHED
TXN001850,ORD001850,CUST00553,4508.21,2026-08-20,SUCCESS,54.09,9.74,0.0,4444.38,SET001802,4444.38,0.0,MATCHED
TXN001851,ORD001851,CUST00468,15813.08,2026-08-21,SUCCESS,234.8,42.26,0.0,15536.02,SET001803,15536.02,0.0,MATCHED
TXN001852,ORD001852,CUST00578,10930.94,2026-08-21,SUCCESS,222.94,40.13,0.0,10667.87,SET001804,10667.87,0.0,MATCHED
TXN001853,ORD001853,CUST00655,13391.22,2026-08-12,SUCCESS,271.88,48.94,0.0,13070.4,SET001805,13070.4,0.0,MATCHED
TXN001854,ORD001854,CUST00494,13537.74,2026-08-26,SUCCESS,280.23,50.44,0.0,13207.07,SET001806,13207.07,0.0,MATCHED
TXN001855,ORD001855,CUST00092,11102.32,2026-08-12,SUCCESS,229.01,41.22,0.0,10832.09,SET001807,10832.09,0.0,MATCHED
TXN001856,ORD001856,CUST00423,6569.2,2026-08-10,SUCCESS,138.23,24.88,0.0,6406.09,SET001808,6406.09,0.0,MATCHED
TXN001857,ORD001857,CUST00011,102.3,2026-08-25,SUCCESS,1.42,0.26,0.0,100.62,SET001809,100.62,0.0,MATCHED
TXN001858,ORD001858,CUST00140,8662.73,2026-08-16,SUCCESS,99.01,17.82,0.0,8545.9,SET001810,8545.9,0.0,MATCHED
TXN001859,ORD001859,CUST00548,307.1,2026-08-16,SUCCESS,3.34,0.6,0.0,303.16,SET001811,303.16,0.0,MATCHED
TXN001860,ORD001860,CUST00489,7560.3,2026-08-25,SUCCESS,113.35,20.4,0.0,7426.55,SET001812,7426.55,0.0,MATCHED
TXN001861,ORD001861,CUST00441,19969.32,2026-08-20,SUCCESS,270.04,48.61,0.0,19650.67,SET001813,19650.67,0.0,MATCHED
TXN001862,ORD001862,CUST00237,19939.51,2026-08-18,SUCCESS,471.04,84.79,0.0,19383.68,SET001814,19383.68,0.0,MATCHED
TXN001863,ORD001863,CUST00383,4795.42,2026-08-18,SUCCESS,119.65,21.54,0.0,4654.23,SET001815,4654.23,0.0,MATCHED
TXN001864,ORD001864,CUST00448,9929.33,2026-08-06,SUCCESS,239.2,43.06,0.0,9647.07,SET001816,9647.07,0.0,MATCHED
TXN001865,ORD001865,CUST00662,9804.11,2026-08-13,SUCCESS,240.28,43.25,0.0,9520.58,SET001817,9520.58,0.0,MATCHED
TXN001866,ORD001866,CUST00226,6648.21,2026-08-14,SUCCESS,126.14,22.71,0.0,6252.09,SET001818,6499.36,247.27,UNDER_SETTLED
TXN001867,ORD001867,CUST00641,6065.09,2026-08-25,SUCCESS,128.72,23.17,0.0,5913.2,SET001819,5913.2,0.0,MATCHED
TXN001868,ORD001868,CUST00628,20208.62,2026-08-22,SUCCESS,215.88,38.86,0.0,19953.88,SET001820,19953.88,0.0,MATCHED
TXN001869,ORD001869,CUST00279,7188.45,2026-08-24,SUCCESS,99.24,17.86,0.0,7071.35,SET001821,7071.35,0.0,MATCHED
TXN001870,ORD001870,CUST00545,20239.34,2026-08-14,SUCCESS,390.52,70.29,6363.15,13415.38,SET001822,13415.38,0.0,MATCHED
TXN001871,ORD001871,CUST00193,21351.7,2026-08-06,SUCCESS,310.4,55.87,4981.9,16003.53,SET001823,16003.53,0.0,MATCHED
TXN001872,ORD001872,CUST00140,7310.92,2026-08-21,SUCCESS,116.39,20.95,0.0,,,7173.58,,MISSING_SETTLEMENT
TXN001873,ORD001873,CUST00467,15481.46,2026-08-09,SUCCESS,240.95,43.37,0.0,15197.14,SET001824,15197.14,0.0,MATCHED
TXN001874,ORD001874,CUST00638,12350.7,2026-08-11,SUCCESS,302.85,54.51,0.0,11993.34,SET001825,11993.34,0.0,MATCHED
TXN001875,ORD001875,CUST00020,3888.52,2026-08-18,SUCCESS,71.52,12.87,0.0,3804.13,SET001826,3804.13,0.0,MATCHED
TXN001876,ORD001876,CUST00023,4729.85,2026-08-04,SUCCESS,88.48,15.93,0.0,4625.44,SET001827,4625.44,0.0,MATCHED
TXN001877,ORD001877,CUST00289,6802.96,2026-08-23,SUCCESS,94.59,17.03,0.0,6691.34,SET001828,6691.34,0.0,MATCHED
TXN001878,ORD001878,CUST00449,18204.97,2026-08-08,SUCCESS,319.61,57.53,0.0,17827.83,SET001829,17827.83,0.0,MATCHED
TXN001879,ORD001879,CUST00093,3852.02,2026-08-16,SUCCESS,92.27,16.61,0.0,3743.14,SET001830,3743.14,0.0,MATCHED
TXN001880,ORD001880,CUST00223,8613.63,2026-08-10,SUCCESS,199.56,35.92,3554.98,4823.17,SET001831,4823.17,0.0,MATCHED
TXN001881,ORD001881,CUST00511,24949.29,2026-08-15,SUCCESS,298.86,53.79,0.0,24596.64,SET001832,24596.64,0.0,MATCHED
TXN001882,ORD001882,CUST00033,8323.19,2026-08-25,SUCCESS,122.85,22.11,0.0,8178.23,SET001833,8178.23,0.0,MATCHED
TXN001883,ORD001883,CUST00150,1495.35,2026-08-25,SUCCESS,26.85,4.83,0.0,1463.67,SET001834,1463.67,0.0,MATCHED
TXN001884,ORD001884,CUST00402,1877.48,2026-08-16,SUCCESS,22.77,4.1,0.0,1850.61,SET001835,1850.61,0.0,MATCHED
TXN001885,ORD001885,CUST00186,4885.59,2026-08-09,SUCCESS,57.42,10.34,0.0,4817.83,SET001836,4817.83,0.0,MATCHED
TXN001886,ORD001886,CUST00391,20723.48,2026-08-04,SUCCESS,220.96,39.77,0.0,20462.75,SET001837,20462.75,0.0,MATCHED
TXN001887,ORD001887,CUST00255,9681.47,2026-08-15,SUCCESS,115.38,20.77,0.0,9545.32,SET001838,9545.32,0.0,MATCHED
TXN001888,ORD001888,CUST00254,18466.71,2026-08-02,SUCCESS,426.12,76.7,0.0,17963.89,SET001839,17963.89,0.0,MATCHED
TXN001889,ORD001889,CUST00204,11574.78,2026-08-25,SUCCESS,260.69,46.92,0.0,11267.17,SET001840,11267.17,0.0,MATCHED
TXN001890,ORD001890,CUST00097,13076.36,2026-08-07,SUCCESS,277.45,49.94,10910.0,1838.97,SET001841,1838.97,0.0,MATCHED
TXN001891,ORD001891,CUST00485,9789.16,2026-08-10,SUCCESS,233.9,42.1,0.0,9513.16,SET001842,9513.16,0.0,MATCHED
TXN001892,ORD001892,CUST00331,4049.42,2026-08-24,SUCCESS,57.68,10.38,0.0,3981.36,SET001843,3981.36,0.0,MATCHED
TXN001893,ORD001893,CUST00044,18643.64,2026-08-18,SUCCESS,431.68,77.7,0.0,18134.26,SET001844,18134.26,0.0,MATCHED
TXN001894,ORD001894,CUST00534,3141.32,2026-08-16,SUCCESS,60.29,10.85,0.0,3070.18,SET001845,3070.18,0.0,MATCHED
TXN001895,ORD001895,CUST00654,7540.45,2026-08-12,SUCCESS,161.54,29.08,0.0,7349.83,SET001846,7349.83,0.0,MATCHED
TXN001896,ORD001896,CUST00054,21605.08,2026-08-07,SUCCESS,301.53,54.28,0.0,,,21249.27,,MISSING_SETTLEMENT
TXN001897,ORD001897,CUST00116,5975.55,2026-08-14,SUCCESS,87.81,15.81,0.0,5871.93,SET001847,5871.93,0.0,MATCHED
TXN001898,ORD001898,CUST00333,475.19,2026-08-26,SUCCESS,11.11,2.0,0.0,462.08,SET001848,462.08,0.0,MATCHED
TXN001899,ORD001899,CUST00283,14658.95,2026-08-13,SUCCESS,215.97,38.87,0.0,14404.11,SET001849,14404.11,0.0,MATCHED
TXN001900,ORD001900,CUST00249,322.35,2026-08-02,SUCCESS,8.03,1.45,0.0,312.87,SET001850,312.87,0.0,MATCHED
TXN001901,ORD001901,CUST00596,19608.53,2026-08-16,SUCCESS,420.7,75.73,0.0,19112.1,SET001851,19112.1,0.0,MATCHED
TXN001902,ORD001902,CUST00611,3959.3,2026-08-25,SUCCESS,48.58,8.74,0.0,3901.98,SET001852,3901.98,0.0,MATCHED
TXN001903,ORD001903,CUST00092,6293.18,2026-08-16,SUCCESS,143.46,25.82,0.0,6123.9,SET001853,6123.9,0.0,MATCHED
TXN001904,ORD001904,CUST00094,17180.02,2026-08-11,SUCCESS,341.22,61.42,0.0,16777.38,SET001854,16777.38,0.0,MATCHED
TXN001905,ORD001905,CUST00641,1595.3,2026-08-12,SUCCESS,35.05,6.31,0.0,1553.94,SET001855,1553.94,0.0,MATCHED
TXN001906,ORD001906,CUST00661,3932.57,2026-08-18,SUCCESS,42.47,7.64,0.0,3882.46,SET001856,3882.46,0.0,MATCHED
TXN001907,ORD001907,CUST00110,3233.1,2026-08-08,SUCCESS,39.54,7.12,0.0,3186.44,SET001857,3186.44,0.0,MATCHED
TXN001908,ORD001908,CUST00325,24543.73,2026-08-26,SUCCESS,330.06,59.41,0.0,24154.26,SET001858,24154.26,0.0,MATCHED
TXN001909,ORD001909,CUST00661,18941.77,2026-08-26,SUCCESS,199.61,35.93,0.0,18706.23,SET001859,18706.23,0.0,MATCHED
TXN001910,ORD001910,CUST00450,18356.4,2026-08-01,SUCCESS,255.22,45.94,0.0,18055.24,SET001860,18055.24,0.0,MATCHED
TXN001911,ORD001911,CUST00387,9018.37,2026-08-05,SUCCESS,185.68,33.42,0.0,8799.27,SET001861,8799.27,0.0,MATCHED
TXN001912,ORD001912,CUST00257,22476.71,2026-08-16,SUCCESS,371.91,66.94,0.0,22037.86,SET001862,22037.86,0.0,MATCHED
TXN001913,ORD001913,CUST00449,14019.72,2026-08-18,SUCCESS,349.48,62.91,0.0,13607.33,SET001863,13607.33,0.0,MATCHED
TXN001914,ORD001914,CUST00502,4825.42,2026-08-06,SUCCESS,115.37,20.77,0.0,4689.28,SET001864,4689.28,0.0,MATCHED
TXN001915,ORD001915,CUST00557,8756.85,2026-08-24,SUCCESS,92.93,16.73,0.0,8647.19,SET001865,8647.19,0.0,MATCHED
TXN001916,ORD001916,CUST00480,6955.58,2026-08-20,SUCCESS,106.75,19.21,0.0,6829.62,SET001866,6829.62,0.0,MATCHED
TXN001917,ORD001917,CUST00568,4092.55,2026-08-17,SUCCESS,84.45,15.2,0.0,3992.9,SET001867,3992.9,0.0,MATCHED
TXN001918,ORD001918,CUST00159,11289.67,2026-08-09,SUCCESS,195.06,35.11,0.0,11059.5,SET001868,11059.5,0.0,MATCHED
TXN001919,ORD001919,CUST00555,9241.11,2026-08-01,SUCCESS,160.75,28.93,0.0,9051.43,SET001869,9051.43,0.0,MATCHED
TXN001920,ORD001920,CUST00654,12698.35,2026-08-24,SUCCESS,288.09,51.86,0.0,12358.4,SET001870,12358.4,0.0,MATCHED
TXN001921,ORD001921,CUST00190,22085.02,2026-08-20,SUCCESS,508.03,91.45,0.0,21485.54,SET001871,21485.54,0.0,MATCHED
TXN001922,ORD001922,CUST00373,19422.81,2026-08-08,SUCCESS,230.25,41.45,0.0,19151.11,SET001872,19151.11,0.0,MATCHED
TXN001923,ORD001923,CUST00329,18052.99,2026-08-22,SUCCESS,205.87,37.06,0.0,17810.06,SET001873,17810.06,0.0,MATCHED
TXN001924,ORD001924,CUST00552,20494.34,2026-08-07,SUCCESS,471.83,84.93,0.0,19937.58,SET001874,19937.58,0.0,MATCHED
TXN001925,ORD001925,CUST00537,17112.28,2026-08-25,SUCCESS,217.49,39.15,0.0,16855.64,SET001875,16855.64,0.0,MATCHED
TXN001926,ORD001926,CUST00565,3937.87,2026-08-10,SUCCESS,49.32,8.88,971.18,2908.49,SET001876,2908.49,0.0,MATCHED
TXN001927,ORD001927,CUST00331,10304.13,2026-08-11,SUCCESS,181.67,32.7,0.0,10089.76,SET001877,10089.76,0.0,MATCHED
TXN001928,ORD001928,CUST00114,2496.78,2026-08-22,SUCCESS,35.18,6.33,0.0,2455.27,SET001878,2455.27,0.0,MATCHED
TXN001929,ORD001929,CUST00069,1190.05,2026-08-05,SUCCESS,27.8,5.0,0.0,1157.25,SET001879,1157.25,0.0,MATCHED
TXN001930,ORD001930,CUST00183,21849.97,2026-08-07,SUCCESS,410.46,73.88,3601.83,17763.8,SET001880,17763.8,0.0,MATCHED
TXN001931,ORD001931,CUST00110,12185.72,2026-08-04,SUCCESS,228.52,41.13,0.0,11916.07,SET001881,11916.07,0.0,MATCHED
TXN001932,ORD001932,CUST00033,14318.2,2026-08-13,SUCCESS,351.86,63.33,0.0,13903.01,SET001882,13903.01,0.0,MATCHED
TXN001933,ORD001933,CUST00674,12298.75,2026-08-20,SUCCESS,220.03,39.61,0.0,12039.11,SET001883,12039.11,0.0,MATCHED
TXN001934,ORD001934,CUST00605,6472.87,2026-08-12,SUCCESS,120.15,21.63,0.0,6331.09,SET001884,6331.09,0.0,MATCHED
TXN001935,ORD001935,CUST00227,15188.25,2026-08-03,SUCCESS,246.75,44.41,0.0,14897.09,SET001885,14897.09,0.0,MATCHED
TXN001936,ORD001936,CUST00014,23262.25,2026-08-07,SUCCESS,259.43,46.7,0.0,22956.12,SET001886,22956.12,0.0,MATCHED
TXN001937,ORD001937,CUST00672,12336.0,2026-08-03,SUCCESS,265.52,47.79,0.0,12022.69,SET001887,12022.69,0.0,MATCHED
TXN001938,ORD001938,CUST00480,20045.4,2026-08-02,SUCCESS,403.99,72.72,0.0,19568.69,SET001888,19568.69,0.0,MATCHED
TXN001939,ORD001939,CUST00370,13994.7,2026-08-14,SUCCESS,326.22,58.72,0.0,13609.76,SET001889,13609.76,0.0,MATCHED
TXN001940,ORD001940,CUST00378,19876.81,2026-08-02,SUCCESS,206.51,37.17,16774.16,2858.97,SET001890,2858.97,0.0,MATCHED
TXN001941,ORD001941,CUST00632,6718.81,2026-08-02,SUCCESS,135.85,24.45,0.0,6558.51,SET001891,6558.51,0.0,MATCHED
TXN001942,ORD001942,CUST00073,20877.97,2026-08-03,SUCCESS,421.94,75.95,0.0,20380.08,SET001892,20380.08,0.0,MATCHED
TXN001943,ORD001943,CUST00222,24018.61,2026-08-04,SUCCESS,382.2,68.8,7770.23,,,15797.38,,MISSING_SETTLEMENT
TXN001944,ORD001944,CUST00104,18156.78,2026-08-18,SUCCESS,342.35,61.62,0.0,17752.81,SET001893,17752.81,0.0,MATCHED
TXN001945,ORD001945,CUST00395,4817.56,2026-08-17,SUCCESS,116.91,21.04,0.0,4679.61,SET001894,4679.61,0.0,MATCHED
TXN001946,ORD001946,CUST00673,6294.2,2026-08-21,SUCCESS,141.96,25.55,0.0,6126.69,SET001895,6126.69,0.0,MATCHED
TXN001947,ORD001947,CUST00184,14004.74,2026-08-18,SUCCESS,172.35,31.02,13580.74,220.63,SET001896,220.63,0.0,MATCHED
TXN001948,ORD001948,CUST00426,18678.1,2026-08-25,SUCCESS,209.49,37.71,0.0,18430.9,SET001897,18430.9,0.0,MATCHED
TXN001949,ORD001949,CUST00654,14456.44,2026-08-22,SUCCESS,324.7,58.45,0.0,14073.29,SET001898,14073.29,0.0,MATCHED
TXN001950,ORD001950,CUST00470,17593.51,2026-08-14,SUCCESS,349.99,63.0,0.0,17180.52,SET001899,17180.52,0.0,MATCHED
TXN001951,ORD001951,CUST00107,4253.55,2026-08-06,SUCCESS,71.51,12.87,0.0,4169.17,SET001900,4169.17,0.0,MATCHED
TXN001952,ORD001952,CUST00564,10098.77,2026-08-11,SUCCESS,245.68,44.22,0.0,9808.87,SET001901,9808.87,0.0,MATCHED
TXN001953,ORD001953,CUST00674,4038.59,2026-08-20,SUCCESS,76.38,13.75,0.0,3948.46,SET001902,3948.46,0.0,MATCHED
TXN001954,ORD001954,CUST00454,23344.65,2026-08-11,SUCCESS,235.48,42.39,0.0,23066.78,SET001903,23066.78,0.0,MATCHED
TXN001955,ORD001955,CUST00564,24787.43,2026-08-11,SUCCESS,608.45,109.52,0.0,24069.46,SET001904,24069.46,0.0,MATCHED
TXN001956,ORD001956,CUST00381,10367.35,2026-08-21,SUCCESS,205.72,37.03,0.0,10124.6,SET001905,10124.6,0.0,MATCHED
TXN001957,ORD001957,CUST00441,20671.26,2026-08-11,SUCCESS,501.56,90.28,0.0,20079.42,SET001906,20079.42,0.0,MATCHED
TXN001958,ORD001958,CUST00624,6093.99,2026-08-18,SUCCESS,90.64,16.32,0.0,5987.03,SET001907,5987.03,0.0,MATCHED
TXN001959,ORD001959,CUST00220,9439.07,2026-08-18,SUCCESS,197.97,35.63,0.0,9205.47,SET001908,9205.47,0.0,MATCHED
TXN001960,ORD001960,CUST00261,9064.21,2026-08-15,SUCCESS,190.48,34.29,6551.95,2287.49,SET001909,2287.49,0.0,MATCHED
TXN001961,ORD001961,CUST00459,23999.63,2026-08-01,SUCCESS,584.66,105.24,0.0,23309.73,SET001910,23309.73,0.0,MATCHED
TXN001962,ORD001962,CUST00036,24575.62,2026-08-20,SUCCESS,455.57,82.0,0.0,24038.05,SET001911,24038.05,0.0,MATCHED
TXN001963,ORD001963,CUST00017,12988.47,2026-08-10,SUCCESS,171.06,30.79,0.0,12786.62,SET001912,12786.62,0.0,MATCHED
TXN001964,ORD001964,CUST00007,7578.32,2026-08-08,SUCCESS,81.32,14.64,0.0,7482.36,SET001913,7482.36,0.0,MATCHED
TXN001965,ORD001965,CUST00220,21407.44,2026-08-01,SUCCESS,420.76,75.74,0.0,20910.94,SET001914,20910.94,0.0,MATCHED
TXN001966,ORD001966,CUST00283,22985.89,2026-08-17,SUCCESS,341.28,61.43,0.0,22583.18,SET001915,22583.18,0.0,MATCHED
TXN001967,ORD001967,CUST00570,14309.64,2026-08-19,SUCCESS,155.02,27.9,0.0,14126.72,SET001916,14126.72,0.0,MATCHED
TXN001968,ORD001968,CUST00159,2447.75,2026-08-15,SUCCESS,27.07,4.87,0.0,2415.81,SET001917,2415.81,0.0,MATCHED
TXN001969,ORD001969,CUST00365,3987.07,2026-08-09,SUCCESS,96.8,17.42,0.0,3872.85,SET001918,3872.85,0.0,MATCHED
TXN001970,ORD001970,CUST00376,22251.67,2026-08-08,SUCCESS,349.82,62.97,10779.2,11059.68,SET001919,11059.68,0.0,MATCHED
TXN001971,ORD001971,CUST00239,6480.47,2026-08-10,SUCCESS,103.58,18.64,0.0,6358.25,SET001920,6358.25,0.0,MATCHED
TXN001972,ORD001972,CUST00095,14305.13,2026-08-19,SUCCESS,181.25,32.62,0.0,14091.26,SET001921,14091.26,0.0,MATCHED
TXN001973,ORD001973,CUST00223,18383.22,2026-08-24,SUCCESS,449.94,80.99,0.0,17852.29,SET001922,17852.29,0.0,MATCHED
TXN001974,ORD001974,CUST00333,19843.31,2026-08-06,SUCCESS,456.05,82.09,0.0,19305.17,SET001923,19305.17,0.0,MATCHED
TXN001975,ORD001975,CUST00500,20660.06,2026-08-23,SUCCESS,234.24,42.16,0.0,20383.66,SET001924,20383.66,0.0,MATCHED
TXN001976,ORD001976,CUST00591,20505.93,2026-08-04,SUCCESS,467.23,84.1,0.0,19954.6,SET001925,19954.6,0.0,MATCHED
TXN001977,ORD001977,CUST00610,16092.14,2026-08-02,SUCCESS,200.25,36.05,0.0,15855.84,SET001926,15855.84,0.0,MATCHED
TXN001978,ORD001978,CUST00591,9600.5,2026-08-25,SUCCESS,208.26,37.49,0.0,,,9354.75,,MISSING_SETTLEMENT
TXN001979,ORD001979,CUST00058,23054.6,2026-08-11,SUCCESS,329.08,59.23,0.0,22666.29,SET001927,22666.29,0.0,MATCHED
TXN001980,ORD001980,CUST00357,22006.83,2026-08-14,SUCCESS,468.49,84.33,0.0,20867.37,SET001928,21454.01,586.64,UNDER_SETTLED
TXN001981,ORD001981,CUST00427,23263.13,2026-08-04,SUCCESS,460.87,82.96,0.0,22719.3,SET001929,22719.3,0.0,MATCHED
TXN001982,ORD001982,CUST00233,18717.2,2026-08-20,SUCCESS,221.03,39.79,0.0,18456.38,SET001930,18456.38,0.0,MATCHED
TXN001983,ORD001983,CUST00012,15883.79,2026-08-21,SUCCESS,275.79,49.64,0.0,15558.36,SET001931,15558.36,0.0,MATCHED
TXN001984,ORD001984,CUST00392,1447.79,2026-08-17,SUCCESS,23.87,4.3,0.0,1419.62,SET001932,1419.62,0.0,MATCHED
TXN001985,ORD001985,CUST00043,8050.98,2026-08-19,SUCCESS,177.89,32.02,0.0,,,7841.07,,MISSING_SETTLEMENT
TXN001986,ORD001986,CUST00154,8238.11,2026-08-23,SUCCESS,120.7,21.73,0.0,8095.68,SET001933,8095.68,0.0,MATCHED
TXN001987,ORD001987,CUST00227,3914.62,2026-08-22,SUCCESS,79.37,14.29,0.0,3820.96,SET001934,3820.96,0.0,MATCHED
TXN001988,ORD001988,CUST00403,24278.9,2026-08-25,SUCCESS,290.6,52.31,0.0,23935.99,SET001935,23935.99,0.0,MATCHED
TXN001989,ORD001989,CUST00610,14423.85,2026-08-03,SUCCESS,288.23,51.88,0.0,14083.74,SET001936,14083.74,0.0,MATCHED
TXN001990,ORD001990,CUST00228,10855.2,2026-08-26,SUCCESS,244.03,43.93,0.0,10567.24,SET001937,10567.24,0.0,MATCHED
TXN001991,ORD001991,CUST00404,3785.51,2026-08-11,SUCCESS,66.96,12.05,0.0,3706.5,SET001938,3706.5,0.0,MATCHED
TXN001992,ORD001992,CUST00085,11948.78,2026-08-24,SUCCESS,207.24,37.3,0.0,11704.24,SET001939,11704.24,0.0,MATCHED
TXN001993,ORD001993,CUST00051,13748.99,2026-08-09,SUCCESS,320.09,57.62,0.0,13371.28,SET001940,13371.28,0.0,MATCHED
TXN001994,ORD001994,CUST00088,10023.32,2026-08-14,SUCCESS,171.87,30.94,0.0,9820.51,SET001941,9820.51,0.0,MATCHED
TXN001995,ORD001995,CUST00134,19074.62,2026-08-16,SUCCESS,351.85,63.33,0.0,18659.44,SET001942,18659.44,0.0,MATCHED
TXN001996,ORD001996,CUST00573,5032.9,2026-08-13,SUCCESS,82.27,14.81,0.0,4935.82,SET001943,4935.82,0.0,MATCHED
TXN001997,ORD001997,CUST00668,14326.13,2026-08-18,SUCCESS,305.83,55.05,0.0,13965.25,SET001944,13965.25,0.0,MATCHED
TXN001998,ORD001998,CUST00631,24927.26,2026-08-17,SUCCESS,552.51,99.45,0.0,24275.3,SET001945,24275.3,0.0,MATCHED
TXN001999,ORD001999,CUST00253,6133.65,2026-08-09,SUCCESS,117.82,21.21,0.0,5994.62,SET001946,5994.62,0.0,MATCHED
TXN002000,ORD002000,CUST00441,8152.95,2026-08-19,SUCCESS,134.62,24.23,0.0,7994.1,SET001947,7994.1,0.0,MATCHED
