transaction_id,order_id,customer_id,amount,payment_date,payment_status
TXN000001,ORD000001,CUST00655,2872.14,2026-08-24,SUCCESS
TXN000002,ORD000002,CUST00282,6197.81,2026-08-05,SUCCESS
TXN000003,ORD000003,CUST00105,16949.82,2026-08-18,SUCCESS
TXN000004,ORD000004,CUST00090,14803.26,2026-08-02,SUCCESS
TXN000005,ORD000005,CUST00031,2433.01,2026-08-08,SUCCESS
TXN000006,ORD000006,CUST00518,15090.27,2026-08-18,SUCCESS
TXN000007,ORD000007,CUST00204,17928.89,2026-08-23,SUCCESS
TXN000008,ORD000008,CUST00559,10546.04,2026-08-15,SUCCESS
TXN000009,ORD000009,CUST00604,7026.95,2026-08-01,SUCCESS
TXN000010,ORD000010,CUST00164,17483.67,2026-08-11,SUCCESS
TXN000011,ORD000011,CUST00285,3971.44,2026-08-25,SUCCESS
TXN000012,ORD000012,CUST00345,2645.04,2026-08-13,SUCCESS
TXN000013,ORD000013,CUST00100,9038.59,2026-08-12,SUCCESS
TXN000014,ORD000014,CUST00619,6686.57,2026-08-02,SUCCESS
TXN000015,ORD000015,CUST00471,13452.08,2026-08-13,SUCCESS
TXN000016,ORD000016,CUST00081,13845.81,2026-08-21,SUCCESS
TXN000017,ORD000017,CUST00634,22147.75,2026-08-12,SUCCESS
TXN000018,ORD000018,CUST00592,4887.99,2026-08-03,SUCCESS
TXN000019,ORD000019,CUST00047,16565.46,2026-08-25,SUCCESS
TXN000020,ORD000020,CUST00297,24632.02,2026-08-08,SUCCESS
TXN000021,ORD000021,CUST00104,9565.14,2026-08-15,SUCCESS
TXN000022,ORD000022,CUST00651,20869.35,2026-08-06,SUCCESS
TXN000023,ORD000023,CUST00380,8946.24,2026-08-22,SUCCESS
TXN000024,ORD000024,CUST00274,17575.33,2026-08-22,SUCCESS
TXN000025,ORD000025,CUST00664,1877.92,2026-08-21,SUCCESS
TXN000026,ORD000026,CUST00176,13400.08,2026-08-08,SUCCESS
TXN000027,ORD000027,CUST00168,11610.28,2026-08-09,SUCCESS
TXN000028,ORD000028,CUST00656,17235.23,2026-08-08,SUCCESS
TXN000029,ORD000029,CUST00333,21087.01,2026-08-25,SUCCESS
TXN000030,ORD000030,CUST00058,5803.3,2026-08-02,SUCCESS
TXN000031,ORD000031,CUST00324,10089.0,2026-08-03,SUCCESS
TXN000032,ORD000032,CUST00217,22837.09,2026-08-19,SUCCESS
TXN000033,ORD000033,CUST00323,5394.4,2026-08-16,SUCCESS
TXN000034,ORD000034,CUST00406,22128.61,2026-08-21,SUCCESS
TXN000035,ORD000035,CUST00470,3657.5,2026-08-05,SUCCESS
TXN000036,ORD000036,CUST00253,18650.23,2026-08-18,SUCCESS
TXN000037,ORD000037,CUST00270,18700.64,2026-08-14,SUCCESS
TXN000038,ORD000038,CUST00598,10045.07,2026-08-08,SUCCESS
TXN000039,ORD000039,CUST00142,12787.2,2026-08-03,SUCCESS
TXN000040,ORD000040,CUST00049,21541.46,2026-08-05,SUCCESS
TXN000041,ORD000041,CUST00643,4083.55,2026-08-22,SUCCESS
TXN000042,ORD000042,CUST00433,14950.58,2026-08-13,SUCCESS
TXN000043,ORD000043,CUST00391,14937.62,2026-08-15,SUCCESS
TXN000044,ORD000044,CUST00542,6360.21,2026-08-18,SUCCESS
TXN000045,ORD000045,CUST00012,17039.06,2026-08-04,SUCCESS
TXN000046,ORD000046,CUST00699,22131.23,2026-08-25,SUCCESS
TXN000047,ORD000047,CUST00274,19238.11,2026-08-11,SUCCESS
TXN000048,ORD000048,CUST00115,7408.15,2026-08-06,SUCCESS
TXN000049,ORD000049,CUST00465,180.81,2026-08-24,SUCCESS
TXN000050,ORD000050,CUST00270,24300.01,2026-08-25,SUCCESS
TXN000051,ORD000051,CUST00183,12741.27,2026-08-04,SUCCESS
TXN000052,ORD000052,CUST00641,7531.28,2026-08-21,SUCCESS
TXN000053,ORD000053,CUST00520,15263.36,2026-08-05,SUCCESS
TXN000054,ORD000054,CUST00383,19086.52,2026-08-18,SUCCESS
TXN000055,ORD000055,CUST00544,22970.49,2026-08-20,SUCCESS
TXN000056,ORD000056,CUST00332,12266.28,2026-08-04,SUCCESS
TXN000057,ORD000057,CUST00372,21980.17,2026-08-26,SUCCESS
TXN000058,ORD000058,CUST00315,6062.36,2026-08-08,SUCCESS
TXN000059,ORD000059,CUST00581,23679.04,2026-08-03,SUCCESS
TXN000060,ORD000060,CUST00498,20418.98,2026-08-25,SUCCESS
TXN000061,ORD000061,CUST00546,19169.28,2026-08-05,SUCCESS
TXN000062,ORD000062,CUST00676,11934.53,2026-08-18,SUCCESS
TXN000063,ORD000063,CUST00170,6699.91,2026-08-20,SUCCESS
TXN000064,ORD000064,CUST00434,24112.64,2026-08-18,SUCCESS
TXN000065,ORD000065,CUST00206,17852.43,2026-08-13,SUCCESS
TXN000066,ORD000066,CUST00688,16281.96,2026-08-15,SUCCESS
TXN000067,ORD000067,CUST00530,11342.0,2026-08-08,SUCCESS
TXN000068,ORD000068,CUST00231,1694.24,2026-08-01,SUCCESS
TXN000069,ORD000069,CUST00603,13892.65,2026-08-19,SUCCESS
TXN000070,ORD000070,CUST00226,279.05,2026-08-23,SUCCESS
TXN000071,ORD000071,CUST00647,1565.96,2026-08-03,SUCCESS
TXN000072,ORD000072,CUST00033,21504.92,2026-08-03,SUCCESS
TXN000073,ORD000073,CUST00527,6026.32,2026-08-22,SUCCESS
TXN000074,ORD000074,CUST00498,5434.5,2026-08-05,SUCCESS
TXN000075,ORD000075,CUST00585,14447.67,2026-08-08,SUCCESS
TXN000076,ORD000076,CUST00485,20206.68,2026-08-07,SUCCESS
TXN000077,ORD000077,CUST00097,2513.58,2026-08-14,SUCCESS
TXN000078,ORD000078,CUST00363,10647.11,2026-08-15,SUCCESS
TXN000079,ORD000079,CUST00056,16866.78,2026-08-21,SUCCESS
TXN000080,ORD000080,CUST00101,1609.26,2026-08-24,SUCCESS
TXN000081,ORD000081,CUST00348,20034.75,2026-08-04,SUCCESS
TXN000082,ORD000082,CUST00255,4870.59,2026-08-18,SUCCESS
TXN000083,ORD000083,CUST00460,3590.54,2026-08-06,SUCCESS
TXN000084,ORD000084,CUST00286,11619.44,2026-08-03,SUCCESS
TXN000085,ORD000085,CUST00454,20219.75,2026-08-18,SUCCESS
TXN000086,ORD000086,CUST00101,1359.65,2026-08-18,SUCCESS
TXN000087,ORD000087,CUST00016,24228.01,2026-08-25,SUCCESS
TXN000088,ORD000088,CUST00243,4241.15,2026-08-16,SUCCESS
TXN000089,ORD000089,CUST00493,5422.31,2026-08-13,SUCCESS
TXN000090,ORD000090,CUST00061,4199.46,2026-08-01,SUCCESS
TXN000091,ORD000091,CUST00400,6703.56,2026-08-26,SUCCESS
TXN000092,ORD000092,CUST00466,7202.71,2026-08-23,SUCCESS
TXN000093,ORD000093,CUST00570,16580.6,2026-08-16,SUCCESS
TXN000094,ORD000094,CUST00159,4828.46,2026-08-07,SUCCESS
TXN000095,ORD000095,CUST00060,14521.59,2026-08-18,SUCCESS
TXN000096,ORD000096,CUST00063,18724.59,2026-08-02,SUCCESS
TXN000097,ORD000097,CUST00052,14646.02,2026-08-17,SUCCESS
TXN000098,ORD000098,CUST00544,4020.07,2026-08-17,SUCCESS
TXN000099,ORD000099,CUST00083,21298.43,2026-08-03,SUCCESS
TXN000100,ORD000100,CUST00610,1792.23,2026-08-08,SUCCESS
TXN000101,ORD000101,CUST00414,3085.18,2026-08-19,SUCCESS
TXN000102,ORD000102,CUST00253,14515.08,2026-08-02,SUCCESS
TXN000103,ORD000103,CUST00635,2141.39,2026-08-22,SUCCESS
TXN000104,ORD000104,CUST00598,14174.15,2026-08-11,SUCCESS
TXN000105,ORD000105,CUST00268,5186.05,2026-08-23,SUCCESS
TXN000106,ORD000106,CUST00322,6043.28,2026-08-13,SUCCESS
TXN000107,ORD000107,CUST00135,16825.09,2026-08-10,SUCCESS
TXN000108,ORD000108,CUST00469,7972.81,2026-08-25,SUCCESS
TXN000109,ORD000109,CUST00075,331.95,2026-08-20,SUCCESS
TXN000110,ORD000110,CUST00577,24902.8,2026-08-03,SUCCESS
TXN000111,ORD000111,CUST00551,5407.54,2026-08-09,SUCCESS
TXN000112,ORD000112,CUST00136,23338.16,2026-08-03,SUCCESS
TXN000113,ORD000113,CUST00251,9301.22,2026-08-06,SUCCESS
TXN000114,ORD000114,CUST00449,20860.25,2026-08-23,SUCCESS
TXN000115,ORD000115,CUST00310,15330.78,2026-08-26,SUCCESS
TXN000116,ORD000116,CUST00670,13270.62,2026-08-22,SUCCESS
TXN000117,ORD000117,CUST00568,7554.53,2026-08-22,SUCCESS
TXN000118,ORD000118,CUST00107,23479.36,2026-08-05,SUCCESS
TXN000119,ORD000119,CUST00271,2974.17,2026-08-04,SUCCESS
TXN000120,ORD000120,CUST00567,3970.65,2026-08-10,SUCCESS
TXN000121,ORD000121,CUST00620,5344.68,2026-08-11,SUCCESS
TXN000122,ORD000122,CUST00209,17218.68,2026-08-09,SUCCESS
TXN000123,ORD000123,CUST00518,12264.44,2026-08-02,SUCCESS
TXN000124,ORD000124,CUST00095,15893.68,2026-08-09,SUCCESS
TXN000125,ORD000125,CUST00046,188.29,2026-08-25,SUCCESS
TXN000126,ORD000126,CUST00134,15964.12,2026-08-09,SUCCESS
TXN000127,ORD000127,CUST00166,18556.65,2026-08-18,SUCCESS
TXN000128,ORD000128,CUST00438,14066.58,2026-08-04,SUCCESS
TXN000129,ORD000129,CUST00078,23631.77,2026-08-23,SUCCESS
TXN000130,ORD000130,CUST00153,13685.2,2026-08-12,SUCCESS
TXN000131,ORD000131,CUST00597,13857.87,2026-08-14,SUCCESS
TXN000132,ORD000132,CUST00131,1141.54,2026-08-12,SUCCESS
TXN000133,ORD000133,CUST00041,22483.22,2026-08-07,SUCCESS
TXN000134,ORD000134,CUST00699,6313.29,2026-08-04,SUCCESS
TXN000135,ORD000135,CUST00363,19524.89,2026-08-14,SUCCESS
TXN000136,ORD000136,CUST00636,18761.99,2026-08-08,SUCCESS
TXN000137,ORD000137,CUST00167,24407.53,2026-08-26,SUCCESS
TXN000138,ORD000138,CUST00182,22047.26,2026-08-01,SUCCESS
TXN000139,ORD000139,CUST00184,18440.46,2026-08-11,SUCCESS
TXN000140,ORD000140,CUST00422,20075.65,2026-08-24,SUCCESS
TXN000141,ORD000141,CUST00255,6743.46,2026-08-26,SUCCESS
TXN000142,ORD000142,CUST00111,9625.29,2026-08-02,SUCCESS
TXN000143,ORD000143,CUST00482,5638.6,2026-08-15,SUCCESS
TXN000144,ORD000144,CUST00359,7699.25,2026-08-26,SUCCESS
TXN000145,ORD000145,CUST00234,5650.8,2026-08-22,SUCCESS
TXN000146,ORD000146,CUST00198,10021.8,2026-08-09,SUCCESS
TXN000147,ORD000147,CUST00072,24175.54,2026-08-09,SUCCESS
TXN000148,ORD000148,CUST00360,16072.9,2026-08-13,SUCCESS
TXN000149,ORD000149,CUST00696,24530.63,2026-08-18,SUCCESS
TXN000150,ORD000150,CUST00340,23487.0,2026-08-04,SUCCESS
TXN000151,ORD000151,CUST00268,4546.34,2026-08-09,SUCCESS
TXN000152,ORD000152,CUST00040,2799.22,2026-08-14,SUCCESS
TXN000153,ORD000153,CUST00354,18240.77,2026-08-11,SUCCESS
TXN000154,ORD000154,CUST00447,15194.6,2026-08-17,SUCCESS
TXN000155,ORD000155,CUST00119,9691.37,2026-08-19,SUCCESS
TXN000156,ORD000156,CUST00195,6442.59,2026-08-23,SUCCESS
TXN000157,ORD000157,CUST00447,142.11,2026-08-26,SUCCESS
TXN000158,ORD000158,CUST00552,17202.74,2026-08-24,SUCCESS
TXN000159,ORD000159,CUST00687,5006.17,2026-08-14,SUCCESS
TXN000160,ORD000160,CUST00072,23726.97,2026-08-11,SUCCESS
TXN000161,ORD000161,CUST00639,7916.5,2026-08-04,SUCCESS
TXN000162,ORD000162,CUST00308,12727.35,2026-08-22,SUCCESS
TXN000163,ORD000163,CUST00419,8221.95,2026-08-23,SUCCESS
TXN000164,ORD000164,CUST00303,13904.87,2026-08-07,SUCCESS
TXN000165,ORD000165,CUST00431,16656.74,2026-08-13,SUCCESS
TXN000166,ORD000166,CUST00694,18728.55,2026-08-06,SUCCESS
TXN000167,ORD000167,CUST00631,14270.72,2026-08-13,SUCCESS
TXN000168,ORD000168,CUST00562,20859.76,2026-08-10,SUCCESS
TXN000169,ORD000169,CUST00294,5333.55,2026-08-26,SUCCESS
TXN000170,ORD000170,CUST00594,15205.87,2026-08-11,SUCCESS
TXN000171,ORD000171,CUST00477,11100.47,2026-08-22,SUCCESS
TXN000172,ORD000172,CUST00219,12828.23,2026-08-26,SUCCESS
TXN000173,ORD000173,CUST00174,16505.38,2026-08-10,SUCCESS
TXN000174,ORD000174,CUST00528,16629.96,2026-08-20,SUCCESS
TXN000175,ORD000175,CUST00344,2425.34,2026-08-25,SUCCESS
TXN000176,ORD000176,CUST00241,16852.61,2026-08-08,SUCCESS
TXN000177,ORD000177,CUST00204,3769.11,2026-08-02,SUCCESS
TXN000178,ORD000178,CUST00251,24600.01,2026-08-20,SUCCESS
TXN000179,ORD000179,CUST00075,11439.86,2026-08-21,SUCCESS
TXN000180,ORD000180,CUST00590,4941.44,2026-08-23,SUCCESS
TXN000181,ORD000181,CUST00394,12409.99,2026-08-08,SUCCESS
TXN000182,ORD000182,CUST00152,16435.84,2026-08-01,SUCCESS
TXN000183,ORD000183,CUST00110,19482.67,2026-08-08,SUCCESS
TXN000184,ORD000184,CUST00181,20122.34,2026-08-23,SUCCESS
TXN000185,ORD000185,CUST00531,11667.29,2026-08-18,SUCCESS
TXN000186,ORD000186,CUST00256,22945.0,2026-08-04,SUCCESS
TXN000187,ORD000187,CUST00468,3420.14,2026-08-15,SUCCESS
TXN000188,ORD000188,CUST00684,13325.18,2026-08-18,SUCCESS
TXN000189,ORD000189,CUST00610,8000.72,2026-08-25,SUCCESS
TXN000190,ORD000190,CUST00454,15355.04,2026-08-24,SUCCESS
TXN000191,ORD000191,CUST00517,10725.84,2026-08-18,SUCCESS
TXN000192,ORD000192,CUST00457,22440.48,2026-08-24,SUCCESS
TXN000193,ORD000193,CUST00487,11306.74,2026-08-25,SUCCESS
TXN000194,ORD000194,CUST00254,21012.59,2026-08-09,SUCCESS
TXN000195,ORD000195,CUST00534,12166.47,2026-08-08,SUCCESS
TXN000196,ORD000196,CUST00282,11052.83,2026-08-23,SUCCESS
TXN000197,ORD000197,CUST00293,5938.89,2026-08-11,SUCCESS
TXN000198,ORD000198,CUST00328,22336.37,2026-08-03,SUCCESS
TXN000199,ORD000199,CUST00142,3855.68,2026-08-13,SUCCESS
TXN000200,ORD000200,CUST00157,17689.84,2026-08-03,SUCCESS
TXN000201,ORD000201,CUST00425,10249.22,2026-08-18,SUCCESS
TXN000202,ORD000202,CUST00478,10452.78,2026-08-07,SUCCESS
TXN000203,ORD000203,CUST00431,9797.97,2026-08-25,SUCCESS
TXN000204,ORD000204,CUST00599,23656.94,2026-08-01,SUCCESS
TXN000205,ORD000205,CUST00590,9571.49,2026-08-01,SUCCESS
TXN000206,ORD000206,CUST00361,7535.46,2026-08-13,SUCCESS
TXN000207,ORD000207,CUST00430,13501.69,2026-08-24,SUCCESS
TXN000208,ORD000208,CUST00560,20016.72,2026-08-08,SUCCESS
TXN000209,ORD000209,CUST00500,5563.6,2026-08-14,SUCCESS
TXN000210,ORD000210,CUST00498,822.72,2026-08-11,SUCCESS
TXN000211,ORD000211,CUST00685,17010.63,2026-08-13,SUCCESS
TXN000212,ORD000212,CUST00170,21028.59,2026-08-05,SUCCESS
TXN000213,ORD000213,CUST00638,13399.68,2026-08-13,SUCCESS
TXN000214,ORD000214,CUST00607,14153.36,2026-08-01,SUCCESS
TXN000215,ORD000215,CUST00086,16104.47,2026-08-05,SUCCESS
TXN000216,ORD000216,CUST00473,4625.05,2026-08-09,SUCCESS
TXN000217,ORD000217,CUST00389,8251.08,2026-08-15,SUCCESS
TXN000218,ORD000218,CUST00335,8503.76,2026-08-13,SUCCESS
TXN000219,ORD000219,CUST00285,18825.04,2026-08-14,SUCCESS
TXN000220,ORD000220,CUST00259,20889.28,2026-08-16,SUCCESS
TXN000221,ORD000221,CUST00020,18750.7,2026-08-02,SUCCESS
TXN000222,ORD000222,CUST00359,5683.13,2026-08-03,SUCCESS
TXN000223,ORD000223,CUST00668,1102.43,2026-08-01,SUCCESS
TXN000224,ORD000224,CUST00254,5064.08,2026-08-01,SUCCESS
TXN000225,ORD000225,CUST00637,3894.32,2026-08-05,SUCCESS
TXN000226,ORD000226,CUST00485,16769.53,2026-08-19,SUCCESS
TXN000227,ORD000227,CUST00224,11679.35,2026-08-09,SUCCESS
TXN000228,ORD000228,CUST00378,4277.95,2026-08-20,SUCCESS
TXN000229,ORD000229,CUST00118,19467.02,2026-08-06,SUCCESS
TXN000230,ORD000230,CUST00319,2791.66,2026-08-01,SUCCESS
TXN000231,ORD000231,CUST00320,14437.34,2026-08-13,SUCCESS
TXN000232,ORD000232,CUST00407,23542.62,2026-08-07,SUCCESS
TXN000233,ORD000233,CUST00078,14843.24,2026-08-21,SUCCESS
TXN000234,ORD000234,CUST00249,2637.34,2026-08-25,SUCCESS
TXN000235,ORD000235,CUST00309,21272.3,2026-08-20,SUCCESS
TXN000236,ORD000236,CUST00124,19926.06,2026-08-19,SUCCESS
TXN000237,ORD000237,CUST00043,8745.37,2026-08-14,SUCCESS
TXN000238,ORD000238,CUST00678,9327.21,2026-08-17,SUCCESS
TXN000239,ORD000239,CUST00664,8596.66,2026-08-14,SUCCESS
TXN000240,ORD000240,CUST00502,2727.92,2026-08-12,SUCCESS
TXN000241,ORD000241,CUST00651,22300.22,2026-08-15,SUCCESS
TXN000242,ORD000242,CUST00157,10943.63,2026-08-24,SUCCESS
TXN000243,ORD000243,CUST00535,24140.3,2026-08-09,SUCCESS
TXN000244,ORD000244,CUST00631,20224.16,2026-08-18,SUCCESS
TXN000245,ORD000245,CUST00496,11675.36,2026-08-24,SUCCESS
TXN000246,ORD000246,CUST00607,6783.05,2026-08-08,SUCCESS
TXN000247,ORD000247,CUST00089,7045.31,2026-08-15,SUCCESS
TXN000248,ORD000248,CUST00250,18786.86,2026-08-19,SUCCESS
TXN000249,ORD000249,CUST00625,16737.89,2026-08-11,SUCCESS
TXN000250,ORD000250,CUST00030,12408.23,2026-08-11,SUCCESS
TXN000251,ORD000251,CUST00187,12239.99,2026-08-12,SUCCESS
TXN000252,ORD000252,CUST00265,8574.44,2026-08-20,SUCCESS
TXN000253,ORD000253,CUST00283,13939.2,2026-08-17,SUCCESS
TXN000254,ORD000254,CUST00196,2231.76,2026-08-24,SUCCESS
TXN000255,ORD000255,CUST00417,12265.59,2026-08-25,SUCCESS
TXN000256,ORD000256,CUST00247,17296.17,2026-08-21,SUCCESS
TXN000257,ORD000257,CUST00503,11259.55,2026-08-01,SUCCESS
TXN000258,ORD000258,CUST00096,7426.47,2026-08-13,SUCCESS
TXN000259,ORD000259,CUST00250,7724.53,2026-08-19,SUCCESS
TXN000260,ORD000260,CUST00378,11884.19,2026-08-17,SUCCESS
TXN000261,ORD000261,CUST00353,10695.04,2026-08-24,SUCCESS
TXN000262,ORD000262,CUST00564,8336.7,2026-08-23,SUCCESS
TXN000263,ORD000263,CUST00465,6845.82,2026-08-09,SUCCESS
TXN000264,ORD000264,CUST00237,3104.33,2026-08-07,SUCCESS
TXN000265,ORD000265,CUST00324,3076.91,2026-08-18,SUCCESS
TXN000266,ORD000266,CUST00190,4869.37,2026-08-24,SUCCESS
TXN000267,ORD000267,CUST00496,6984.84,2026-08-19,SUCCESS
TXN000268,ORD000268,CUST00538,14960.09,2026-08-04,SUCCESS
TXN000269,ORD000269,CUST00199,7476.54,2026-08-12,SUCCESS
TXN000270,ORD000270,CUST00184,7626.46,2026-08-23,SUCCESS
TXN000271,ORD000271,CUST00547,3251.92,2026-08-02,SUCCESS
TXN000272,ORD000272,CUST00056,13878.64,2026-08-23,SUCCESS
TXN000273,ORD000273,CUST00130,15982.95,2026-08-25,SUCCESS
TXN000274,ORD000274,CUST00503,2654.43,2026-08-01,SUCCESS
TXN000275,ORD000275,CUST00588,7180.05,2026-08-16,SUCCESS
TXN000276,ORD000276,CUST00452,8583.58,2026-08-02,SUCCESS
TXN000277,ORD000277,CUST00259,23532.48,2026-08-16,SUCCESS
TXN000278,ORD000278,CUST00117,20570.68,2026-08-13,SUCCESS
TXN000279,ORD000279,CUST00504,1944.65,2026-08-21,SUCCESS
TXN000280,ORD000280,CUST00055,3878.0,2026-08-26,SUCCESS
TXN000281,ORD000281,CUST00577,23733.23,2026-08-03,SUCCESS
TXN000282,ORD000282,CUST00255,3049.44,2026-08-25,SUCCESS
TXN000283,ORD000283,CUST00427,15197.31,2026-08-26,SUCCESS
TXN000284,ORD000284,CUST00634,5719.61,2026-08-17,SUCCESS
TXN000285,ORD000285,CUST00390,11317.81,2026-08-15,SUCCESS
TXN000286,ORD000286,CUST00305,21518.15,2026-08-14,SUCCESS
TXN000287,ORD000287,CUST00313,14258.87,2026-08-02,SUCCESS
TXN000288,ORD000288,CUST00625,24006.71,2026-08-04,SUCCESS
TXN000289,ORD000289,CUST00213,15675.32,2026-08-09,SUCCESS
TXN000290,ORD000290,CUST00677,2121.57,2026-08-08,SUCCESS
TXN000291,ORD000291,CUST00178,13844.61,2026-08-06,SUCCESS
TXN000292,ORD000292,CUST00003,10272.09,2026-08-23,SUCCESS
TXN000293,ORD000293,CUST00609,11800.82,2026-08-02,SUCCESS
TXN000294,ORD000294,CUST00238,7273.81,2026-08-10,SUCCESS
TXN000295,ORD000295,CUST00465,1872.38,2026-08-08,SUCCESS
TXN000296,ORD000296,CUST00271,19716.92,2026-08-21,SUCCESS
TXN000297,ORD000297,CUST00604,16563.46,2026-08-07,SUCCESS
TXN000298,ORD000298,CUST00436,2957.93,2026-08-08,SUCCESS
TXN000299,ORD000299,CUST00664,3809.84,2026-08-09,SUCCESS
TXN000300,ORD000300,CUST00146,1878.1,2026-08-06,SUCCESS
TXN000301,ORD000301,CUST00315,14916.6,2026-08-19,SUCCESS
TXN000302,ORD000302,CUST00296,11034.92,2026-08-15,SUCCESS
TXN000303,ORD000303,CUST00312,17523.37,2026-08-09,SUCCESS
TXN000304,ORD000304,CUST00513,13545.54,2026-08-15,SUCCESS
TXN000305,ORD000305,CUST00083,14991.11,2026-08-14,SUCCESS
TXN000306,ORD000306,CUST00331,15132.47,2026-08-01,SUCCESS
TXN000307,ORD000307,CUST00094,5800.22,2026-08-22,SUCCESS
TXN000308,ORD000308,CUST00590,14719.36,2026-08-01,SUCCESS
TXN000309,ORD000309,CUST00689,20553.39,2026-08-19,SUCCESS
TXN000310,ORD000310,CUST00042,19101.41,2026-08-06,SUCCESS
TXN000311,ORD000311,CUST00482,13022.2,2026-08-15,SUCCESS
TXN000312,ORD000312,CUST00285,4619.08,2026-08-19,SUCCESS
TXN000313,ORD000313,CUST00447,15906.14,2026-08-16,SUCCESS
TXN000314,ORD000314,CUST00094,11803.26,2026-08-14,SUCCESS
TXN000315,ORD000315,CUST00342,8094.35,2026-08-04,SUCCESS
TXN000316,ORD000316,CUST00165,8312.11,2026-08-23,SUCCESS
TXN000317,ORD000317,CUST00508,7276.62,2026-08-13,SUCCESS
TXN000318,ORD000318,CUST00564,1013.76,2026-08-03,SUCCESS
TXN000319,ORD000319,CUST00323,6384.73,2026-08-04,SUCCESS
TXN000320,ORD000320,CUST00414,21636.27,2026-08-01,SUCCESS
TXN000321,ORD000321,CUST00674,21747.25,2026-08-15,SUCCESS
TXN000322,ORD000322,CUST00424,1449.68,2026-08-17,SUCCESS
TXN000323,ORD000323,CUST00371,15603.58,2026-08-16,SUCCESS
TXN000324,ORD000324,CUST00641,11106.82,2026-08-02,SUCCESS
TXN000325,ORD000325,CUST00209,6749.7,2026-08-05,SUCCESS
TXN000326,ORD000326,CUST00295,11009.09,2026-08-23,SUCCESS
TXN000327,ORD000327,CUST00497,3123.51,2026-08-21,SUCCESS
TXN000328,ORD000328,CUST00624,20002.91,2026-08-23,SUCCESS
TXN000329,ORD000329,CUST00163,7837.68,2026-08-01,SUCCESS
TXN000330,ORD000330,CUST00566,10258.97,2026-08-08,SUCCESS
TXN000331,ORD000331,CUST00117,11590.05,2026-08-04,SUCCESS
TXN000332,ORD000332,CUST00664,20820.37,2026-08-16,SUCCESS
TXN000333,ORD000333,CUST00299,12770.91,2026-08-09,SUCCESS
TXN000334,ORD000334,CUST00426,20884.63,2026-08-16,SUCCESS
TXN000335,ORD000335,CUST00250,11473.98,2026-08-05,SUCCESS
TXN000336,ORD000336,CUST00393,4846.2,2026-08-20,SUCCESS
TXN000337,ORD000337,CUST00521,18682.68,2026-08-05,SUCCESS
TXN000338,ORD000338,CUST00072,6978.56,2026-08-26,SUCCESS
TXN000339,ORD000339,CUST00425,8562.89,2026-08-26,SUCCESS
TXN000340,ORD000340,CUST00520,6752.6,2026-08-01,SUCCESS
TXN000341,ORD000341,CUST00290,18178.67,2026-08-19,SUCCESS
TXN000342,ORD000342,CUST00594,24972.67,2026-08-16,SUCCESS
TXN000343,ORD000343,CUST00153,11219.03,2026-08-16,SUCCESS
TXN000344,ORD000344,CUST00354,8377.75,2026-08-25,SUCCESS
TXN000345,ORD000345,CUST00557,9492.53,2026-08-11,SUCCESS
TXN000346,ORD000346,CUST00194,24521.29,2026-08-08,SUCCESS
TXN000347,ORD000347,CUST00586,9635.97,2026-08-25,SUCCESS
TXN000348,ORD000348,CUST00421,1186.82,2026-08-24,SUCCESS
TXN000349,ORD000349,CUST00485,17660.17,2026-08-26,SUCCESS
TXN000350,ORD000350,CUST00391,9713.36,2026-08-22,SUCCESS
TXN000351,ORD000351,CUST00668,24522.37,2026-08-16,SUCCESS
TXN000352,ORD000352,CUST00038,3243.53,2026-08-19,SUCCESS
TXN000353,ORD000353,CUST00340,21755.54,2026-08-15,SUCCESS
TXN000354,ORD000354,CUST00103,13196.18,2026-08-15,SUCCESS
TXN000355,ORD000355,CUST00016,18088.85,2026-08-14,SUCCESS
TXN000356,ORD000356,CUST00671,24251.92,2026-08-03,SUCCESS
TXN000357,ORD000357,CUST00481,19559.98,2026-08-09,SUCCESS
TXN000358,ORD000358,CUST00347,15619.16,2026-08-13,SUCCESS
TXN000359,ORD000359,CUST00666,2099.85,2026-08-11,SUCCESS
TXN000360,ORD000360,CUST00691,21497.62,2026-08-13,SUCCESS
TXN000361,ORD000361,CUST00325,15707.3,2026-08-25,SUCCESS
TXN000362,ORD000362,CUST00500,21822.34,2026-08-02,SUCCESS
TXN000363,ORD000363,CUST00633,1803.68,2026-08-21,SUCCESS
TXN000364,ORD000364,CUST00295,24935.91,2026-08-24,SUCCESS
TXN000365,ORD000365,CUST00093,10905.89,2026-08-04,SUCCESS
TXN000366,ORD000366,CUST00649,17626.88,2026-08-04,SUCCESS
TXN000367,ORD000367,CUST00455,4242.48,2026-08-10,SUCCESS
TXN000368,ORD000368,CUST00030,1245.18,2026-08-26,SUCCESS
TXN000369,ORD000369,CUST00058,7404.86,2026-08-12,SUCCESS
TXN000370,ORD000370,CUST00442,3724.69,2026-08-17,SUCCESS
TXN000371,ORD000371,CUST00422,14191.61,2026-08-26,SUCCESS
TXN000372,ORD000372,CUST00185,4332.59,2026-08-03,SUCCESS
TXN000373,ORD000373,CUST00625,21783.91,2026-08-20,SUCCESS
TXN000374,ORD000374,CUST00700,6096.66,2026-08-19,SUCCESS
TXN000375,ORD000375,CUST00147,5881.49,2026-08-21,SUCCESS
TXN000376,ORD000376,CUST00261,11543.31,2026-08-22,SUCCESS
TXN000377,ORD000377,CUST00010,22482.82,2026-08-15,SUCCESS
TXN000378,ORD000378,CUST00295,16972.51,2026-08-06,SUCCESS
TXN000379,ORD000379,CUST00076,11099.07,2026-08-12,SUCCESS
TXN000380,ORD000380,CUST00602,7548.94,2026-08-14,SUCCESS
TXN000381,ORD000381,CUST00257,11475.21,2026-08-10,SUCCESS
TXN000382,ORD000382,CUST00204,24984.4,2026-08-16,SUCCESS
TXN000383,ORD000383,CUST00110,6006.42,2026-08-19,SUCCESS
TXN000384,ORD000384,CUST00368,14412.82,2026-08-23,SUCCESS
TXN000385,ORD000385,CUST00303,646.3,2026-08-22,SUCCESS
TXN000386,ORD000386,CUST00406,6934.56,2026-08-19,SUCCESS
TXN000387,ORD000387,CUST00051,22774.36,2026-08-24,SUCCESS
TXN000388,ORD000388,CUST00509,20837.69,2026-08-10,SUCCESS
TXN000389,ORD000389,CUST00236,15215.92,2026-08-12,SUCCESS
TXN000390,ORD000390,CUST00225,15951.79,2026-08-20,SUCCESS
TXN000391,ORD000391,CUST00257,16976.34,2026-08-24,SUCCESS
TXN000392,ORD000392,CUST00676,17053.29,2026-08-05,SUCCESS
TXN000393,ORD000393,CUST00644,2519.38,2026-08-21,SUCCESS
TXN000394,ORD000394,CUST00662,1081.62,2026-08-26,SUCCESS
TXN000395,ORD000395,CUST00452,930.78,2026-08-12,SUCCESS
TXN000396,ORD000396,CUST00135,2344.32,2026-08-10,SUCCESS
TXN000397,ORD000397,CUST00335,18712.27,2026-08-06,SUCCESS
TXN000398,ORD000398,CUST00206,3390.78,2026-08-18,SUCCESS
TXN000399,ORD000399,CUST00375,13318.22,2026-08-09,SUCCESS
TXN000400,ORD000400,CUST00169,6498.56,2026-08-16,SUCCESS
TXN000401,ORD000401,CUST00303,18689.33,2026-08-11,SUCCESS
TXN000402,ORD000402,CUST00118,11761.45,2026-08-03,SUCCESS
TXN000403,ORD000403,CUST00145,18878.37,2026-08-08,SUCCESS
TXN000404,ORD000404,CUST00693,18133.0,2026-08-13,SUCCESS
TXN000405,ORD000405,CUST00571,9207.8,2026-08-26,SUCCESS
TXN000406,ORD000406,CUST00405,446.57,2026-08-18,SUCCESS
TXN000407,ORD000407,CUST00127,11424.17,2026-08-22,SUCCESS
TXN000408,ORD000408,CUST00689,6627.82,2026-08-13,SUCCESS
TXN000409,ORD000409,CUST00654,23513.27,2026-08-04,SUCCESS
TXN000410,ORD000410,CUST00692,5922.17,2026-08-01,SUCCESS
TXN000411,ORD000411,CUST00635,22117.45,2026-08-18,SUCCESS
TXN000412,ORD000412,CUST00336,22889.87,2026-08-08,SUCCESS
TXN000413,ORD000413,CUST00664,1674.1,2026-08-15,SUCCESS
TXN000414,ORD000414,CUST00310,16266.06,2026-08-04,SUCCESS
TXN000415,ORD000415,CUST00144,1229.14,2026-08-02,SUCCESS
TXN000416,ORD000416,CUST00312,24898.59,2026-08-04,SUCCESS
TXN000417,ORD000417,CUST00100,5946.52,2026-08-18,SUCCESS
TXN000418,ORD000418,CUST00139,9777.28,2026-08-12,SUCCESS
TXN000419,ORD000419,CUST00687,23739.58,2026-08-23,SUCCESS
TXN000420,ORD000420,CUST00554,10536.26,2026-08-24,SUCCESS
TXN000421,ORD000421,CUST00159,22146.8,2026-08-21,SUCCESS
TXN000422,ORD000422,CUST00102,20858.96,2026-08-20,SUCCESS
TXN000423,ORD000423,CUST00418,23482.42,2026-08-09,SUCCESS
TXN000424,ORD000424,CUST00034,17287.99,2026-08-07,SUCCESS
TXN000425,ORD000425,CUST00455,11172.93,2026-08-08,SUCCESS
TXN000426,ORD000426,CUST00372,2573.93,2026-08-22,SUCCESS
TXN000427,ORD000427,CUST00377,13657.2,2026-08-21,SUCCESS
TXN000428,ORD000428,CUST00368,1607.7,2026-08-09,SUCCESS
TXN000429,ORD000429,CUST00195,24208.35,2026-08-15,SUCCESS
TXN000430,ORD000430,CUST00094,16602.94,2026-08-21,SUCCESS
TXN000431,ORD000431,CUST00655,14968.93,2026-08-01,SUCCESS
TXN000432,ORD000432,CUST00052,19691.19,2026-08-08,SUCCESS
TXN000433,ORD000433,CUST00129,19695.75,2026-08-07,SUCCESS
TXN000434,ORD000434,CUST00071,20762.46,2026-08-18,SUCCESS
TXN000435,ORD000435,CUST00213,14700.94,2026-08-08,SUCCESS
TXN000436,ORD000436,CUST00337,19381.78,2026-08-26,SUCCESS
TXN000437,ORD000437,CUST00611,170.61,2026-08-05,SUCCESS
TXN000438,ORD000438,CUST00134,13551.36,2026-08-26,SUCCESS
TXN000439,ORD000439,CUST00179,2837.17,2026-08-01,SUCCESS
TXN000440,ORD000440,CUST00135,470.02,2026-08-26,SUCCESS
TXN000441,ORD000441,CUST00244,14762.44,2026-08-01,SUCCESS
TXN000442,ORD000442,CUST00179,6707.65,2026-08-05,SUCCESS
TXN000443,ORD000443,CUST00432,13199.53,2026-08-24,SUCCESS
TXN000444,ORD000444,CUST00066,11958.52,2026-08-25,SUCCESS
TXN000445,ORD000445,CUST00371,12879.63,2026-08-04,SUCCESS
TXN000446,ORD000446,CUST00463,12645.58,2026-08-20,SUCCESS
TXN000447,ORD000447,CUST00045,18208.35,2026-08-22,SUCCESS
TXN000448,ORD000448,CUST00534,7610.6,2026-08-21,SUCCESS
TXN000449,ORD000449,CUST00032,1614.55,2026-08-16,SUCCESS
TXN000450,ORD000450,CUST00412,10714.21,2026-08-04,SUCCESS
TXN000451,ORD000451,CUST00503,17838.79,2026-08-15,SUCCESS
TXN000452,ORD000452,CUST00076,22491.74,2026-08-11,SUCCESS
TXN000453,ORD000453,CUST00623,3793.51,2026-08-05,SUCCESS
TXN000454,ORD000454,CUST00282,15645.51,2026-08-19,SUCCESS
TXN000455,ORD000455,CUST00562,17832.6,2026-08-13,SUCCESS
TXN000456,ORD000456,CUST00612,13310.87,2026-08-15,SUCCESS
TXN000457,ORD000457,CUST00518,15175.13,2026-08-04,SUCCESS
TXN000458,ORD000458,CUST00118,21334.54,2026-08-21,SUCCESS
TXN000459,ORD000459,CUST00565,18048.91,2026-08-07,SUCCESS
TXN000460,ORD000460,CUST00441,11343.72,2026-08-08,SUCCESS
TXN000461,ORD000461,CUST00424,8539.4,2026-08-15,SUCCESS
TXN000462,ORD000462,CUST00409,10458.14,2026-08-04,SUCCESS
TXN000463,ORD000463,CUST00321,10726.42,2026-08-22,SUCCESS
TXN000464,ORD000464,CUST00262,9420.1,2026-08-05,SUCCESS
TXN000465,ORD000465,CUST00486,1771.62,2026-08-03,SUCCESS
TXN000466,ORD000466,CUST00096,10853.73,2026-08-24,SUCCESS
TXN000467,ORD000467,CUST00382,20313.06,2026-08-18,SUCCESS
TXN000468,ORD000468,CUST00062,14702.98,2026-08-18,SUCCESS
TXN000469,ORD000469,CUST00576,8308.18,2026-08-04,SUCCESS
TXN000470,ORD000470,CUST00421,8904.59,2026-08-22,SUCCESS
TXN000471,ORD000471,CUST00434,21715.49,2026-08-24,SUCCESS
TXN000472,ORD000472,CUST00053,24213.13,2026-08-20,SUCCESS
TXN000473,ORD000473,CUST00320,8855.99,2026-08-19,SUCCESS
TXN000474,ORD000474,CUST00520,5397.2,2026-08-22,SUCCESS
TXN000475,ORD000475,CUST00494,5683.7,2026-08-04,SUCCESS
TXN000476,ORD000476,CUST00359,21149.8,2026-08-12,SUCCESS
TXN000477,ORD000477,CUST00118,19088.88,2026-08-19,SUCCESS
TXN000478,ORD000478,CUST00232,20199.81,2026-08-18,SUCCESS
TXN000479,ORD000479,CUST00637,15377.97,2026-08-21,SUCCESS
TXN000480,ORD000480,CUST00571,753.72,2026-08-22,SUCCESS
TXN000481,ORD000481,CUST00274,820.93,2026-08-09,SUCCESS
TXN000482,ORD000482,CUST00317,23046.28,2026-08-12,SUCCESS
TXN000483,ORD000483,CUST00007,4617.0,2026-08-05,SUCCESS
TXN000484,ORD000484,CUST00580,16467.88,2026-08-03,SUCCESS
TXN000485,ORD000485,CUST00146,18550.13,2026-08-01,SUCCESS
TXN000486,ORD000486,CUST00094,18678.18,2026-08-07,SUCCESS
TXN000487,ORD000487,CUST00386,10553.83,2026-08-11,SUCCESS
TXN000488,ORD000488,CUST00162,9314.32,2026-08-24,SUCCESS
TXN000489,ORD000489,CUST00333,19443.21,2026-08-19,SUCCESS
TXN000490,ORD000490,CUST00611,2215.43,2026-08-02,SUCCESS
TXN000491,ORD000491,CUST00160,4019.51,2026-08-20,SUCCESS
TXN000492,ORD000492,CUST00051,16881.82,2026-08-09,SUCCESS
TXN000493,ORD000493,CUST00454,16582.27,2026-08-16,SUCCESS
TXN000494,ORD000494,CUST00622,11106.9,2026-08-09,SUCCESS
TXN000495,ORD000495,CUST00221,18898.08,2026-08-04,SUCCESS
TXN000496,ORD000496,CUST00354,10804.85,2026-08-10,SUCCESS
TXN000497,ORD000497,CUST00695,16994.31,2026-08-16,SUCCESS
TXN000498,ORD000498,CUST00540,16711.6,2026-08-02,SUCCESS
TXN000499,ORD000499,CUST00226,9942.06,2026-08-20,SUCCESS
TXN000500,ORD000500,CUST00057,291.41,2026-08-10,SUCCESS
TXN000501,ORD000501,CUST00217,19207.0,2026-08-25,SUCCESS
TXN000502,ORD000502,CUST00262,7307.23,2026-08-04,SUCCESS
TXN000503,ORD000503,CUST00008,12484.89,2026-08-14,SUCCESS
TXN000504,ORD000504,CUST00180,3316.72,2026-08-18,SUCCESS
TXN000505,ORD000505,CUST00236,12556.53,2026-08-22,SUCCESS
TXN000506,ORD000506,CUST00363,1894.68,2026-08-24,SUCCESS
TXN000507,ORD000507,CUST00044,10961.87,2026-08-15,SUCCESS
TXN000508,ORD000508,CUST00080,21566.54,2026-08-19,SUCCESS
TXN000509,ORD000509,CUST00440,14377.65,2026-08-23,SUCCESS
TXN000510,ORD000510,CUST00656,10500.58,2026-08-04,SUCCESS
TXN000511,ORD000511,CUST00415,619.33,2026-08-11,SUCCESS
TXN000512,ORD000512,CUST00176,20052.92,2026-08-20,SUCCESS
TXN000513,ORD000513,CUST00472,20817.45,2026-08-12,SUCCESS
TXN000514,ORD000514,CUST00091,10974.12,2026-08-04,SUCCESS
TXN000515,ORD000515,CUST00250,10948.35,2026-08-13,SUCCESS
TXN000516,ORD000516,CUST00537,2058.31,2026-08-10,SUCCESS
TXN000517,ORD000517,CUST00348,5617.14,2026-08-25,SUCCESS
TXN000518,ORD000518,CUST00173,2001.85,2026-08-21,SUCCESS
TXN000519,ORD000519,CUST00117,13312.06,2026-08-07,SUCCESS
TXN000520,ORD000520,CUST00358,8842.38,2026-08-21,SUCCESS
TXN000521,ORD000521,CUST00152,5983.09,2026-08-05,SUCCESS
TXN000522,ORD000522,CUST00263,5012.07,2026-08-20,SUCCESS
TXN000523,ORD000523,CUST00157,19029.36,2026-08-21,SUCCESS
TXN000524,ORD000524,CUST00078,4510.94,2026-08-25,SUCCESS
TXN000525,ORD000525,CUST00644,12403.51,2026-08-25,SUCCESS
TXN000526,ORD000526,CUST00578,19020.94,2026-08-15,SUCCESS
TXN000527,ORD000527,CUST00698,23111.44,2026-08-19,SUCCESS
TXN000528,ORD000528,CUST00659,15918.93,2026-08-20,SUCCESS
TXN000529,ORD000529,CUST00331,21619.75,2026-08-21,SUCCESS
TXN000530,ORD000530,CUST00324,3858.84,2026-08-03,SUCCESS
TXN000531,ORD000531,CUST00481,11110.98,2026-08-10,SUCCESS
TXN000532,ORD000532,CUST00282,14826.35,2026-08-12,SUCCESS
TXN000533,ORD000533,CUST00520,1947.35,2026-08-15,SUCCESS
TXN000534,ORD000534,CUST00463,1036.42,2026-08-12,SUCCESS
TXN000535,ORD000535,CUST00294,2010.6,2026-08-03,SUCCESS
TXN000536,ORD000536,CUST00630,14892.59,2026-08-13,SUCCESS
TXN000537,ORD000537,CUST00474,14550.2,2026-08-26,SUCCESS
TXN000538,ORD000538,CUST00043,11298.37,2026-08-26,SUCCESS
TXN000539,ORD000539,CUST00586,16330.75,2026-08-11,SUCCESS
TXN000540,ORD000540,CUST00620,11943.16,2026-08-05,SUCCESS
TXN000541,ORD000541,CUST00064,11318.03,2026-08-26,SUCCESS
TXN000542,ORD000542,CUST00352,24561.4,2026-08-03,SUCCESS
TXN000543,ORD000543,CUST00517,16188.56,2026-08-02,SUCCESS
TXN000544,ORD000544,CUST00254,17719.78,2026-08-15,SUCCESS
TXN000545,ORD000545,CUST00537,13116.43,2026-08-06,SUCCESS
TXN000546,ORD000546,CUST00373,9384.01,2026-08-10,SUCCESS
TXN000547,ORD000547,CUST00397,10278.36,2026-08-11,SUCCESS
TXN000548,ORD000548,CUST00696,14987.36,2026-08-26,SUCCESS
TXN000549,ORD000549,CUST00647,16217.9,2026-08-03,SUCCESS
TXN000550,ORD000550,CUST00338,2453.2,2026-08-22,SUCCESS
TXN000551,ORD000551,CUST00396,7175.26,2026-08-24,SUCCESS
TXN000552,ORD000552,CUST00673,24113.81,2026-08-20,SUCCESS
TXN000553,ORD000553,CUST00154,8400.71,2026-08-19,SUCCESS
TXN000554,ORD000554,CUST00680,3621.57,2026-08-12,SUCCESS
TXN000555,ORD000555,CUST00318,24195.64,2026-08-23,SUCCESS
TXN000556,ORD000556,CUST00679,9859.75,2026-08-20,SUCCESS
TXN000557,ORD000557,CUST00087,7808.59,2026-08-13,SUCCESS
TXN000558,ORD000558,CUST00659,19812.38,2026-08-05,SUCCESS
TXN000559,ORD000559,CUST00687,17600.49,2026-08-24,SUCCESS
TXN000560,ORD000560,CUST00540,2426.98,2026-08-22,SUCCESS
TXN000561,ORD000561,CUST00434,12761.36,2026-08-01,SUCCESS
TXN000562,ORD000562,CUST00372,7790.77,2026-08-07,SUCCESS
TXN000563,ORD000563,CUST00350,23696.94,2026-08-16,SUCCESS
TXN000564,ORD000564,CUST00197,5740.92,2026-08-05,SUCCESS
TXN000565,ORD000565,CUST00159,2021.41,2026-08-26,SUCCESS
TXN000566,ORD000566,CUST00104,12741.47,2026-08-18,SUCCESS
TXN000567,ORD000567,CUST00540,1039.91,2026-08-11,SUCCESS
TXN000568,ORD000568,CUST00633,3363.12,2026-08-13,SUCCESS
TXN000569,ORD000569,CUST00158,4139.96,2026-08-23,SUCCESS
TXN000570,ORD000570,CUST00640,20245.19,2026-08-06,SUCCESS
TXN000571,ORD000571,CUST00449,1187.94,2026-08-12,SUCCESS
TXN000572,ORD000572,CUST00693,18017.68,2026-08-15,SUCCESS
TXN000573,ORD000573,CUST00626,7194.71,2026-08-24,SUCCESS
TXN000574,ORD000574,CUST00460,5926.67,2026-08-08,SUCCESS
TXN000575,ORD000575,CUST00317,24143.36,2026-08-26,SUCCESS
TXN000576,ORD000576,CUST00481,22608.96,2026-08-07,SUCCESS
TXN000577,ORD000577,CUST00377,16989.84,2026-08-19,SUCCESS
TXN000578,ORD000578,CUST00452,11595.83,2026-08-10,SUCCESS
TXN000579,ORD000579,CUST00392,12622.38,2026-08-14,SUCCESS
TXN000580,ORD000580,CUST00166,20440.59,2026-08-26,SUCCESS
TXN000581,ORD000581,CUST00620,3546.12,2026-08-09,SUCCESS
TXN000582,ORD000582,CUST00054,16065.36,2026-08-12,SUCCESS
TXN000583,ORD000583,CUST00568,23363.91,2026-08-23,SUCCESS
TXN000584,ORD000584,CUST00529,21294.03,2026-08-10,SUCCESS
TXN000585,ORD000585,CUST00086,19101.61,2026-08-09,SUCCESS
TXN000586,ORD000586,CUST00461,22642.12,2026-08-05,SUCCESS
TXN000587,ORD000587,CUST00448,2383.67,2026-08-08,SUCCESS
TXN000588,ORD000588,CUST00462,22127.28,2026-08-01,SUCCESS
TXN000589,ORD000589,CUST00425,1426.1,2026-08-17,SUCCESS
TXN000590,ORD000590,CUST00383,5970.87,2026-08-03,SUCCESS
TXN000591,ORD000591,CUST00384,5691.02,2026-08-11,SUCCESS
TXN000592,ORD000592,CUST00102,20995.49,2026-08-21,SUCCESS
TXN000593,ORD000593,CUST00344,19805.38,2026-08-05,SUCCESS
TXN000594,ORD000594,CUST00040,7243.3,2026-08-16,SUCCESS
TXN000595,ORD000595,CUST00143,18995.14,2026-08-16,SUCCESS
TXN000596,ORD000596,CUST00460,15422.17,2026-08-03,SUCCESS
TXN000597,ORD000597,CUST00020,6472.51,2026-08-05,SUCCESS
TXN000598,ORD000598,CUST00562,23511.63,2026-08-20,SUCCESS
TXN000599,ORD000599,CUST00541,10639.04,2026-08-25,SUCCESS
TXN000600,ORD000600,CUST00296,6017.24,2026-08-04,SUCCESS
TXN000601,ORD000601,CUST00049,6037.14,2026-08-21,SUCCESS
TXN000602,ORD000602,CUST00638,11482.13,2026-08-04,SUCCESS
TXN000603,ORD000603,CUST00512,14958.8,2026-08-01,SUCCESS
TXN000604,ORD000604,CUST00648,12932.86,2026-08-08,SUCCESS
TXN000605,ORD000605,CUST00148,7352.67,2026-08-01,SUCCESS
TXN000606,ORD000606,CUST00630,8885.12,2026-08-19,SUCCESS
TXN000607,ORD000607,CUST00427,4764.12,2026-08-22,SUCCESS
TXN000608,ORD000608,CUST00088,13134.77,2026-08-12,SUCCESS
TXN000609,ORD000609,CUST00070,23839.75,2026-08-18,SUCCESS
TXN000610,ORD000610,CUST00520,19681.67,2026-08-17,SUCCESS
TXN000611,ORD000611,CUST00568,606.32,2026-08-16,SUCCESS
TXN000612,ORD000612,CUST00045,15928.2,2026-08-12,SUCCESS
TXN000613,ORD000613,CUST00260,18708.18,2026-08-12,SUCCESS
TXN000614,ORD000614,CUST00070,8685.58,2026-08-24,SUCCESS
TXN000615,ORD000615,CUST00673,15743.6,2026-08-25,SUCCESS
TXN000616,ORD000616,CUST00596,18406.16,2026-08-11,SUCCESS
TXN000617,ORD000617,CUST00137,1203.96,2026-08-18,SUCCESS
TXN000618,ORD000618,CUST00347,20356.37,2026-08-06,SUCCESS
TXN000619,ORD000619,CUST00476,24522.4,2026-08-16,SUCCESS
TXN000620,ORD000620,CUST00647,4638.72,2026-08-05,SUCCESS
TXN000621,ORD000621,CUST00065,17929.52,2026-08-15,SUCCESS
TXN000622,ORD000622,CUST00038,7406.72,2026-08-02,SUCCESS
TXN000623,ORD000623,CUST00205,22156.18,2026-08-11,SUCCESS
TXN000624,ORD000624,CUST00318,12933.05,2026-08-18,SUCCESS
TXN000625,ORD000625,CUST00485,6407.51,2026-08-25,SUCCESS
TXN000626,ORD000626,CUST00663,4858.48,2026-08-12,SUCCESS
TXN000627,ORD000627,CUST00049,21658.38,2026-08-11,SUCCESS
TXN000628,ORD000628,CUST00280,3199.43,2026-08-12,SUCCESS
TXN000629,ORD000629,CUST00448,22248.21,2026-08-24,SUCCESS
TXN000630,ORD000630,CUST00451,22376.47,2026-08-13,SUCCESS
TXN000631,ORD000631,CUST00348,24345.72,2026-08-16,SUCCESS
TXN000632,ORD000632,CUST00510,9246.94,2026-08-26,SUCCESS
TXN000633,ORD000633,CUST00532,6741.35,2026-08-03,SUCCESS
TXN000634,ORD000634,CUST00435,2065.28,2026-08-20,SUCCESS
TXN000635,ORD000635,CUST00185,13682.31,2026-08-11,SUCCESS
TXN000636,ORD000636,CUST00106,2093.72,2026-08-22,SUCCESS
TXN000637,ORD000637,CUST00303,7731.75,2026-08-20,SUCCESS
TXN000638,ORD000638,CUST00437,4249.45,2026-08-15,SUCCESS
TXN000639,ORD000639,CUST00360,11233.53,2026-08-24,SUCCESS
TXN000640,ORD000640,CUST00362,15409.8,2026-08-14,SUCCESS
TXN000641,ORD000641,CUST00282,16022.79,2026-08-26,SUCCESS
TXN000642,ORD000642,CUST00059,1968.53,2026-08-21,SUCCESS
TXN000643,ORD000643,CUST00416,9146.45,2026-08-26,SUCCESS
TXN000644,ORD000644,CUST00696,4083.67,2026-08-01,SUCCESS
TXN000645,ORD000645,CUST00147,21231.87,2026-08-22,SUCCESS
TXN000646,ORD000646,CUST00449,966.49,2026-08-03,SUCCESS
TXN000647,ORD000647,CUST00242,19485.03,2026-08-12,SUCCESS
TXN000648,ORD000648,CUST00371,9633.07,2026-08-19,SUCCESS
TXN000649,ORD000649,CUST00034,15166.86,2026-08-22,SUCCESS
TXN000650,ORD000650,CUST00461,23725.71,2026-08-12,SUCCESS
TXN000651,ORD000651,CUST00455,19100.8,2026-08-19,SUCCESS
TXN000652,ORD000652,CUST00141,13283.55,2026-08-13,SUCCESS
TXN000653,ORD000653,CUST00322,16274.06,2026-08-08,SUCCESS
TXN000654,ORD000654,CUST00117,745.24,2026-08-06,SUCCESS
TXN000655,ORD000655,CUST00512,12991.86,2026-08-18,SUCCESS
TXN000656,ORD000656,CUST00121,6618.24,2026-08-09,SUCCESS
TXN000657,ORD000657,CUST00457,5442.8,2026-08-20,SUCCESS
TXN000658,ORD000658,CUST00293,17380.12,2026-08-16,SUCCESS
TXN000659,ORD000659,CUST00205,3153.67,2026-08-03,SUCCESS
TXN000660,ORD000660,CUST00463,4399.14,2026-08-23,SUCCESS
TXN000661,ORD000661,CUST00456,24931.83,2026-08-26,SUCCESS
TXN000662,ORD000662,CUST00699,24192.27,2026-08-11,SUCCESS
TXN000663,ORD000663,CUST00684,8750.89,2026-08-03,SUCCESS
TXN000664,ORD000664,CUST00564,13600.07,2026-08-10,SUCCESS
TXN000665,ORD000665,CUST00162,17824.05,2026-08-23,SUCCESS
TXN000666,ORD000666,CUST00654,4434.87,2026-08-12,SUCCESS
TXN000667,ORD000667,CUST00521,5683.62,2026-08-07,SUCCESS
TXN000668,ORD000668,CUST00143,5994.73,2026-08-16,SUCCESS
TXN000669,ORD000669,CUST00027,9086.32,2026-08-19,SUCCESS
TXN000670,ORD000670,CUST00378,11738.41,2026-08-18,SUCCESS
TXN000671,ORD000671,CUST00133,15337.51,2026-08-03,SUCCESS
TXN000672,ORD000672,CUST00068,7801.34,2026-08-23,SUCCESS
TXN000673,ORD000673,CUST00491,13189.82,2026-08-25,SUCCESS
TXN000674,ORD000674,CUST00420,20601.15,2026-08-03,SUCCESS
TXN000675,ORD000675,CUST00129,24312.26,2026-08-21,SUCCESS
TXN000676,ORD000676,CUST00076,11304.36,2026-08-22,SUCCESS
TXN000677,ORD000677,CUST00530,8678.42,2026-08-25,SUCCESS
TXN000678,ORD000678,CUST00565,16030.87,2026-08-06,SUCCESS
TXN000679,ORD000679,CUST00133,10872.2,2026-08-02,SUCCESS
TXN000680,ORD000680,CUST00128,13000.74,2026-08-10,SUCCESS
TXN000681,ORD000681,CUST00169,4132.98,2026-08-23,SUCCESS
TXN000682,ORD000682,CUST00231,8715.97,2026-08-17,SUCCESS
TXN000683,ORD000683,CUST00291,21163.75,2026-08-09,SUCCESS
TXN000684,ORD000684,CUST00202,15912.92,2026-08-18,SUCCESS
TXN000685,ORD000685,CUST00282,3216.74,2026-08-10,SUCCESS
TXN000686,ORD000686,CUST00630,13383.6,2026-08-17,SUCCESS
TXN000687,ORD000687,CUST00657,4299.03,2026-08-19,SUCCESS
TXN000688,ORD000688,CUST00158,4362.9,2026-08-20,SUCCESS
TXN000689,ORD000689,CUST00620,8506.73,2026-08-19,SUCCESS
TXN000690,ORD000690,CUST00043,20648.38,2026-08-01,SUCCESS
TXN000691,ORD000691,CUST00084,1232.0,2026-08-21,SUCCESS
TXN000692,ORD000692,CUST00591,6689.93,2026-08-07,SUCCESS
TXN000693,ORD000693,CUST00586,10473.01,2026-08-21,SUCCESS
TXN000694,ORD000694,CUST00032,12501.15,2026-08-21,SUCCESS
TXN000695,ORD000695,CUST00559,7312.82,2026-08-10,SUCCESS
TXN000696,ORD000696,CUST00495,6197.46,2026-08-26,SUCCESS
TXN000697,ORD000697,CUST00416,7506.1,2026-08-03,SUCCESS
TXN000698,ORD000698,CUST00062,4036.2,2026-08-14,SUCCESS
TXN000699,ORD000699,CUST00496,11664.61,2026-08-11,SUCCESS
TXN000700,ORD000700,CUST00622,3677.35,2026-08-23,SUCCESS
TXN000701,ORD000701,CUST00327,18381.57,2026-08-12,SUCCESS
TXN000702,ORD000702,CUST00409,3356.08,2026-08-12,SUCCESS
TXN000703,ORD000703,CUST00528,14085.12,2026-08-11,SUCCESS
TXN000704,ORD000704,CUST00248,11715.17,2026-08-09,SUCCESS
TXN000705,ORD000705,CUST00461,6273.18,2026-08-04,SUCCESS
TXN000706,ORD000706,CUST00052,7326.28,2026-08-13,SUCCESS
TXN000707,ORD000707,CUST00631,10511.56,2026-08-06,SUCCESS
TXN000708,ORD000708,CUST00336,23350.41,2026-08-24,SUCCESS
TXN000709,ORD000709,CUST00321,4826.87,2026-08-06,SUCCESS
TXN000710,ORD000710,CUST00511,24899.64,2026-08-15,SUCCESS
TXN000711,ORD000711,CUST00511,21988.98,2026-08-16,SUCCESS
TXN000712,ORD000712,CUST00024,2342.22,2026-08-13,SUCCESS
TXN000713,ORD000713,CUST00518,11485.04,2026-08-08,SUCCESS
TXN000714,ORD000714,CUST00221,14625.27,2026-08-02,SUCCESS
TXN000715,ORD000715,CUST00052,7105.77,2026-08-20,SUCCESS
TXN000716,ORD000716,CUST00670,16845.76,2026-08-10,SUCCESS
TXN000717,ORD000717,CUST00550,303.62,2026-08-04,SUCCESS
TXN000718,ORD000718,CUST00442,3434.98,2026-08-09,SUCCESS
TXN000719,ORD000719,CUST00375,19120.03,2026-08-12,SUCCESS
TXN000720,ORD000720,CUST00047,10074.48,2026-08-19,SUCCESS
TXN000721,ORD000721,CUST00576,4946.92,2026-08-18,SUCCESS
TXN000722,ORD000722,CUST00296,1930.94,2026-08-17,SUCCESS
TXN000723,ORD000723,CUST00462,19133.66,2026-08-09,SUCCESS
TXN000724,ORD000724,CUST00639,17041.93,2026-08-04,SUCCESS
TXN000725,ORD000725,CUST00132,24379.56,2026-08-13,SUCCESS
TXN000726,ORD000726,CUST00383,19892.94,2026-08-11,SUCCESS
TXN000727,ORD000727,CUST00572,23479.82,2026-08-25,SUCCESS
TXN000728,ORD000728,CUST00148,5056.54,2026-08-17,SUCCESS
TXN000729,ORD000729,CUST00412,12551.94,2026-08-02,SUCCESS
TXN000730,ORD000730,CUST00040,3512.21,2026-08-11,SUCCESS
TXN000731,ORD000731,CUST00486,13031.38,2026-08-05,SUCCESS
TXN000732,ORD000732,CUST00621,22338.98,2026-08-05,SUCCESS
TXN000733,ORD000733,CUST00336,23291.08,2026-08-11,SUCCESS
TXN000734,ORD000734,CUST00167,9884.57,2026-08-20,SUCCESS
TXN000735,ORD000735,CUST00307,14883.74,2026-08-17,SUCCESS
TXN000736,ORD000736,CUST00522,13355.26,2026-08-23,SUCCESS
TXN000737,ORD000737,CUST00577,7564.79,2026-08-01,SUCCESS
TXN000738,ORD000738,CUST00378,8347.87,2026-08-04,SUCCESS
TXN000739,ORD000739,CUST00427,14634.18,2026-08-26,SUCCESS
TXN000740,ORD000740,CUST00645,763.51,2026-08-16,SUCCESS
TXN000741,ORD000741,CUST00272,24180.06,2026-08-26,SUCCESS
TXN000742,ORD000742,CUST00593,14483.1,2026-08-24,SUCCESS
TXN000743,ORD000743,CUST00053,14629.73,2026-08-06,SUCCESS
TXN000744,ORD000744,CUST00537,15762.73,2026-08-20,SUCCESS
TXN000745,ORD000745,CUST00390,3779.62,2026-08-22,SUCCESS
TXN000746,ORD000746,CUST00249,886.11,2026-08-23,SUCCESS
TXN000747,ORD000747,CUST00113,4850.53,2026-08-15,SUCCESS
TXN000748,ORD000748,CUST00322,10527.63,2026-08-14,SUCCESS
TXN000749,ORD000749,CUST00209,10318.4,2026-08-25,SUCCESS
TXN000750,ORD000750,CUST00627,23020.97,2026-08-24,SUCCESS
TXN000751,ORD000751,CUST00064,17673.8,2026-08-17,SUCCESS
TXN000752,ORD000752,CUST00213,14066.08,2026-08-22,SUCCESS
TXN000753,ORD000753,CUST00490,13184.38,2026-08-11,SUCCESS
TXN000754,ORD000754,CUST00178,11545.62,2026-08-18,SUCCESS
TXN000755,ORD000755,CUST00351,13702.2,2026-08-22,SUCCESS
TXN000756,ORD000756,CUST00698,16118.4,2026-08-23,SUCCESS
TXN000757,ORD000757,CUST00271,15290.91,2026-08-07,SUCCESS
TXN000758,ORD000758,CUST00253,7047.26,2026-08-10,SUCCESS
TXN000759,ORD000759,CUST00231,23542.99,2026-08-10,SUCCESS
TXN000760,ORD000760,CUST00296,17652.03,2026-08-23,SUCCESS
TXN000761,ORD000761,CUST00501,7994.31,2026-08-12,SUCCESS
TXN000762,ORD000762,CUST00574,23349.14,2026-08-26,SUCCESS
TXN000763,ORD000763,CUST00281,7265.96,2026-08-19,SUCCESS
TXN000764,ORD000764,CUST00693,13625.45,2026-08-13,SUCCESS
TXN000765,ORD000765,CUST00354,23869.76,2026-08-26,SUCCESS
TXN000766,ORD000766,CUST00150,7332.27,2026-08-10,SUCCESS
TXN000767,ORD000767,CUST00081,8724.45,2026-08-15,SUCCESS
TXN000768,ORD000768,CUST00672,6485.45,2026-08-16,SUCCESS
TXN000769,ORD000769,CUST00220,5131.49,2026-08-18,SUCCESS
TXN000770,ORD000770,CUST00278,23332.3,2026-08-23,SUCCESS
TXN000771,ORD000771,CUST00279,3518.1,2026-08-20,SUCCESS
TXN000772,ORD000772,CUST00601,6058.12,2026-08-02,SUCCESS
TXN000773,ORD000773,CUST00686,22639.09,2026-08-08,SUCCESS
TXN000774,ORD000774,CUST00654,5897.63,2026-08-04,SUCCESS
TXN000775,ORD000775,CUST00424,8324.31,2026-08-16,SUCCESS
TXN000776,ORD000776,CUST00103,17061.68,2026-08-05,SUCCESS
TXN000777,ORD000777,CUST00006,24116.52,2026-08-06,SUCCESS
TXN000778,ORD000778,CUST00417,16357.03,2026-08-16,SUCCESS
TXN000779,ORD000779,CUST00489,16298.41,2026-08-25,SUCCESS
TXN000780,ORD000780,CUST00295,8097.08,2026-08-21,SUCCESS
TXN000781,ORD000781,CUST00061,22707.63,2026-08-03,SUCCESS
TXN000782,ORD000782,CUST00668,14395.92,2026-08-18,SUCCESS
TXN000783,ORD000783,CUST00039,22839.42,2026-08-06,SUCCESS
TXN000784,ORD000784,CUST00428,22067.9,2026-08-06,SUCCESS
TXN000785,ORD000785,CUST00038,24929.58,2026-08-13,SUCCESS
TXN000786,ORD000786,CUST00508,4739.16,2026-08-24,SUCCESS
TXN000787,ORD000787,CUST00297,21930.9,2026-08-01,SUCCESS
TXN000788,ORD000788,CUST00306,14242.25,2026-08-04,SUCCESS
TXN000789,ORD000789,CUST00344,7185.59,2026-08-21,SUCCESS
TXN000790,ORD000790,CUST00557,13155.53,2026-08-05,SUCCESS
TXN000791,ORD000791,CUST00517,11753.72,2026-08-07,SUCCESS
TXN000792,ORD000792,CUST00116,8334.03,2026-08-24,SUCCESS
TXN000793,ORD000793,CUST00470,16242.3,2026-08-23,SUCCESS
TXN000794,ORD000794,CUST00191,450.7,2026-08-11,SUCCESS
TXN000795,ORD000795,CUST00303,14237.75,2026-08-25,SUCCESS
TXN000796,ORD000796,CUST00198,4469.82,2026-08-21,SUCCESS
TXN000797,ORD000797,CUST00416,20692.05,2026-08-17,SUCCESS
TXN000798,ORD000798,CUST00336,2259.77,2026-08-22,SUCCESS
TXN000799,ORD000799,CUST00098,4701.05,2026-08-05,SUCCESS
TXN000800,ORD000800,CUST00489,8157.68,2026-08-08,SUCCESS
TXN000801,ORD000801,CUST00007,6593.55,2026-08-08,SUCCESS
TXN000802,ORD000802,CUST00458,18868.54,2026-08-11,SUCCESS
TXN000803,ORD000803,CUST00310,14603.27,2026-08-19,SUCCESS
TXN000804,ORD000804,CUST00012,6612.67,2026-08-12,SUCCESS
TXN000805,ORD000805,CUST00242,1646.9,2026-08-04,SUCCESS
TXN000806,ORD000806,CUST00477,7739.48,2026-08-13,SUCCESS
TXN000807,ORD000807,CUST00515,23085.34,2026-08-23,SUCCESS
TXN000808,ORD000808,CUST00319,17288.23,2026-08-21,SUCCESS
TXN000809,ORD000809,CUST00303,9251.84,2026-08-08,SUCCESS
TXN000810,ORD000810,CUST00225,23938.28,2026-08-16,SUCCESS
TXN000811,ORD000811,CUST00157,11428.97,2026-08-20,SUCCESS
TXN000812,ORD000812,CUST00383,10454.56,2026-08-18,SUCCESS
TXN000813,ORD000813,CUST00483,18958.03,2026-08-26,SUCCESS
TXN000814,ORD000814,CUST00681,20657.53,2026-08-25,SUCCESS
TXN000815,ORD000815,CUST00254,17040.51,2026-08-20,SUCCESS
TXN000816,ORD000816,CUST00084,13185.12,2026-08-17,SUCCESS
TXN000817,ORD000817,CUST00371,2044.76,2026-08-19,SUCCESS
TXN000818,ORD000818,CUST00115,1637.78,2026-08-18,SUCCESS
TXN000819,ORD000819,CUST00518,5133.7,2026-08-18,SUCCESS
TXN000820,ORD000820,CUST00154,4196.98,2026-08-17,SUCCESS
TXN000821,ORD000821,CUST00453,2994.38,2026-08-07,SUCCESS
TXN000822,ORD000822,CUST00598,12271.82,2026-08-17,SUCCESS
TXN000823,ORD000823,CUST00457,20236.43,2026-08-15,SUCCESS
TXN000824,ORD000824,CUST00136,12879.87,2026-08-15,SUCCESS
TXN000825,ORD000825,CUST00578,1537.65,2026-08-15,SUCCESS
TXN000826,ORD000826,CUST00689,20192.19,2026-08-24,SUCCESS
TXN000827,ORD000827,CUST00023,9959.12,2026-08-01,SUCCESS
TXN000828,ORD000828,CUST00224,14499.95,2026-08-02,SUCCESS
TXN000829,ORD000829,CUST00434,8678.77,2026-08-03,SUCCESS
TXN000830,ORD000830,CUST00555,24853.68,2026-08-03,SUCCESS
TXN000831,ORD000831,CUST00484,890.2,2026-08-14,SUCCESS
TXN000832,ORD000832,CUST00185,19247.4,2026-08-25,SUCCESS
TXN000833,ORD000833,CUST00657,24460.5,2026-08-21,SUCCESS
TXN000834,ORD000834,CUST00431,9424.08,2026-08-13,SUCCESS
TXN000835,ORD000835,CUST00460,21753.55,2026-08-13,SUCCESS
TXN000836,ORD000836,CUST00385,2098.22,2026-08-22,SUCCESS
TXN000837,ORD000837,CUST00553,3411.45,2026-08-12,SUCCESS
TXN000838,ORD000838,CUST00122,4543.99,2026-08-18,SUCCESS
TXN000839,ORD000839,CUST00403,13268.18,2026-08-24,SUCCESS
TXN000840,ORD000840,CUST00229,20887.06,2026-08-25,SUCCESS
TXN000841,ORD000841,CUST00024,24464.42,2026-08-15,SUCCESS
TXN000842,ORD000842,CUST00690,18005.44,2026-08-14,SUCCESS
TXN000843,ORD000843,CUST00545,9543.98,2026-08-08,SUCCESS
TXN000844,ORD000844,CUST00254,11569.57,2026-08-05,SUCCESS
TXN000845,ORD000845,CUST00283,4793.16,2026-08-24,SUCCESS
TXN000846,ORD000846,CUST00116,902.21,2026-08-22,SUCCESS
TXN000847,ORD000847,CUST00430,15411.59,2026-08-01,SUCCESS
TXN000848,ORD000848,CUST00247,5231.43,2026-08-04,SUCCESS
TXN000849,ORD000849,CUST00609,936.05,2026-08-20,SUCCESS
TXN000850,ORD000850,CUST00689,17611.83,2026-08-02,SUCCESS
TXN000851,ORD000851,CUST00251,18539.47,2026-08-13,SUCCESS
TXN000852,ORD000852,CUST00450,5935.05,2026-08-07,SUCCESS
TXN000853,ORD000853,CUST00058,3589.38,2026-08-10,SUCCESS
TXN000854,ORD000854,CUST00240,20413.08,2026-08-24,SUCCESS
TXN000855,ORD000855,CUST00590,8040.7,2026-08-20,SUCCESS
TXN000856,ORD000856,CUST00689,20477.72,2026-08-08,SUCCESS
TXN000857,ORD000857,CUST00310,21918.83,2026-08-22,SUCCESS
TXN000858,ORD000858,CUST00534,5603.96,2026-08-10,SUCCESS
TXN000859,ORD000859,CUST00282,1617.85,2026-08-19,SUCCESS
TXN000860,ORD000860,CUST00180,15687.23,2026-08-14,SUCCESS
TXN000861,ORD000861,CUST00570,12440.96,2026-08-12,SUCCESS
TXN000862,ORD000862,CUST00659,16816.43,2026-08-26,SUCCESS
TXN000863,ORD000863,CUST00538,8036.49,2026-08-14,SUCCESS
TXN000864,ORD000864,CUST00419,3815.52,2026-08-13,SUCCESS
TXN000865,ORD000865,CUST00189,18884.96,2026-08-16,SUCCESS
TXN000866,ORD000866,CUST00247,21248.59,2026-08-10,SUCCESS
TXN000867,ORD000867,CUST00148,20163.83,2026-08-02,SUCCESS
TXN000868,ORD000868,CUST00576,10375.67,2026-08-14,SUCCESS
TXN000869,ORD000869,CUST00571,13296.8,2026-08-13,SUCCESS
TXN000870,ORD000870,CUST00249,6449.39,2026-08-11,SUCCESS
TXN000871,ORD000871,CUST00663,2068.85,2026-08-15,SUCCESS
TXN000872,ORD000872,CUST00380,2402.35,2026-08-24,SUCCESS
TXN000873,ORD000873,CUST00196,1383.26,2026-08-13,SUCCESS
TXN000874,ORD000874,CUST00690,15163.74,2026-08-02,SUCCESS
TXN000875,ORD000875,CUST00075,4785.27,2026-08-25,SUCCESS
TXN000876,ORD000876,CUST00602,18135.2,2026-08-18,SUCCESS
TXN000877,ORD000877,CUST00223,12036.92,2026-08-11,SUCCESS
TXN000878,ORD000878,CUST00311,23929.79,2026-08-01,SUCCESS
TXN000879,ORD000879,CUST00217,23435.28,2026-08-24,SUCCESS
TXN000880,ORD000880,CUST00121,18697.29,2026-08-25,SUCCESS
TXN000881,ORD000881,CUST00491,22869.59,2026-08-23,SUCCESS
TXN000882,ORD000882,CUST00619,17623.84,2026-08-13,SUCCESS
TXN000883,ORD000883,CUST00246,13846.77,2026-08-25,SUCCESS
TXN000884,ORD000884,CUST00290,9578.48,2026-08-18,SUCCESS
TXN000885,ORD000885,CUST00665,9045.56,2026-08-09,SUCCESS
TXN000886,ORD000886,CUST00369,12869.13,2026-08-16,SUCCESS
TXN000887,ORD000887,CUST00478,2555.34,2026-08-24,SUCCESS
TXN000888,ORD000888,CUST00481,19064.56,2026-08-11,SUCCESS
TXN000889,ORD000889,CUST00209,9330.55,2026-08-14,SUCCESS
TXN000890,ORD000890,CUST00047,14106.87,2026-08-08,SUCCESS
TXN000891,ORD000891,CUST00150,503.88,2026-08-18,SUCCESS
TXN000892,ORD000892,CUST00599,14520.66,2026-08-14,SUCCESS
TXN000893,ORD000893,CUST00303,3895.04,2026-08-11,SUCCESS
TXN000894,ORD000894,CUST00236,9558.01,2026-08-08,SUCCESS
TXN000895,ORD000895,CUST00512,13811.0,2026-08-22,SUCCESS
TXN000896,ORD000896,CUST00346,6507.44,2026-08-16,SUCCESS
TXN000897,ORD000897,CUST00658,18515.89,2026-08-15,SUCCESS
TXN000898,ORD000898,CUST00173,18346.03,2026-08-12,SUCCESS
TXN000899,ORD000899,CUST00174,3584.97,2026-08-18,SUCCESS
TXN000900,ORD000900,CUST00501,4682.79,2026-08-18,SUCCESS
TXN000901,ORD000901,CUST00658,23935.2,2026-08-17,SUCCESS
TXN000902,ORD000902,CUST00035,20992.81,2026-08-03,SUCCESS
TXN000903,ORD000903,CUST00685,1308.01,2026-08-01,SUCCESS
TXN000904,ORD000904,CUST00423,3523.54,2026-08-21,SUCCESS
TXN000905,ORD000905,CUST00237,1792.4,2026-08-05,SUCCESS
TXN000906,ORD000906,CUST00010,5546.12,2026-08-15,SUCCESS
TXN000907,ORD000907,CUST00383,1605.21,2026-08-21,SUCCESS
TXN000908,ORD000908,CUST00683,23354.2,2026-08-16,SUCCESS
TXN000909,ORD000909,CUST00676,12247.57,2026-08-01,SUCCESS
TXN000910,ORD000910,CUST00545,13835.92,2026-08-01,SUCCESS
TXN000911,ORD000911,CUST00018,13282.5,2026-08-09,SUCCESS
TXN000912,ORD000912,CUST00549,24439.24,2026-08-01,SUCCESS
TXN000913,ORD000913,CUST00515,20347.61,2026-08-22,SUCCESS
TXN000914,ORD000914,CUST00441,20173.58,2026-08-06,SUCCESS
TXN000915,ORD000915,CUST00110,22959.42,2026-08-17,SUCCESS
TXN000916,ORD000916,CUST00153,6100.12,2026-08-20,SUCCESS
TXN000917,ORD000917,CUST00540,6385.21,2026-08-12,SUCCESS
TXN000918,ORD000918,CUST00274,19893.91,2026-08-03,SUCCESS
TXN000919,ORD000919,CUST00383,23986.52,2026-08-15,SUCCESS
TXN000920,ORD000920,CUST00579,6155.88,2026-08-23,SUCCESS
TXN000921,ORD000921,CUST00232,7569.37,2026-08-03,SUCCESS
TXN000922,ORD000922,CUST00670,24792.7,2026-08-21,SUCCESS
TXN000923,ORD000923,CUST00033,2428.16,2026-08-13,SUCCESS
TXN000924,ORD000924,CUST00387,13862.27,2026-08-02,SUCCESS
TXN000925,ORD000925,CUST00653,335.31,2026-08-06,SUCCESS
TXN000926,ORD000926,CUST00085,12546.47,2026-08-14,SUCCESS
TXN000927,ORD000927,CUST00661,19630.97,2026-08-19,SUCCESS
TXN000928,ORD000928,CUST00098,22380.3,2026-08-02,SUCCESS
TXN000929,ORD000929,CUST00236,5364.28,2026-08-23,SUCCESS
TXN000930,ORD000930,CUST00581,11939.96,2026-08-02,SUCCESS
TXN000931,ORD000931,CUST00077,17142.28,2026-08-09,SUCCESS
TXN000932,ORD000932,CUST00557,14131.4,2026-08-02,SUCCESS
TXN000933,ORD000933,CUST00184,23226.28,2026-08-11,SUCCESS
TXN000934,ORD000934,CUST00017,24040.58,2026-08-19,SUCCESS
TXN000935,ORD000935,CUST00148,18831.14,2026-08-23,SUCCESS
TXN000936,ORD000936,CUST00408,23228.99,2026-08-10,SUCCESS
TXN000937,ORD000937,CUST00167,14142.56,2026-08-19,SUCCESS
TXN000938,ORD000938,CUST00399,16958.17,2026-08-18,SUCCESS
TXN000939,ORD000939,CUST00340,9657.77,2026-08-24,SUCCESS
TXN000940,ORD000940,CUST00144,19783.4,2026-08-23,SUCCESS
TXN000941,ORD000941,CUST00081,12569.74,2026-08-12,SUCCESS
TXN000942,ORD000942,CUST00055,2532.38,2026-08-08,SUCCESS
TXN000943,ORD000943,CUST00078,8580.76,2026-08-25,SUCCESS
TXN000944,ORD000944,CUST00629,23875.97,2026-08-13,SUCCESS
TXN000945,ORD000945,CUST00335,837.68,2026-08-09,SUCCESS
TXN000946,ORD000946,CUST00462,12316.03,2026-08-12,SUCCESS
TXN000947,ORD000947,CUST00567,23534.46,2026-08-14,SUCCESS
TXN000948,ORD000948,CUST00191,17024.4,2026-08-22,SUCCESS
TXN000949,ORD000949,CUST00390,2233.78,2026-08-20,SUCCESS
TXN000950,ORD000950,CUST00303,19971.57,2026-08-23,SUCCESS
TXN000951,ORD000951,CUST00076,2142.75,2026-08-05,SUCCESS
TXN000952,ORD000952,CUST00390,17820.76,2026-08-21,SUCCESS
TXN000953,ORD000953,CUST00158,18517.42,2026-08-11,SUCCESS
TXN000954,ORD000954,CUST00370,2753.12,2026-08-01,SUCCESS
TXN000955,ORD000955,CUST00316,11173.92,2026-08-25,SUCCESS
TXN000956,ORD000956,CUST00277,2645.56,2026-08-03,SUCCESS
TXN000957,ORD000957,CUST00192,10831.39,2026-08-18,SUCCESS
TXN000958,ORD000958,CUST00569,12859.78,2026-08-04,SUCCESS
TXN000959,ORD000959,CUST00027,2331.51,2026-08-18,SUCCESS
TXN000960,ORD000960,CUST00096,14963.42,2026-08-26,SUCCESS
TXN000961,ORD000961,CUST00333,21606.58,2026-08-01,SUCCESS
TXN000962,ORD000962,CUST00299,10403.87,2026-08-25,SUCCESS
TXN000963,ORD000963,CUST00087,18148.61,2026-08-18,SUCCESS
TXN000964,ORD000964,CUST00249,14341.81,2026-08-06,SUCCESS
TXN000965,ORD000965,CUST00390,4320.59,2026-08-09,SUCCESS
TXN000966,ORD000966,CUST00309,6783.33,2026-08-05,SUCCESS
TXN000967,ORD000967,CUST00065,4263.46,2026-08-09,SUCCESS
TXN000968,ORD000968,CUST00432,7563.83,2026-08-26,SUCCESS
TXN000969,ORD000969,CUST00079,9092.01,2026-08-08,SUCCESS
TXN000970,ORD000970,CUST00641,12445.48,2026-08-20,SUCCESS
TXN000971,ORD000971,CUST00201,11500.75,2026-08-05,SUCCESS
TXN000972,ORD000972,CUST00312,268.51,2026-08-13,SUCCESS
TXN000973,ORD000973,CUST00341,21056.17,2026-08-13,SUCCESS
TXN000974,ORD000974,CUST00338,11061.55,2026-08-14,SUCCESS
TXN000975,ORD000975,CUST00667,24358.21,2026-08-05,SUCCESS
TXN000976,ORD000976,CUST00308,8084.56,2026-08-23,SUCCESS
TXN000977,ORD000977,CUST00206,12027.34,2026-08-06,SUCCESS
TXN000978,ORD000978,CUST00408,24221.26,2026-08-10,SUCCESS
TXN000979,ORD000979,CUST00649,12326.08,2026-08-19,SUCCESS
TXN000980,ORD000980,CUST00249,8214.57,2026-08-09,SUCCESS
TXN000981,ORD000981,CUST00403,9188.89,2026-08-19,SUCCESS
TXN000982,ORD000982,CUST00205,14846.45,2026-08-18,SUCCESS
TXN000983,ORD000983,CUST00185,17074.64,2026-08-18,SUCCESS
TXN000984,ORD000984,CUST00028,23829.81,2026-08-15,SUCCESS
TXN000985,ORD000985,CUST00215,11017.53,2026-08-10,SUCCESS
TXN000986,ORD000986,CUST00071,20492.24,2026-08-26,SUCCESS
TXN000987,ORD000987,CUST00419,16857.14,2026-08-05,SUCCESS
TXN000988,ORD000988,CUST00649,7640.53,2026-08-09,SUCCESS
TXN000989,ORD000989,CUST00675,3938.17,2026-08-14,SUCCESS
TXN000990,ORD000990,CUST00387,1941.73,2026-08-20,SUCCESS
TXN000991,ORD000991,CUST00491,14597.88,2026-08-18,SUCCESS
TXN000992,ORD000992,CUST00519,23095.04,2026-08-23,SUCCESS
TXN000993,ORD000993,CUST00429,13636.77,2026-08-26,SUCCESS
TXN000994,ORD000994,CUST00369,17570.69,2026-08-26,SUCCESS
TXN000995,ORD000995,CUST00550,14886.12,2026-08-03,SUCCESS
TXN000996,ORD000996,CUST00112,19246.96,2026-08-22,SUCCESS
TXN000997,ORD000997,CUST00681,8939.72,2026-08-21,SUCCESS
TXN000998,ORD000998,CUST00628,1202.99,2026-08-21,SUCCESS
TXN000999,ORD000999,CUST00694,16203.92,2026-08-25,SUCCESS
TXN001000,ORD001000,CUST00340,24146.35,2026-08-14,SUCCESS
TXN001001,ORD001001,CUST00109,362.64,2026-08-09,SUCCESS
TXN001002,ORD001002,CUST00228,12815.84,2026-08-17,SUCCESS
TXN001003,ORD001003,CUST00572,14554.91,2026-08-19,SUCCESS
TXN001004,ORD001004,CUST00227,11199.89,2026-08-13,SUCCESS
TXN001005,ORD001005,CUST00475,19331.32,2026-08-19,SUCCESS
TXN001006,ORD001006,CUST00513,3853.55,2026-08-01,SUCCESS
TXN001007,ORD001007,CUST00495,2703.28,2026-08-14,SUCCESS
TXN001008,ORD001008,CUST00088,2990.13,2026-08-24,SUCCESS
TXN001009,ORD001009,CUST00146,8773.38,2026-08-11,SUCCESS
TXN001010,ORD001010,CUST00467,19628.32,2026-08-17,SUCCESS
TXN001011,ORD001011,CUST00495,8772.68,2026-08-04,SUCCESS
TXN001012,ORD001012,CUST00449,18077.65,2026-08-15,SUCCESS
TXN001013,ORD001013,CUST00327,1772.64,2026-08-02,SUCCESS
TXN001014,ORD001014,CUST00118,662.37,2026-08-11,SUCCESS
TXN001015,ORD001015,CUST00664,2823.13,2026-08-26,SUCCESS
TXN001016,ORD001016,CUST00169,23255.07,2026-08-24,SUCCESS
TXN001017,ORD001017,CUST00250,12948.25,2026-08-18,SUCCESS
TXN001018,ORD001018,CUST00164,8341.64,2026-08-14,SUCCESS
TXN001019,ORD001019,CUST00474,5873.2,2026-08-13,SUCCESS
TXN001020,ORD001020,CUST00645,4692.85,2026-08-21,SUCCESS
TXN001021,ORD001021,CUST00674,10860.15,2026-08-01,SUCCESS
TXN001022,ORD001022,CUST00629,22089.12,2026-08-15,SUCCESS
TXN001023,ORD001023,CUST00607,10795.87,2026-08-01,SUCCESS
TXN001024,ORD001024,CUST00220,5224.03,2026-08-25,SUCCESS
TXN001025,ORD001025,CUST00065,14475.96,2026-08-26,SUCCESS
TXN001026,ORD001026,CUST00550,4755.3,2026-08-11,SUCCESS
TXN001027,ORD001027,CUST00202,11493.01,2026-08-09,SUCCESS
TXN001028,ORD001028,CUST00687,21579.65,2026-08-17,SUCCESS
TXN001029,ORD001029,CUST00655,7903.76,2026-08-13,SUCCESS
TXN001030,ORD001030,CUST00626,9874.35,2026-08-04,SUCCESS
TXN001031,ORD001031,CUST00357,8864.42,2026-08-15,SUCCESS
TXN001032,ORD001032,CUST00633,4395.94,2026-08-22,SUCCESS
TXN001033,ORD001033,CUST00305,22975.2,2026-08-19,SUCCESS
TXN001034,ORD001034,CUST00087,16835.54,2026-08-11,SUCCESS
TXN001035,ORD001035,CUST00121,6040.46,2026-08-04,SUCCESS
TXN001036,ORD001036,CUST00188,9395.32,2026-08-05,SUCCESS
TXN001037,ORD001037,CUST00524,9772.74,2026-08-20,SUCCESS
TXN001038,ORD001038,CUST00142,14412.67,2026-08-14,SUCCESS
TXN001039,ORD001039,CUST00191,12218.09,2026-08-18,SUCCESS
TXN001040,ORD001040,CUST00661,23274.3,2026-08-06,SUCCESS
TXN001041,ORD001041,CUST00569,4254.95,2026-08-10,SUCCESS
TXN001042,ORD001042,CUST00144,4758.75,2026-08-15,SUCCESS
TXN001043,ORD001043,CUST00635,1434.92,2026-08-12,SUCCESS
TXN001044,ORD001044,CUST00010,12166.76,2026-08-07,SUCCESS
TXN001045,ORD001045,CUST00394,24099.34,2026-08-17,SUCCESS
TXN001046,ORD001046,CUST00669,12424.75,2026-08-22,SUCCESS
TXN001047,ORD001047,CUST00504,10449.2,2026-08-15,SUCCESS
TXN001048,ORD001048,CUST00501,4264.61,2026-08-19,SUCCESS
TXN001049,ORD001049,CUST00032,19917.43,2026-08-08,SUCCESS
TXN001050,ORD001050,CUST00300,914.11,2026-08-08,SUCCESS
TXN001051,ORD001051,CUST00551,7287.89,2026-08-25,SUCCESS
TXN001052,ORD001052,CUST00469,14184.7,2026-08-25,SUCCESS
TXN001053,ORD001053,CUST00508,13788.18,2026-08-04,SUCCESS
TXN001054,ORD001054,CUST00587,2943.75,2026-08-25,SUCCESS
TXN001055,ORD001055,CUST00557,20599.74,2026-08-12,SUCCESS
TXN001056,ORD001056,CUST00556,20583.01,2026-08-02,SUCCESS
TXN001057,ORD001057,CUST00452,13704.2,2026-08-14,SUCCESS
TXN001058,ORD001058,CUST00105,18426.12,2026-08-21,SUCCESS
TXN001059,ORD001059,CUST00254,7512.95,2026-08-02,SUCCESS
TXN001060,ORD001060,CUST00461,6644.1,2026-08-03,SUCCESS
TXN001061,ORD001061,CUST00450,21645.73,2026-08-04,SUCCESS
TXN001062,ORD001062,CUST00243,5325.97,2026-08-24,SUCCESS
TXN001063,ORD001063,CUST00603,17259.43,2026-08-23,SUCCESS
TXN001064,ORD001064,CUST00625,15855.99,2026-08-06,SUCCESS
TXN001065,ORD001065,CUST00631,3566.95,2026-08-07,SUCCESS
TXN001066,ORD001066,CUST00212,20155.47,2026-08-19,SUCCESS
TXN001067,ORD001067,CUST00360,13353.79,2026-08-20,SUCCESS
TXN001068,ORD001068,CUST00552,4292.6,2026-08-23,SUCCESS
TXN001069,ORD001069,CUST00300,7304.4,2026-08-09,SUCCESS
TXN001070,ORD001070,CUST00527,24638.66,2026-08-22,SUCCESS
TXN001071,ORD001071,CUST00098,3476.16,2026-08-25,SUCCESS
TXN001072,ORD001072,CUST00422,22977.34,2026-08-09,SUCCESS
TXN001073,ORD001073,CUST00672,3259.52,2026-08-05,SUCCESS
TXN001074,ORD001074,CUST00256,3741.46,2026-08-11,SUCCESS
TXN001075,ORD001075,CUST00254,19060.69,2026-08-22,SUCCESS
TXN001076,ORD001076,CUST00403,12287.52,2026-08-19,SUCCESS
TXN001077,ORD001077,CUST00648,6791.06,2026-08-14,SUCCESS
TXN001078,ORD001078,CUST00385,11354.59,2026-08-21,SUCCESS
TXN001079,ORD001079,CUST00096,10130.98,2026-08-24,SUCCESS
TXN001080,ORD001080,CUST00285,17398.12,2026-08-12,SUCCESS
TXN001081,ORD001081,CUST00466,23761.33,2026-08-11,SUCCESS
TXN001082,ORD001082,CUST00596,161.58,2026-08-25,SUCCESS
TXN001083,ORD001083,CUST00096,18300.21,2026-08-15,SUCCESS
TXN001084,ORD001084,CUST00651,16637.18,2026-08-12,SUCCESS
TXN001085,ORD001085,CUST00065,19912.38,2026-08-13,SUCCESS
TXN001086,ORD001086,CUST00224,24206.4,2026-08-07,SUCCESS
TXN001087,ORD001087,CUST00507,6786.57,2026-08-10,SUCCESS
TXN001088,ORD001088,CUST00346,13728.03,2026-08-05,SUCCESS
TXN001089,ORD001089,CUST00580,21325.32,2026-08-26,SUCCESS
TXN001090,ORD001090,CUST00352,22364.45,2026-08-25,SUCCESS
TXN001091,ORD001091,CUST00050,1243.98,2026-08-21,SUCCESS
TXN001092,ORD001092,CUST00471,505.41,2026-08-06,SUCCESS
TXN001093,ORD001093,CUST00452,11467.3,2026-08-14,SUCCESS
TXN001094,ORD001094,CUST00208,24892.78,2026-08-05,SUCCESS
TXN001095,ORD001095,CUST00666,7616.45,2026-08-09,SUCCESS
TXN001096,ORD001096,CUST00096,16399.24,2026-08-09,SUCCESS
TXN001097,ORD001097,CUST00085,9358.91,2026-08-21,SUCCESS
TXN001098,ORD001098,CUST00170,1389.5,2026-08-21,SUCCESS
TXN001099,ORD001099,CUST00313,18177.11,2026-08-25,SUCCESS
TXN001100,ORD001100,CUST00240,10787.85,2026-08-03,SUCCESS
TXN001101,ORD001101,CUST00098,127.05,2026-08-16,SUCCESS
TXN001102,ORD001102,CUST00080,3404.22,2026-08-08,SUCCESS
TXN001103,ORD001103,CUST00532,17031.57,2026-08-01,SUCCESS
TXN001104,ORD001104,CUST00009,17420.37,2026-08-04,SUCCESS
TXN001105,ORD001105,CUST00433,17381.37,2026-08-16,SUCCESS
TXN001106,ORD001106,CUST00073,5800.78,2026-08-03,SUCCESS
TXN001107,ORD001107,CUST00105,2669.72,2026-08-12,SUCCESS
TXN001108,ORD001108,CUST00307,3514.52,2026-08-25,SUCCESS
TXN001109,ORD001109,CUST00137,16075.25,2026-08-22,SUCCESS
TXN001110,ORD001110,CUST00147,1803.45,2026-08-19,SUCCESS
TXN001111,ORD001111,CUST00009,15296.95,2026-08-06,SUCCESS
TXN001112,ORD001112,CUST00451,8844.57,2026-08-07,SUCCESS
TXN001113,ORD001113,CUST00644,18731.89,2026-08-14,SUCCESS
TXN001114,ORD001114,CUST00631,17195.5,2026-08-07,SUCCESS
TXN001115,ORD001115,CUST00089,22425.16,2026-08-05,SUCCESS
TXN001116,ORD001116,CUST00127,14780.39,2026-08-13,SUCCESS
TXN001117,ORD001117,CUST00360,24084.89,2026-08-11,SUCCESS
TXN001118,ORD001118,CUST00144,6269.88,2026-08-21,SUCCESS
TXN001119,ORD001119,CUST00087,6279.36,2026-08-20,SUCCESS
TXN001120,ORD001120,CUST00615,18057.37,2026-08-10,SUCCESS
TXN001121,ORD001121,CUST00028,21212.51,2026-08-22,SUCCESS
TXN001122,ORD001122,CUST00309,5215.6,2026-08-20,SUCCESS
TXN001123,ORD001123,CUST00522,4797.3,2026-08-13,SUCCESS
TXN001124,ORD001124,CUST00303,16189.63,2026-08-26,SUCCESS
TXN001125,ORD001125,CUST00246,12422.7,2026-08-04,SUCCESS
TXN001126,ORD001126,CUST00247,12539.61,2026-08-20,SUCCESS
TXN001127,ORD001127,CUST00073,13254.33,2026-08-01,SUCCESS
TXN001128,ORD001128,CUST00370,23354.72,2026-08-05,SUCCESS
TXN001129,ORD001129,CUST00397,21534.27,2026-08-19,SUCCESS
TXN001130,ORD001130,CUST00431,9198.77,2026-08-22,SUCCESS
TXN001131,ORD001131,CUST00177,19091.88,2026-08-25,SUCCESS
TXN001132,ORD001132,CUST00075,515.57,2026-08-03,SUCCESS
TXN001133,ORD001133,CUST00015,6628.41,2026-08-02,SUCCESS
TXN001134,ORD001134,CUST00062,23722.13,2026-08-13,SUCCESS
TXN001135,ORD001135,CUST00519,7233.55,2026-08-23,SUCCESS
TXN001136,ORD001136,CUST00514,19201.04,2026-08-14,SUCCESS
TXN001137,ORD001137,CUST00412,2152.45,2026-08-18,SUCCESS
TXN001138,ORD001138,CUST00551,15439.57,2026-08-09,SUCCESS
TXN001139,ORD001139,CUST00086,7816.68,2026-08-17,SUCCESS
TXN001140,ORD001140,CUST00209,24360.4,2026-08-05,SUCCESS
TXN001141,ORD001141,CUST00550,8236.08,2026-08-19,SUCCESS
TXN001142,ORD001142,CUST00650,19104.28,2026-08-21,SUCCESS
TXN001143,ORD001143,CUST00698,16114.55,2026-08-10,SUCCESS
TXN001144,ORD001144,CUST00448,18275.96,2026-08-08,SUCCESS
TXN001145,ORD001145,CUST00060,6187.55,2026-08-14,SUCCESS
TXN001146,ORD001146,CUST00119,11388.96,2026-08-20,SUCCESS
TXN001147,ORD001147,CUST00057,7801.32,2026-08-24,SUCCESS
TXN001148,ORD001148,CUST00674,18542.39,2026-08-04,SUCCESS
TXN001149,ORD001149,CUST00013,17726.73,2026-08-23,SUCCESS
TXN001150,ORD001150,CUST00012,4179.43,2026-08-12,SUCCESS
TXN001151,ORD001151,CUST00536,12978.85,2026-08-24,SUCCESS
TXN001152,ORD001152,CUST00266,4257.38,2026-08-05,SUCCESS
TXN001153,ORD001153,CUST00276,18350.1,2026-08-04,SUCCESS
TXN001154,ORD001154,CUST00031,8441.77,2026-08-14,SUCCESS
TXN001155,ORD001155,CUST00279,13143.97,2026-08-09,SUCCESS
TXN001156,ORD001156,CUST00591,15725.57,2026-08-16,SUCCESS
TXN001157,ORD001157,CUST00467,12818.47,2026-08-02,SUCCESS
TXN001158,ORD001158,CUST00512,21498.06,2026-08-06,SUCCESS
TXN001159,ORD001159,CUST00377,4017.02,2026-08-25,SUCCESS
TXN001160,ORD001160,CUST00106,22367.28,2026-08-22,SUCCESS
TXN001161,ORD001161,CUST00119,5787.27,2026-08-17,SUCCESS
TXN001162,ORD001162,CUST00003,1196.54,2026-08-01,SUCCESS
TXN001163,ORD001163,CUST00251,1244.94,2026-08-12,SUCCESS
TXN001164,ORD001164,CUST00393,23013.64,2026-08-06,SUCCESS
TXN001165,ORD001165,CUST00037,13866.33,2026-08-23,SUCCESS
TXN001166,ORD001166,CUST00672,10542.3,2026-08-11,SUCCESS
TXN001167,ORD001167,CUST00255,10464.79,2026-08-24,SUCCESS
TXN001168,ORD001168,CUST00328,6854.32,2026-08-03,SUCCESS
TXN001169,ORD001169,CUST00586,9382.92,2026-08-17,SUCCESS
TXN001170,ORD001170,CUST00690,22558.33,2026-08-06,SUCCESS
TXN001171,ORD001171,CUST00229,20128.02,2026-08-02,SUCCESS
TXN001172,ORD001172,CUST00411,1816.27,2026-08-15,SUCCESS
TXN001173,ORD001173,CUST00290,19360.83,2026-08-10,SUCCESS
TXN001174,ORD001174,CUST00336,2251.0,2026-08-15,SUCCESS
TXN001175,ORD001175,CUST00009,9286.09,2026-08-10,SUCCESS
TXN001176,ORD001176,CUST00578,19634.23,2026-08-24,SUCCESS
TXN001177,ORD001177,CUST00638,6140.34,2026-08-12,SUCCESS
TXN001178,ORD001178,CUST00606,24299.26,2026-08-25,SUCCESS
TXN001179,ORD001179,CUST00201,18338.34,2026-08-18,SUCCESS
TXN001180,ORD001180,CUST00252,3849.1,2026-08-14,SUCCESS
TXN001181,ORD001181,CUST00025,5901.64,2026-08-12,SUCCESS
TXN001182,ORD001182,CUST00652,21005.39,2026-08-01,SUCCESS
TXN001183,ORD001183,CUST00344,136.4,2026-08-22,SUCCESS
TXN001184,ORD001184,CUST00386,21240.25,2026-08-24,SUCCESS
TXN001185,ORD001185,CUST00315,2688.33,2026-08-17,SUCCESS
TXN001186,ORD001186,CUST00244,10553.41,2026-08-02,SUCCESS
TXN001187,ORD001187,CUST00146,17820.15,2026-08-03,SUCCESS
TXN001188,ORD001188,CUST00045,23039.73,2026-08-17,SUCCESS
TXN001189,ORD001189,CUST00423,17551.09,2026-08-12,SUCCESS
TXN001190,ORD001190,CUST00470,24366.41,2026-08-03,SUCCESS
TXN001191,ORD001191,CUST00595,2479.87,2026-08-05,SUCCESS
TXN001192,ORD001192,CUST00653,20517.08,2026-08-03,SUCCESS
TXN001193,ORD001193,CUST00607,14238.74,2026-08-14,SUCCESS
TXN001194,ORD001194,CUST00679,24109.04,2026-08-08,SUCCESS
TXN001195,ORD001195,CUST00299,6598.67,2026-08-11,SUCCESS
TXN001196,ORD001196,CUST00403,17548.07,2026-08-24,SUCCESS
TXN001197,ORD001197,CUST00335,8019.64,2026-08-09,SUCCESS
TXN001198,ORD001198,CUST00240,1959.72,2026-08-07,SUCCESS
TXN001199,ORD001199,CUST00140,19520.43,2026-08-19,SUCCESS
TXN001200,ORD001200,CUST00112,3969.72,2026-08-06,SUCCESS
TXN001201,ORD001201,CUST00461,11704.77,2026-08-14,SUCCESS
TXN001202,ORD001202,CUST00124,13444.52,2026-08-25,SUCCESS
TXN001203,ORD001203,CUST00213,11352.74,2026-08-15,SUCCESS
TXN001204,ORD001204,CUST00272,21326.81,2026-08-03,SUCCESS
TXN001205,ORD001205,CUST00162,20209.16,2026-08-10,SUCCESS
TXN001206,ORD001206,CUST00618,1104.21,2026-08-11,SUCCESS
TXN001207,ORD001207,CUST00152,2371.2,2026-08-08,SUCCESS
TXN001208,ORD001208,CUST00365,9966.49,2026-08-02,SUCCESS
TXN001209,ORD001209,CUST00694,7541.13,2026-08-06,SUCCESS
TXN001210,ORD001210,CUST00032,23807.21,2026-08-15,SUCCESS
TXN001211,ORD001211,CUST00570,18727.15,2026-08-08,SUCCESS
TXN001212,ORD001212,CUST00097,11604.88,2026-08-26,SUCCESS
TXN001213,ORD001213,CUST00144,3124.19,2026-08-02,SUCCESS
TXN001214,ORD001214,CUST00228,3354.81,2026-08-13,SUCCESS
TXN001215,ORD001215,CUST00382,17188.5,2026-08-21,SUCCESS
TXN001216,ORD001216,CUST00087,14599.86,2026-08-09,SUCCESS
TXN001217,ORD001217,CUST00077,642.82,2026-08-03,SUCCESS
TXN001218,ORD001218,CUST00203,22572.15,2026-08-15,SUCCESS
TXN001219,ORD001219,CUST00132,2390.27,2026-08-26,SUCCESS
TXN001220,ORD001220,CUST00340,3150.94,2026-08-15,SUCCESS
TXN001221,ORD001221,CUST00052,4282.93,2026-08-19,SUCCESS
TXN001222,ORD001222,CUST00444,20559.97,2026-08-13,SUCCESS
TXN001223,ORD001223,CUST00509,834.11,2026-08-22,SUCCESS
TXN001224,ORD001224,CUST00437,4402.9,2026-08-07,SUCCESS
TXN001225,ORD001225,CUST00192,6947.05,2026-08-15,SUCCESS
TXN001226,ORD001226,CUST00153,962.77,2026-08-20,SUCCESS
TXN001227,ORD001227,CUST00632,6220.04,2026-08-10,SUCCESS
TXN001228,ORD001228,CUST00511,10358.61,2026-08-18,SUCCESS
TXN001229,ORD001229,CUST00491,1618.38,2026-08-09,SUCCESS
TXN001230,ORD001230,CUST00393,3517.18,2026-08-07,SUCCESS
TXN001231,ORD001231,CUST00659,22127.85,2026-08-17,SUCCESS
TXN001232,ORD001232,CUST00256,15805.78,2026-08-26,SUCCESS
TXN001233,ORD001233,CUST00557,19891.67,2026-08-13,SUCCESS
TXN001234,ORD001234,CUST00368,12044.14,2026-08-26,SUCCESS
TXN001235,ORD001235,CUST00497,8666.45,2026-08-19,SUCCESS
TXN001236,ORD001236,CUST00515,8107.95,2026-08-09,SUCCESS
TXN001237,ORD001237,CUST00185,748.97,2026-08-20,SUCCESS
TXN001238,ORD001238,CUST00225,829.66,2026-08-26,SUCCESS
TXN001239,ORD001239,CUST00288,1558.92,2026-08-16,SUCCESS
TXN001240,ORD001240,CUST00543,9000.08,2026-08-19,SUCCESS
TXN001241,ORD001241,CUST00239,24352.1,2026-08-04,SUCCESS
TXN001242,ORD001242,CUST00254,16455.92,2026-08-09,SUCCESS
TXN001243,ORD001243,CUST00547,20425.5,2026-08-24,SUCCESS
TXN001244,ORD001244,CUST00058,19124.84,2026-08-08,SUCCESS
TXN001245,ORD001245,CUST00590,21177.98,2026-08-26,SUCCESS
TXN001246,ORD001246,CUST00398,8934.64,2026-08-06,SUCCESS
TXN001247,ORD001247,CUST00181,5990.12,2026-08-11,SUCCESS
TXN001248,ORD001248,CUST00368,22858.1,2026-08-01,SUCCESS
TXN001249,ORD001249,CUST00361,23694.21,2026-08-19,SUCCESS
TXN001250,ORD001250,CUST00146,14121.41,2026-08-07,SUCCESS
TXN001251,ORD001251,CUST00505,13598.9,2026-08-06,SUCCESS
TXN001252,ORD001252,CUST00503,1045.3,2026-08-02,SUCCESS
TXN001253,ORD001253,CUST00239,15081.4,2026-08-01,SUCCESS
TXN001254,ORD001254,CUST00540,12001.93,2026-08-11,SUCCESS
TXN001255,ORD001255,CUST00629,5116.46,2026-08-05,SUCCESS
TXN001256,ORD001256,CUST00349,17951.75,2026-08-26,SUCCESS
TXN001257,ORD001257,CUST00332,1582.94,2026-08-05,SUCCESS
TXN001258,ORD001258,CUST00601,17646.94,2026-08-05,SUCCESS
TXN001259,ORD001259,CUST00114,21177.37,2026-08-12,SUCCESS
TXN001260,ORD001260,CUST00075,9402.41,2026-08-22,SUCCESS
TXN001261,ORD001261,CUST00406,14691.81,2026-08-11,SUCCESS
TXN001262,ORD001262,CUST00310,8132.82,2026-08-06,SUCCESS
TXN001263,ORD001263,CUST00448,19816.88,2026-08-16,SUCCESS
TXN001264,ORD001264,CUST00665,8000.36,2026-08-23,SUCCESS
TXN001265,ORD001265,CUST00576,17369.65,2026-08-20,SUCCESS
TXN001266,ORD001266,CUST00366,5658.61,2026-08-19,SUCCESS
TXN001267,ORD001267,CUST00180,9521.76,2026-08-24,SUCCESS
TXN001268,ORD001268,CUST00302,3270.97,2026-08-24,SUCCESS
TXN001269,ORD001269,CUST00002,23724.82,2026-08-19,SUCCESS
TXN001270,ORD001270,CUST00401,21283.85,2026-08-25,SUCCESS
TXN001271,ORD001271,CUST00582,906.33,2026-08-20,SUCCESS
TXN001272,ORD001272,CUST00326,23033.85,2026-08-20,SUCCESS
TXN001273,ORD001273,CUST00227,16027.2,2026-08-04,SUCCESS
TXN001274,ORD001274,CUST00509,3602.02,2026-08-24,SUCCESS
TXN001275,ORD001275,CUST00080,6026.1,2026-08-11,SUCCESS
TXN001276,ORD001276,CUST00172,15941.05,2026-08-03,SUCCESS
TXN001277,ORD001277,CUST00687,16013.66,2026-08-11,SUCCESS
TXN001278,ORD001278,CUST00458,383.75,2026-08-07,SUCCESS
TXN001279,ORD001279,CUST00256,17360.08,2026-08-12,SUCCESS
TXN001280,ORD001280,CUST00263,19696.8,2026-08-24,SUCCESS
TXN001281,ORD001281,CUST00002,1298.87,2026-08-15,SUCCESS
TXN001282,ORD001282,CUST00430,24230.64,2026-08-14,SUCCESS
TXN001283,ORD001283,CUST00505,22056.09,2026-08-12,SUCCESS
TXN001284,ORD001284,CUST00560,9446.15,2026-08-16,SUCCESS
TXN001285,ORD001285,CUST00592,16309.14,2026-08-22,SUCCESS
TXN001286,ORD001286,CUST00231,4150.15,2026-08-03,SUCCESS
TXN001287,ORD001287,CUST00035,7443.22,2026-08-11,SUCCESS
TXN001288,ORD001288,CUST00268,23796.39,2026-08-03,SUCCESS
TXN001289,ORD001289,CUST00351,4335.62,2026-08-13,SUCCESS
TXN001290,ORD001290,CUST00165,18326.43,2026-08-18,SUCCESS
TXN001291,ORD001291,CUST00096,8514.97,2026-08-20,SUCCESS
TXN001292,ORD001292,CUST00495,17642.17,2026-08-14,SUCCESS
TXN001293,ORD001293,CUST00670,4208.43,2026-08-14,SUCCESS
TXN001294,ORD001294,CUST00161,1433.54,2026-08-11,SUCCESS
TXN001295,ORD001295,CUST00211,24362.52,2026-08-14,SUCCESS
TXN001296,ORD001296,CUST00568,18078.75,2026-08-24,SUCCESS
TXN001297,ORD001297,CUST00554,6705.09,2026-08-10,SUCCESS
TXN001298,ORD001298,CUST00305,6014.95,2026-08-02,SUCCESS
TXN001299,ORD001299,CUST00403,14337.07,2026-08-16,SUCCESS
TXN001300,ORD001300,CUST00158,1457.17,2026-08-01,SUCCESS
TXN001301,ORD001301,CUST00438,2281.95,2026-08-22,SUCCESS
TXN001302,ORD001302,CUST00641,15045.37,2026-08-07,SUCCESS
TXN001303,ORD001303,CUST00100,740.82,2026-08-06,SUCCESS
TXN001304,ORD001304,CUST00654,7366.11,2026-08-03,SUCCESS
TXN001305,ORD001305,CUST00485,21109.85,2026-08-10,SUCCESS
TXN001306,ORD001306,CUST00408,11826.52,2026-08-22,SUCCESS
TXN001307,ORD001307,CUST00272,2369.31,2026-08-18,SUCCESS
TXN001308,ORD001308,CUST00397,4703.54,2026-08-13,SUCCESS
TXN001309,ORD001309,CUST00379,4745.92,2026-08-02,SUCCESS
TXN001310,ORD001310,CUST00270,11049.54,2026-08-09,SUCCESS
TXN001311,ORD001311,CUST00232,20943.26,2026-08-19,SUCCESS
TXN001312,ORD001312,CUST00064,3863.15,2026-08-23,SUCCESS
TXN001313,ORD001313,CUST00684,2507.9,2026-08-22,SUCCESS
TXN001314,ORD001314,CUST00353,20223.69,2026-08-14,SUCCESS
TXN001315,ORD001315,CUST00604,5765.07,2026-08-02,SUCCESS
TXN001316,ORD001316,CUST00397,20478.29,2026-08-14,SUCCESS
TXN001317,ORD001317,CUST00549,17207.99,2026-08-16,SUCCESS
TXN001318,ORD001318,CUST00587,22053.18,2026-08-16,SUCCESS
TXN001319,ORD001319,CUST00307,2065.98,2026-08-23,SUCCESS
TXN001320,ORD001320,CUST00036,12602.33,2026-08-17,SUCCESS
TXN001321,ORD001321,CUST00586,16970.62,2026-08-20,SUCCESS
TXN001322,ORD001322,CUST00151,3095.02,2026-08-25,SUCCESS
TXN001323,ORD001323,CUST00460,4404.69,2026-08-06,SUCCESS
TXN001324,ORD001324,CUST00217,20230.67,2026-08-05,SUCCESS
TXN001325,ORD001325,CUST00044,10642.03,2026-08-22,SUCCESS
TXN001326,ORD001326,CUST00446,5127.79,2026-08-21,SUCCESS
TXN001327,ORD001327,CUST00152,20869.29,2026-08-09,SUCCESS
TXN001328,ORD001328,CUST00328,22779.03,2026-08-26,SUCCESS
TXN001329,ORD001329,CUST00069,2266.98,2026-08-18,SUCCESS
TXN001330,ORD001330,CUST00407,13846.15,2026-08-09,SUCCESS
TXN001331,ORD001331,CUST00533,11508.11,2026-08-01,SUCCESS
TXN001332,ORD001332,CUST00639,14730.64,2026-08-26,SUCCESS
TXN001333,ORD001333,CUST00430,2901.72,2026-08-05,SUCCESS
TXN001334,ORD001334,CUST00152,14208.19,2026-08-19,SUCCESS
TXN001335,ORD001335,CUST00103,23130.71,2026-08-19,SUCCESS
TXN001336,ORD001336,CUST00104,19665.07,2026-08-18,SUCCESS
TXN001337,ORD001337,CUST00353,21959.55,2026-08-09,SUCCESS
TXN001338,ORD001338,CUST00393,16404.21,2026-08-19,SUCCESS
TXN001339,ORD001339,CUST00624,11878.86,2026-08-06,SUCCESS
TXN001340,ORD001340,CUST00283,10134.05,2026-08-20,SUCCESS
TXN001341,ORD001341,CUST00624,17052.24,2026-08-13,SUCCESS
TXN001342,ORD001342,CUST00040,9955.24,2026-08-11,SUCCESS
TXN001343,ORD001343,CUST00244,1327.35,2026-08-16,SUCCESS
TXN001344,ORD001344,CUST00276,22436.08,2026-08-01,SUCCESS
TXN001345,ORD001345,CUST00346,20452.91,2026-08-10,SUCCESS
TXN001346,ORD001346,CUST00319,7080.63,2026-08-16,SUCCESS
TXN001347,ORD001347,CUST00101,24315.17,2026-08-08,SUCCESS
TXN001348,ORD001348,CUST00138,7581.96,2026-08-24,SUCCESS
TXN001349,ORD001349,CUST00454,19373.37,2026-08-11,SUCCESS
TXN001350,ORD001350,CUST00276,18247.11,2026-08-20,SUCCESS
TXN001351,ORD001351,CUST00662,2323.24,2026-08-15,SUCCESS
TXN001352,ORD001352,CUST00217,22844.48,2026-08-14,SUCCESS
TXN001353,ORD001353,CUST00497,19011.38,2026-08-12,SUCCESS
TXN001354,ORD001354,CUST00058,12930.22,2026-08-06,SUCCESS
TXN001355,ORD001355,CUST00068,7846.97,2026-08-17,SUCCESS
TXN001356,ORD001356,CUST00414,3477.68,2026-08-17,SUCCESS
TXN001357,ORD001357,CUST00583,820.81,2026-08-07,SUCCESS
TXN001358,ORD001358,CUST00206,20940.72,2026-08-08,SUCCESS
TXN001359,ORD001359,CUST00034,11465.57,2026-08-12,SUCCESS
TXN001360,ORD001360,CUST00204,6922.04,2026-08-15,SUCCESS
TXN001361,ORD001361,CUST00518,9983.86,2026-08-04,SUCCESS
TXN001362,ORD001362,CUST00698,861.02,2026-08-12,SUCCESS
TXN001363,ORD001363,CUST00501,14891.69,2026-08-06,SUCCESS
TXN001364,ORD001364,CUST00486,14713.32,2026-08-12,SUCCESS
TXN001365,ORD001365,CUST00353,4171.49,2026-08-09,SUCCESS
TXN001366,ORD001366,CUST00093,7198.23,2026-08-13,SUCCESS
TXN001367,ORD001367,CUST00051,4156.39,2026-08-19,SUCCESS
TXN001368,ORD001368,CUST00220,21442.07,2026-08-21,SUCCESS
TXN001369,ORD001369,CUST00231,16974.61,2026-08-09,SUCCESS
TXN001370,ORD001370,CUST00668,10296.73,2026-08-01,SUCCESS
TXN001371,ORD001371,CUST00699,321.56,2026-08-05,SUCCESS
TXN001372,ORD001372,CUST00663,4412.7,2026-08-26,SUCCESS
TXN001373,ORD001373,CUST00009,5671.87,2026-08-20,SUCCESS
TXN001374,ORD001374,CUST00313,17847.24,2026-08-23,SUCCESS
TXN001375,ORD001375,CUST00659,6956.93,2026-08-13,SUCCESS
TXN001376,ORD001376,CUST00358,11529.05,2026-08-07,SUCCESS
TXN001377,ORD001377,CUST00478,7623.41,2026-08-17,SUCCESS
TXN001378,ORD001378,CUST00639,9989.1,2026-08-04,SUCCESS
TXN001379,ORD001379,CUST00008,12836.69,2026-08-22,SUCCESS
TXN001380,ORD001380,CUST00384,14080.28,2026-08-20,SUCCESS
TXN001381,ORD001381,CUST00624,7138.65,2026-08-22,SUCCESS
TXN001382,ORD001382,CUST00111,12095.29,2026-08-11,SUCCESS
TXN001383,ORD001383,CUST00284,16050.81,2026-08-09,SUCCESS
TXN001384,ORD001384,CUST00268,16437.38,2026-08-21,SUCCESS
TXN001385,ORD001385,CUST00306,4790.17,2026-08-17,SUCCESS
TXN001386,ORD001386,CUST00247,22502.21,2026-08-26,SUCCESS
TXN001387,ORD001387,CUST00615,10162.05,2026-08-11,SUCCESS
TXN001388,ORD001388,CUST00698,3584.24,2026-08-01,SUCCESS
TXN001389,ORD001389,CUST00672,12484.58,2026-08-10,SUCCESS
TXN001390,ORD001390,CUST00266,22682.1,2026-08-13,SUCCESS
TXN001391,ORD001391,CUST00398,18444.63,2026-08-19,SUCCESS
TXN001392,ORD001392,CUST00586,20418.77,2026-08-11,SUCCESS
TXN001393,ORD001393,CUST00228,17189.32,2026-08-21,SUCCESS
TXN001394,ORD001394,CUST00488,22672.51,2026-08-22,SUCCESS
TXN001395,ORD001395,CUST00368,12732.14,2026-08-06,SUCCESS
TXN001396,ORD001396,CUST00674,21924.72,2026-08-06,SUCCESS
TXN001397,ORD001397,CUST00301,2530.32,2026-08-05,SUCCESS
TXN001398,ORD001398,CUST00265,18157.15,2026-08-18,SUCCESS
TXN001399,ORD001399,CUST00188,23678.39,2026-08-11,SUCCESS
TXN001400,ORD001400,CUST00671,2323.57,2026-08-12,SUCCESS
TXN001401,ORD001401,CUST00229,18630.83,2026-08-10,SUCCESS
TXN001402,ORD001402,CUST00431,19723.45,2026-08-11,SUCCESS
TXN001403,ORD001403,CUST00381,6587.92,2026-08-10,SUCCESS
TXN001404,ORD001404,CUST00475,21295.23,2026-08-16,SUCCESS
TXN001405,ORD001405,CUST00055,21673.19,2026-08-19,SUCCESS
TXN001406,ORD001406,CUST00595,23613.09,2026-08-03,SUCCESS
TXN001407,ORD001407,CUST00484,22246.71,2026-08-17,SUCCESS
TXN001408,ORD001408,CUST00123,21700.69,2026-08-13,SUCCESS
TXN001409,ORD001409,CUST00543,7529.06,2026-08-02,SUCCESS
TXN001410,ORD001410,CUST00155,3520.39,2026-08-07,SUCCESS
TXN001411,ORD001411,CUST00351,10288.88,2026-08-19,SUCCESS
TXN001412,ORD001412,CUST00469,3666.28,2026-08-23,SUCCESS
TXN001413,ORD001413,CUST00185,19495.64,2026-08-16,SUCCESS
TXN001414,ORD001414,CUST00341,15812.72,2026-08-06,SUCCESS
TXN001415,ORD001415,CUST00321,15899.02,2026-08-01,SUCCESS
TXN001416,ORD001416,CUST00463,6910.84,2026-08-25,SUCCESS
TXN001417,ORD001417,CUST00173,14449.35,2026-08-06,SUCCESS
TXN001418,ORD001418,CUST00502,19651.75,2026-08-25,SUCCESS
TXN001419,ORD001419,CUST00091,3322.21,2026-08-14,SUCCESS
TXN001420,ORD001420,CUST00649,10792.3,2026-08-14,SUCCESS
TXN001421,ORD001421,CUST00489,9644.58,2026-08-02,SUCCESS
TXN001422,ORD001422,CUST00547,5065.41,2026-08-12,SUCCESS
TXN001423,ORD001423,CUST00015,22310.96,2026-08-25,SUCCESS
TXN001424,ORD001424,CUST00544,4845.36,2026-08-22,SUCCESS
TXN001425,ORD001425,CUST00005,15704.5,2026-08-08,SUCCESS
TXN001426,ORD001426,CUST00232,17368.77,2026-08-12,SUCCESS
TXN001427,ORD001427,CUST00320,3310.38,2026-08-13,SUCCESS
TXN001428,ORD001428,CUST00516,14757.9,2026-08-06,SUCCESS
TXN001429,ORD001429,CUST00067,20613.71,2026-08-10,SUCCESS
TXN001430,ORD001430,CUST00298,11452.57,2026-08-17,SUCCESS
TXN001431,ORD001431,CUST00611,13150.53,2026-08-14,SUCCESS
TXN001432,ORD001432,CUST00138,8634.05,2026-08-16,SUCCESS
TXN001433,ORD001433,CUST00368,18777.88,2026-08-06,SUCCESS
TXN001434,ORD001434,CUST00414,576.21,2026-08-08,SUCCESS
TXN001435,ORD001435,CUST00135,5358.64,2026-08-01,SUCCESS
TXN001436,ORD001436,CUST00604,12665.38,2026-08-04,SUCCESS
TXN001437,ORD001437,CUST00376,17806.64,2026-08-26,SUCCESS
TXN001438,ORD001438,CUST00039,9442.29,2026-08-21,SUCCESS
TXN001439,ORD001439,CUST00262,19304.12,2026-08-20,SUCCESS
TXN001440,ORD001440,CUST00050,14888.71,2026-08-02,SUCCESS
TXN001441,ORD001441,CUST00678,2792.02,2026-08-01,SUCCESS
TXN001442,ORD001442,CUST00050,17274.77,2026-08-14,SUCCESS
TXN001443,ORD001443,CUST00455,9568.32,2026-08-18,SUCCESS
TXN001444,ORD001444,CUST00259,11912.47,2026-08-05,SUCCESS
TXN001445,ORD001445,CUST00211,17410.28,2026-08-21,SUCCESS
TXN001446,ORD001446,CUST00010,7597.8,2026-08-22,SUCCESS
TXN001447,ORD001447,CUST00104,16595.83,2026-08-09,SUCCESS
TXN001448,ORD001448,CUST00638,15180.29,2026-08-05,SUCCESS
TXN001449,ORD001449,CUST00429,20783.25,2026-08-04,SUCCESS
TXN001450,ORD001450,CUST00524,17997.28,2026-08-04,SUCCESS
TXN001451,ORD001451,CUST00290,2938.91,2026-08-04,SUCCESS
TXN001452,ORD001452,CUST00510,5046.3,2026-08-07,SUCCESS
TXN001453,ORD001453,CUST00270,20804.32,2026-08-07,SUCCESS
TXN001454,ORD001454,CUST00367,17615.58,2026-08-10,SUCCESS
TXN001455,ORD001455,CUST00165,1081.2,2026-08-16,SUCCESS
TXN001456,ORD001456,CUST00213,17236.28,2026-08-16,SUCCESS
TXN001457,ORD001457,CUST00339,5939.18,2026-08-01,SUCCESS
TXN001458,ORD001458,CUST00688,2316.17,2026-08-04,SUCCESS
TXN001459,ORD001459,CUST00588,16758.65,2026-08-05,SUCCESS
TXN001460,ORD001460,CUST00093,19510.2,2026-08-03,SUCCESS
TXN001461,ORD001461,CUST00104,22629.01,2026-08-21,SUCCESS
TXN001462,ORD001462,CUST00237,11473.11,2026-08-10,SUCCESS
TXN001463,ORD001463,CUST00271,11660.51,2026-08-04,SUCCESS
TXN001464,ORD001464,CUST00179,21866.1,2026-08-10,SUCCESS
TXN001465,ORD001465,CUST00369,20059.74,2026-08-11,SUCCESS
TXN001466,ORD001466,CUST00437,18489.65,2026-08-04,SUCCESS
TXN001467,ORD001467,CUST00047,340.84,2026-08-05,SUCCESS
TXN001468,ORD001468,CUST00680,16215.25,2026-08-11,SUCCESS
TXN001469,ORD001469,CUST00367,22373.74,2026-08-20,SUCCESS
TXN001470,ORD001470,CUST00275,21974.04,2026-08-03,SUCCESS
TXN001471,ORD001471,CUST00382,20392.61,2026-08-06,SUCCESS
TXN001472,ORD001472,CUST00117,10079.36,2026-08-15,SUCCESS
TXN001473,ORD001473,CUST00279,20909.14,2026-08-23,SUCCESS
TXN001474,ORD001474,CUST00490,20017.49,2026-08-21,SUCCESS
TXN001475,ORD001475,CUST00171,2915.11,2026-08-23,SUCCESS
TXN001476,ORD001476,CUST00061,24541.07,2026-08-06,SUCCESS
TXN001477,ORD001477,CUST00107,10459.09,2026-08-19,SUCCESS
TXN001478,ORD001478,CUST00495,20076.39,2026-08-22,SUCCESS
TXN001479,ORD001479,CUST00449,4613.39,2026-08-13,SUCCESS
TXN001480,ORD001480,CUST00368,15322.82,2026-08-22,SUCCESS
TXN001481,ORD001481,CUST00134,12128.68,2026-08-16,SUCCESS
TXN001482,ORD001482,CUST00116,22201.09,2026-08-15,SUCCESS
TXN001483,ORD001483,CUST00048,1677.07,2026-08-21,SUCCESS
TXN001484,ORD001484,CUST00322,407.77,2026-08-22,SUCCESS
TXN001485,ORD001485,CUST00538,19211.47,2026-08-19,SUCCESS
TXN001486,ORD001486,CUST00579,5677.22,2026-08-22,SUCCESS
TXN001487,ORD001487,CUST00347,13025.58,2026-08-23,SUCCESS
TXN001488,ORD001488,CUST00634,2471.53,2026-08-22,SUCCESS
TXN001489,ORD001489,CUST00255,12100.05,2026-08-22,SUCCESS
TXN001490,ORD001490,CUST00693,16070.97,2026-08-05,SUCCESS
TXN001491,ORD001491,CUST00572,22312.34,2026-08-20,SUCCESS
TXN001492,ORD001492,CUST00056,389.96,2026-08-06,SUCCESS
TXN001493,ORD001493,CUST00518,21236.25,2026-08-16,SUCCESS
TXN001494,ORD001494,CUST00170,1964.14,2026-08-16,SUCCESS
TXN001495,ORD001495,CUST00329,6098.21,2026-08-09,SUCCESS
TXN001496,ORD001496,CUST00052,12722.54,2026-08-18,SUCCESS
TXN001497,ORD001497,CUST00659,9528.08,2026-08-08,SUCCESS
TXN001498,ORD001498,CUST00081,11531.46,2026-08-26,SUCCESS
TXN001499,ORD001499,CUST00587,11257.65,2026-08-16,SUCCESS
TXN001500,ORD001500,CUST00458,7969.93,2026-08-16,SUCCESS
TXN001501,ORD001501,CUST00670,542.45,2026-08-13,SUCCESS
TXN001502,ORD001502,CUST00423,992.22,2026-08-18,SUCCESS
TXN001503,ORD001503,CUST00001,20665.13,2026-08-26,SUCCESS
TXN001504,ORD001504,CUST00619,24082.96,2026-08-21,SUCCESS
TXN001505,ORD001505,CUST00312,22263.76,2026-08-18,SUCCESS
TXN001506,ORD001506,CUST00212,16399.44,2026-08-15,SUCCESS
TXN001507,ORD001507,CUST00350,9147.23,2026-08-02,SUCCESS
TXN001508,ORD001508,CUST00229,21123.5,2026-08-11,SUCCESS
TXN001509,ORD001509,CUST00574,19208.67,2026-08-20,SUCCESS
TXN001510,ORD001510,CUST00485,17944.79,2026-08-12,SUCCESS
TXN001511,ORD001511,CUST00464,2939.18,2026-08-25,SUCCESS
TXN001512,ORD001512,CUST00675,5621.5,2026-08-11,SUCCESS
TXN001513,ORD001513,CUST00364,20764.11,2026-08-26,SUCCESS
TXN001514,ORD001514,CUST00299,13737.5,2026-08-12,SUCCESS
TXN001515,ORD001515,CUST00109,1239.87,2026-08-06,SUCCESS
TXN001516,ORD001516,CUST00505,3597.18,2026-08-23,SUCCESS
TXN001517,ORD001517,CUST00420,2763.34,2026-08-20,SUCCESS
TXN001518,ORD001518,CUST00201,4769.83,2026-08-13,SUCCESS
TXN001519,ORD001519,CUST00221,11480.45,2026-08-26,SUCCESS
TXN001520,ORD001520,CUST00196,17948.02,2026-08-04,SUCCESS
TXN001521,ORD001521,CUST00425,1257.86,2026-08-21,SUCCESS
TXN001522,ORD001522,CUST00689,14761.4,2026-08-25,SUCCESS
TXN001523,ORD001523,CUST00462,11488.96,2026-08-19,SUCCESS
TXN001524,ORD001524,CUST00517,3452.44,2026-08-16,SUCCESS
TXN001525,ORD001525,CUST00005,13306.07,2026-08-02,SUCCESS
TXN001526,ORD001526,CUST00567,23389.18,2026-08-19,SUCCESS
TXN001527,ORD001527,CUST00495,23116.83,2026-08-25,SUCCESS
TXN001528,ORD001528,CUST00182,17326.26,2026-08-06,SUCCESS
TXN001529,ORD001529,CUST00132,2678.49,2026-08-22,SUCCESS
TXN001530,ORD001530,CUST00615,15193.4,2026-08-11,SUCCESS
TXN001531,ORD001531,CUST00517,22046.63,2026-08-14,SUCCESS
TXN001532,ORD001532,CUST00624,22906.17,2026-08-25,SUCCESS
TXN001533,ORD001533,CUST00255,6912.54,2026-08-11,SUCCESS
TXN001534,ORD001534,CUST00302,11375.86,2026-08-05,SUCCESS
TXN001535,ORD001535,CUST00142,10377.36,2026-08-23,SUCCESS
TXN001536,ORD001536,CUST00525,7542.94,2026-08-23,SUCCESS
TXN001537,ORD001537,CUST00561,21531.62,2026-08-23,SUCCESS
TXN001538,ORD001538,CUST00567,15851.32,2026-08-07,SUCCESS
TXN001539,ORD001539,CUST00215,15641.77,2026-08-10,SUCCESS
TXN001540,ORD001540,CUST00354,23037.67,2026-08-05,SUCCESS
TXN001541,ORD001541,CUST00666,24381.97,2026-08-06,SUCCESS
TXN001542,ORD001542,CUST00516,13608.04,2026-08-21,SUCCESS
TXN001543,ORD001543,CUST00331,17787.78,2026-08-25,SUCCESS
TXN001544,ORD001544,CUST00361,14100.78,2026-08-19,SUCCESS
TXN001545,ORD001545,CUST00585,23572.57,2026-08-23,SUCCESS
TXN001546,ORD001546,CUST00428,16888.66,2026-08-18,SUCCESS
TXN001547,ORD001547,CUST00293,21949.18,2026-08-14,SUCCESS
TXN001548,ORD001548,CUST00014,13115.98,2026-08-01,SUCCESS
TXN001549,ORD001549,CUST00391,3718.64,2026-08-22,SUCCESS
TXN001550,ORD001550,CUST00058,5077.57,2026-08-25,SUCCESS
TXN001551,ORD001551,CUST00165,24589.96,2026-08-22,SUCCESS
TXN001552,ORD001552,CUST00257,3746.07,2026-08-02,SUCCESS
TXN001553,ORD001553,CUST00303,5179.62,2026-08-18,SUCCESS
TXN001554,ORD001554,CUST00034,9031.19,2026-08-15,SUCCESS
TXN001555,ORD001555,CUST00105,15441.11,2026-08-22,SUCCESS
TXN001556,ORD001556,CUST00576,21634.55,2026-08-24,SUCCESS
TXN001557,ORD001557,CUST00663,14075.64,2026-08-08,SUCCESS
TXN001558,ORD001558,CUST00524,19629.25,2026-08-26,SUCCESS
TXN001559,ORD001559,CUST00295,17354.11,2026-08-02,SUCCESS
TXN001560,ORD001560,CUST00391,9750.11,2026-08-26,SUCCESS
TXN001561,ORD001561,CUST00321,24149.25,2026-08-02,SUCCESS
TXN001562,ORD001562,CUST00014,18617.38,2026-08-07,SUCCESS
TXN001563,ORD001563,CUST00636,21734.36,2026-08-15,SUCCESS
TXN001564,ORD001564,CUST00231,22796.01,2026-08-23,SUCCESS
TXN001565,ORD001565,CUST00664,9256.75,2026-08-19,SUCCESS
TXN001566,ORD001566,CUST00560,18487.41,2026-08-07,SUCCESS
TXN001567,ORD001567,CUST00199,7425.03,2026-08-06,SUCCESS
TXN001568,ORD001568,CUST00700,1954.28,2026-08-06,SUCCESS
TXN001569,ORD001569,CUST00527,3071.91,2026-08-02,SUCCESS
TXN001570,ORD001570,CUST00439,7049.89,2026-08-09,SUCCESS
TXN001571,ORD001571,CUST00134,4107.13,2026-08-09,SUCCESS
TXN001572,ORD001572,CUST00006,8331.01,2026-08-23,SUCCESS
TXN001573,ORD001573,CUST00159,1094.52,2026-08-11,SUCCESS
TXN001574,ORD001574,CUST00612,1366.3,2026-08-21,SUCCESS
TXN001575,ORD001575,CUST00631,21094.19,2026-08-10,SUCCESS
TXN001576,ORD001576,CUST00503,19768.71,2026-08-18,SUCCESS
TXN001577,ORD001577,CUST00367,1914.73,2026-08-23,SUCCESS
TXN001578,ORD001578,CUST00326,13182.34,2026-08-06,SUCCESS
TXN001579,ORD001579,CUST00534,1797.59,2026-08-17,SUCCESS
TXN001580,ORD001580,CUST00164,10456.69,2026-08-18,SUCCESS
TXN001581,ORD001581,CUST00414,2389.44,2026-08-08,SUCCESS
TXN001582,ORD001582,CUST00219,16617.03,2026-08-11,SUCCESS
TXN001583,ORD001583,CUST00370,7410.0,2026-08-25,SUCCESS
TXN001584,ORD001584,CUST00634,13309.42,2026-08-18,SUCCESS
TXN001585,ORD001585,CUST00665,319.21,2026-08-22,SUCCESS
TXN001586,ORD001586,CUST00355,11197.11,2026-08-21,SUCCESS
TXN001587,ORD001587,CUST00629,22973.32,2026-08-08,SUCCESS
TXN001588,ORD001588,CUST00041,17095.53,2026-08-11,SUCCESS
TXN001589,ORD001589,CUST00391,22906.72,2026-08-04,SUCCESS
TXN001590,ORD001590,CUST00396,6489.1,2026-08-24,SUCCESS
TXN001591,ORD001591,CUST00290,715.17,2026-08-17,SUCCESS
TXN001592,ORD001592,CUST00384,12906.3,2026-08-17,SUCCESS
TXN001593,ORD001593,CUST00457,12221.44,2026-08-10,SUCCESS
TXN001594,ORD001594,CUST00668,4893.56,2026-08-17,SUCCESS
TXN001595,ORD001595,CUST00085,23710.47,2026-08-06,SUCCESS
TXN001596,ORD001596,CUST00551,13376.82,2026-08-21,SUCCESS
TXN001597,ORD001597,CUST00068,5348.46,2026-08-21,SUCCESS
TXN001598,ORD001598,CUST00219,21637.28,2026-08-14,SUCCESS
TXN001599,ORD001599,CUST00107,5218.93,2026-08-23,SUCCESS
TXN001600,ORD001600,CUST00446,16199.37,2026-08-03,SUCCESS
TXN001601,ORD001601,CUST00158,691.45,2026-08-23,SUCCESS
TXN001602,ORD001602,CUST00340,1043.37,2026-08-03,SUCCESS
TXN001603,ORD001603,CUST00056,4532.0,2026-08-09,SUCCESS
TXN001604,ORD001604,CUST00572,1854.01,2026-08-08,SUCCESS
TXN001605,ORD001605,CUST00265,10250.06,2026-08-15,SUCCESS
TXN001606,ORD001606,CUST00646,10170.76,2026-08-11,SUCCESS
TXN001607,ORD001607,CUST00018,9798.6,2026-08-04,SUCCESS
TXN001608,ORD001608,CUST00548,246.88,2026-08-24,SUCCESS
TXN001609,ORD001609,CUST00634,1674.62,2026-08-24,SUCCESS
TXN001610,ORD001610,CUST00600,1233.37,2026-08-03,SUCCESS
TXN001611,ORD001611,CUST00367,23208.39,2026-08-04,SUCCESS
TXN001612,ORD001612,CUST00297,19693.61,2026-08-10,SUCCESS
TXN001613,ORD001613,CUST00622,2253.98,2026-08-25,SUCCESS
TXN001614,ORD001614,CUST00449,9597.2,2026-08-22,SUCCESS
TXN001615,ORD001615,CUST00032,11902.29,2026-08-18,SUCCESS
TXN001616,ORD001616,CUST00226,3495.9,2026-08-13,SUCCESS
TXN001617,ORD001617,CUST00559,7444.96,2026-08-21,SUCCESS
TXN001618,ORD001618,CUST00148,7521.61,2026-08-26,SUCCESS
TXN001619,ORD001619,CUST00664,9390.95,2026-08-01,SUCCESS
TXN001620,ORD001620,CUST00567,21881.7,2026-08-05,SUCCESS
TXN001621,ORD001621,CUST00127,1140.15,2026-08-19,SUCCESS
TXN001622,ORD001622,CUST00611,9912.63,2026-08-18,SUCCESS
TXN001623,ORD001623,CUST00088,7686.81,2026-08-24,SUCCESS
TXN001624,ORD001624,CUST00353,5372.25,2026-08-21,SUCCESS
TXN001625,ORD001625,CUST00525,3647.13,2026-08-06,SUCCESS
TXN001626,ORD001626,CUST00227,15460.43,2026-08-09,SUCCESS
TXN001627,ORD001627,CUST00199,2954.1,2026-08-22,SUCCESS
TXN001628,ORD001628,CUST00581,21321.05,2026-08-25,SUCCESS
TXN001629,ORD001629,CUST00563,11585.5,2026-08-18,SUCCESS
TXN001630,ORD001630,CUST00075,7337.25,2026-08-03,SUCCESS
TXN001631,ORD001631,CUST00257,2545.24,2026-08-24,SUCCESS
TXN001632,ORD001632,CUST00595,12231.04,2026-08-11,SUCCESS
TXN001633,ORD001633,CUST00366,3292.56,2026-08-21,SUCCESS
TXN001634,ORD001634,CUST00241,2591.12,2026-08-20,SUCCESS
TXN001635,ORD001635,CUST00072,22512.95,2026-08-11,SUCCESS
TXN001636,ORD001636,CUST00498,11321.08,2026-08-20,SUCCESS
TXN001637,ORD001637,CUST00676,7711.32,2026-08-19,SUCCESS
TXN001638,ORD001638,CUST00157,14182.24,2026-08-12,SUCCESS
TXN001639,ORD001639,CUST00324,23970.61,2026-08-06,SUCCESS
TXN001640,ORD001640,CUST00005,7899.05,2026-08-26,SUCCESS
TXN001641,ORD001641,CUST00227,17833.76,2026-08-21,SUCCESS
TXN001642,ORD001642,CUST00447,6989.33,2026-08-12,SUCCESS
TXN001643,ORD001643,CUST00138,17021.55,2026-08-11,SUCCESS
TXN001644,ORD001644,CUST00492,11624.92,2026-08-12,SUCCESS
TXN001645,ORD001645,CUST00313,12225.59,2026-08-04,SUCCESS
TXN001646,ORD001646,CUST00180,16174.23,2026-08-03,SUCCESS
TXN001647,ORD001647,CUST00288,21481.97,2026-08-05,SUCCESS
TXN001648,ORD001648,CUST00552,4991.16,2026-08-24,SUCCESS
TXN001649,ORD001649,CUST00642,2003.91,2026-08-03,SUCCESS
TXN001650,ORD001650,CUST00020,21254.72,2026-08-21,SUCCESS
TXN001651,ORD001651,CUST00032,20334.8,2026-08-19,SUCCESS
TXN001652,ORD001652,CUST00415,19253.09,2026-08-07,SUCCESS
TXN001653,ORD001653,CUST00038,13834.69,2026-08-18,SUCCESS
TXN001654,ORD001654,CUST00553,11855.39,2026-08-25,SUCCESS
TXN001655,ORD001655,CUST00153,9208.88,2026-08-08,SUCCESS
TXN001656,ORD001656,CUST00604,18357.35,2026-08-10,SUCCESS
TXN001657,ORD001657,CUST00138,11671.06,2026-08-17,SUCCESS
TXN001658,ORD001658,CUST00093,9979.95,2026-08-17,SUCCESS
TXN001659,ORD001659,CUST00011,16600.69,2026-08-26,SUCCESS
TXN001660,ORD001660,CUST00629,17135.63,2026-08-25,SUCCESS
TXN001661,ORD001661,CUST00527,3595.23,2026-08-06,SUCCESS
TXN001662,ORD001662,CUST00184,14202.3,2026-08-19,SUCCESS
TXN001663,ORD001663,CUST00676,21817.66,2026-08-05,SUCCESS
TXN001664,ORD001664,CUST00496,23485.46,2026-08-02,SUCCESS
TXN001665,ORD001665,CUST00225,19060.66,2026-08-08,SUCCESS
TXN001666,ORD001666,CUST00065,6682.49,2026-08-08,SUCCESS
TXN001667,ORD001667,CUST00044,16747.78,2026-08-17,SUCCESS
TXN001668,ORD001668,CUST00370,9763.52,2026-08-15,SUCCESS
TXN001669,ORD001669,CUST00048,1093.63,2026-08-21,SUCCESS
TXN001670,ORD001670,CUST00332,2670.3,2026-08-17,SUCCESS
TXN001671,ORD001671,CUST00649,20758.21,2026-08-24,SUCCESS
TXN001672,ORD001672,CUST00270,14507.92,2026-08-19,SUCCESS
TXN001673,ORD001673,CUST00179,9478.82,2026-08-13,SUCCESS
TXN001674,ORD001674,CUST00375,14733.2,2026-08-03,SUCCESS
TXN001675,ORD001675,CUST00530,6364.5,2026-08-08,SUCCESS
TXN001676,ORD001676,CUST00529,10205.47,2026-08-12,SUCCESS
TXN001677,ORD001677,CUST00499,19837.17,2026-08-20,SUCCESS
TXN001678,ORD001678,CUST00007,12595.74,2026-08-05,SUCCESS
TXN001679,ORD001679,CUST00451,4223.58,2026-08-03,SUCCESS
TXN001680,ORD001680,CUST00527,16122.58,2026-08-07,SUCCESS
TXN001681,ORD001681,CUST00154,4753.95,2026-08-12,SUCCESS
TXN001682,ORD001682,CUST00617,17960.84,2026-08-04,SUCCESS
TXN001683,ORD001683,CUST00677,5835.62,2026-08-26,SUCCESS
TXN001684,ORD001684,CUST00339,18034.37,2026-08-16,SUCCESS
TXN001685,ORD001685,CUST00692,12022.48,2026-08-07,SUCCESS
TXN001686,ORD001686,CUST00605,4115.03,2026-08-14,SUCCESS
TXN001687,ORD001687,CUST00023,6167.39,2026-08-05,SUCCESS
TXN001688,ORD001688,CUST00588,14849.46,2026-08-05,SUCCESS
TXN001689,ORD001689,CUST00645,12864.81,2026-08-19,SUCCESS
TXN001690,ORD001690,CUST00151,1492.21,2026-08-09,SUCCESS
TXN001691,ORD001691,CUST00185,12964.35,2026-08-13,SUCCESS
TXN001692,ORD001692,CUST00614,24234.17,2026-08-21,SUCCESS
TXN001693,ORD001693,CUST00020,21974.87,2026-08-24,SUCCESS
TXN001694,ORD001694,CUST00678,20550.45,2026-08-03,SUCCESS
TXN001695,ORD001695,CUST00222,11285.16,2026-08-16,SUCCESS
TXN001696,ORD001696,CUST00494,4347.11,2026-08-14,SUCCESS
TXN001697,ORD001697,CUST00616,3653.53,2026-08-19,SUCCESS
TXN001698,ORD001698,CUST00187,15617.97,2026-08-17,SUCCESS
TXN001699,ORD001699,CUST00271,4276.27,2026-08-22,SUCCESS
TXN001700,ORD001700,CUST00351,23066.56,2026-08-20,SUCCESS
TXN001701,ORD001701,CUST00605,1814.19,2026-08-13,SUCCESS
TXN001702,ORD001702,CUST00395,3392.11,2026-08-01,SUCCESS
TXN001703,ORD001703,CUST00208,13115.51,2026-08-17,SUCCESS
TXN001704,ORD001704,CUST00430,20680.2,2026-08-20,SUCCESS
TXN001705,ORD001705,CUST00099,4517.81,2026-08-20,SUCCESS
TXN001706,ORD001706,CUST00615,1072.01,2026-08-26,SUCCESS
TXN001707,ORD001707,CUST00545,12632.9,2026-08-04,SUCCESS
TXN001708,ORD001708,CUST00096,12107.8,2026-08-05,SUCCESS
TXN001709,ORD001709,CUST00618,13528.22,2026-08-01,SUCCESS
TXN001710,ORD001710,CUST00695,16265.87,2026-08-17,SUCCESS
TXN001711,ORD001711,CUST00431,9322.4,2026-08-02,SUCCESS
TXN001712,ORD001712,CUST00543,10781.01,2026-08-26,SUCCESS
TXN001713,ORD001713,CUST00494,19759.93,2026-08-13,SUCCESS
TXN001714,ORD001714,CUST00359,14767.3,2026-08-24,SUCCESS
TXN001715,ORD001715,CUST00590,2533.15,2026-08-05,SUCCESS
TXN001716,ORD001716,CUST00261,11980.82,2026-08-08,SUCCESS
TXN001717,ORD001717,CUST00086,7153.34,2026-08-18,SUCCESS
TXN001718,ORD001718,CUST00419,6519.34,2026-08-01,SUCCESS
TXN001719,ORD001719,CUST00008,14491.88,2026-08-04,SUCCESS
TXN001720,ORD001720,CUST00533,279.13,2026-08-21,SUCCESS
TXN001721,ORD001721,CUST00211,17225.39,2026-08-11,SUCCESS
TXN001722,ORD001722,CUST00419,9120.52,2026-08-05,SUCCESS
TXN001723,ORD001723,CUST00437,16324.24,2026-08-09,SUCCESS
TXN001724,ORD001724,CUST00268,21388.93,2026-08-14,SUCCESS
TXN001725,ORD001725,CUST00579,9204.54,2026-08-09,SUCCESS
TXN001726,ORD001726,CUST00697,9996.61,2026-08-07,SUCCESS
TXN001727,ORD001727,CUST00424,13847.41,2026-08-18,SUCCESS
TXN001728,ORD001728,CUST00495,4550.12,2026-08-18,SUCCESS
TXN001729,ORD001729,CUST00569,12145.63,2026-08-10,SUCCESS
TXN001730,ORD001730,CUST00592,8674.47,2026-08-23,SUCCESS
TXN001731,ORD001731,CUST00408,18420.98,2026-08-22,SUCCESS
TXN001732,ORD001732,CUST00122,18720.57,2026-08-15,SUCCESS
TXN001733,ORD001733,CUST00166,2596.94,2026-08-17,SUCCESS
TXN001734,ORD001734,CUST00411,19673.42,2026-08-26,SUCCESS
TXN001735,ORD001735,CUST00564,15389.23,2026-08-22,SUCCESS
TXN001736,ORD001736,CUST00054,4102.38,2026-08-21,SUCCESS
TXN001737,ORD001737,CUST00006,20128.8,2026-08-05,SUCCESS
TXN001738,ORD001738,CUST00483,23153.96,2026-08-14,SUCCESS
TXN001739,ORD001739,CUST00091,1695.6,2026-08-08,SUCCESS
TXN001740,ORD001740,CUST00380,2092.99,2026-08-02,SUCCESS
TXN001741,ORD001741,CUST00394,23274.06,2026-08-13,SUCCESS
TXN001742,ORD001742,CUST00629,16438.76,2026-08-10,SUCCESS
TXN001743,ORD001743,CUST00612,1530.83,2026-08-25,SUCCESS
TXN001744,ORD001744,CUST00180,16043.25,2026-08-15,SUCCESS
TXN001745,ORD001745,CUST00011,5122.51,2026-08-22,SUCCESS
TXN001746,ORD001746,CUST00531,7221.56,2026-08-02,SUCCESS
TXN001747,ORD001747,CUST00614,12812.64,2026-08-23,SUCCESS
TXN001748,ORD001748,CUST00238,15418.23,2026-08-22,SUCCESS
TXN001749,ORD001749,CUST00037,9057.53,2026-08-21,SUCCESS
TXN001750,ORD001750,CUST00001,24393.58,2026-08-03,SUCCESS
TXN001751,ORD001751,CUST00283,19513.85,2026-08-12,SUCCESS
TXN001752,ORD001752,CUST00686,9939.06,2026-08-19,SUCCESS
TXN001753,ORD001753,CUST00206,12991.79,2026-08-24,SUCCESS
TXN001754,ORD001754,CUST00071,22987.52,2026-08-18,SUCCESS
TXN001755,ORD001755,CUST00292,18180.85,2026-08-18,SUCCESS
TXN001756,ORD001756,CUST00597,8767.57,2026-08-09,SUCCESS
TXN001757,ORD001757,CUST00232,15198.45,2026-08-07,SUCCESS
TXN001758,ORD001758,CUST00466,23249.87,2026-08-19,SUCCESS
TXN001759,ORD001759,CUST00005,6601.58,2026-08-14,SUCCESS
TXN001760,ORD001760,CUST00519,2750.98,2026-08-03,SUCCESS
TXN001761,ORD001761,CUST00516,7426.87,2026-08-04,SUCCESS
TXN001762,ORD001762,CUST00526,23922.06,2026-08-18,SUCCESS
TXN001763,ORD001763,CUST00589,6328.52,2026-08-15,SUCCESS
TXN001764,ORD001764,CUST00387,14122.9,2026-08-25,SUCCESS
TXN001765,ORD001765,CUST00250,18961.08,2026-08-25,SUCCESS
TXN001766,ORD001766,CUST00470,17071.71,2026-08-19,SUCCESS
TXN001767,ORD001767,CUST00029,12101.06,2026-08-09,SUCCESS
TXN001768,ORD001768,CUST00070,9628.56,2026-08-26,SUCCESS
TXN001769,ORD001769,CUST00226,16955.13,2026-08-08,SUCCESS
TXN001770,ORD001770,CUST00324,10369.41,2026-08-12,SUCCESS
TXN001771,ORD001771,CUST00529,13437.73,2026-08-23,SUCCESS
TXN001772,ORD001772,CUST00270,6281.61,2026-08-03,SUCCESS
TXN001773,ORD001773,CUST00409,16875.08,2026-08-11,SUCCESS
TXN001774,ORD001774,CUST00078,13908.33,2026-08-06,SUCCESS
TXN001775,ORD001775,CUST00488,7915.43,2026-08-07,SUCCESS
TXN001776,ORD001776,CUST00588,6799.99,2026-08-24,SUCCESS
TXN001777,ORD001777,CUST00700,23263.36,2026-08-07,SUCCESS
TXN001778,ORD001778,CUST00511,18454.09,2026-08-08,SUCCESS
TXN001779,ORD001779,CUST00248,21831.29,2026-08-07,SUCCESS
TXN001780,ORD001780,CUST00235,5148.89,2026-08-08,SUCCESS
TXN001781,ORD001781,CUST00634,8965.08,2026-08-25,SUCCESS
TXN001782,ORD001782,CUST00110,3084.97,2026-08-03,SUCCESS
TXN001783,ORD001783,CUST00693,23898.91,2026-08-16,SUCCESS
TXN001784,ORD001784,CUST00629,264.93,2026-08-18,SUCCESS
TXN001785,ORD001785,CUST00044,21215.46,2026-08-12,SUCCESS
TXN001786,ORD001786,CUST00636,7953.88,2026-08-19,SUCCESS
TXN001787,ORD001787,CUST00282,12321.05,2026-08-25,SUCCESS
TXN001788,ORD001788,CUST00524,7078.64,2026-08-08,SUCCESS
TXN001789,ORD001789,CUST00591,3293.32,2026-08-17,SUCCESS
TXN001790,ORD001790,CUST00434,12010.17,2026-08-18,SUCCESS
TXN001791,ORD001791,CUST00034,12611.63,2026-08-13,SUCCESS
TXN001792,ORD001792,CUST00179,11484.18,2026-08-04,SUCCESS
TXN001793,ORD001793,CUST00531,11555.76,2026-08-23,SUCCESS
TXN001794,ORD001794,CUST00009,394.32,2026-08-07,SUCCESS
TXN001795,ORD001795,CUST00389,14567.1,2026-08-11,SUCCESS
TXN001796,ORD001796,CUST00371,15358.17,2026-08-09,SUCCESS
TXN001797,ORD001797,CUST00192,13759.23,2026-08-08,SUCCESS
TXN001798,ORD001798,CUST00276,11836.5,2026-08-20,SUCCESS
TXN001799,ORD001799,CUST00352,9211.51,2026-08-16,SUCCESS
TXN001800,ORD001800,CUST00435,5342.26,2026-08-23,SUCCESS
TXN001801,ORD001801,CUST00382,9190.44,2026-08-13,SUCCESS
TXN001802,ORD001802,CUST00287,11323.15,2026-08-19,SUCCESS
TXN001803,ORD001803,CUST00135,24483.88,2026-08-22,SUCCESS
TXN001804,ORD001804,CUST00235,20373.35,2026-08-24,SUCCESS
TXN001805,ORD001805,CUST00277,20121.78,2026-08-18,SUCCESS
TXN001806,ORD001806,CUST00443,21422.09,2026-08-07,SUCCESS
TXN001807,ORD001807,CUST00150,20020.93,2026-08-24,SUCCESS
TXN001808,ORD001808,CUST00154,11877.38,2026-08-01,SUCCESS
TXN001809,ORD001809,CUST00181,10595.86,2026-08-05,SUCCESS
TXN001810,ORD001810,CUST00646,12973.47,2026-08-24,SUCCESS
TXN001811,ORD001811,CUST00324,19654.79,2026-08-10,SUCCESS
TXN001812,ORD001812,CUST00257,14097.25,2026-08-19,SUCCESS
TXN001813,ORD001813,CUST00049,10020.21,2026-08-23,SUCCESS
TXN001814,ORD001814,CUST00168,1594.91,2026-08-09,SUCCESS
TXN001815,ORD001815,CUST00488,20990.4,2026-08-04,SUCCESS
TXN001816,ORD001816,CUST00461,18640.37,2026-08-09,SUCCESS
TXN001817,ORD001817,CUST00370,9071.63,2026-08-18,SUCCESS
TXN001818,ORD001818,CUST00264,8669.09,2026-08-14,SUCCESS
TXN001819,ORD001819,CUST00125,8842.15,2026-08-22,SUCCESS
TXN001820,ORD001820,CUST00621,5054.06,2026-08-19,SUCCESS
TXN001821,ORD001821,CUST00666,16263.36,2026-08-06,SUCCESS
TXN001822,ORD001822,CUST00292,8942.22,2026-08-22,SUCCESS
TXN001823,ORD001823,CUST00523,12238.59,2026-08-24,SUCCESS
TXN001824,ORD001824,CUST00458,22251.85,2026-08-13,SUCCESS
TXN001825,ORD001825,CUST00629,7234.44,2026-08-21,SUCCESS
TXN001826,ORD001826,CUST00149,21719.62,2026-08-21,SUCCESS
TXN001827,ORD001827,CUST00346,10603.23,2026-08-20,SUCCESS
TXN001828,ORD001828,CUST00586,10178.84,2026-08-03,SUCCESS
TXN001829,ORD001829,CUST00082,4133.79,2026-08-08,SUCCESS
TXN001830,ORD001830,CUST00322,7990.27,2026-08-10,SUCCESS
TXN001831,ORD001831,CUST00274,15174.09,2026-08-13,SUCCESS
TXN001832,ORD001832,CUST00278,22203.53,2026-08-25,SUCCESS
TXN001833,ORD001833,CUST00372,18722.6,2026-08-17,SUCCESS
TXN001834,ORD001834,CUST00462,10408.33,2026-08-06,SUCCESS
TXN001835,ORD001835,CUST00024,3213.49,2026-08-08,SUCCESS
TXN001836,ORD001836,CUST00678,6366.01,2026-08-24,SUCCESS
TXN001837,ORD001837,CUST00082,5343.23,2026-08-13,SUCCESS
TXN001838,ORD001838,CUST00106,2479.29,2026-08-16,SUCCESS
TXN001839,ORD001839,CUST00562,1440.25,2026-08-25,SUCCESS
TXN001840,ORD001840,CUST00407,13147.17,2026-08-03,SUCCESS
TXN001841,ORD001841,CUST00107,6635.06,2026-08-05,SUCCESS
TXN001842,ORD001842,CUST00087,16405.33,2026-08-13,SUCCESS
TXN001843,ORD001843,CUST00317,5810.96,2026-08-24,SUCCESS
TXN001844,ORD001844,CUST00291,11134.69,2026-08-05,SUCCESS
TXN001845,ORD001845,CUST00135,13215.88,2026-08-06,SUCCESS
TXN001846,ORD001846,CUST00030,975.36,2026-08-12,SUCCESS
TXN001847,ORD001847,CUST00334,21619.6,2026-08-15,SUCCESS
TXN001848,ORD001848,CUST00554,23377.95,2026-08-18,SUCCESS
TXN001849,ORD001849,CUST00456,3464.36,2026-08-23,SUCCESS
TXN001850,ORD001850,CUST00553,4508.21,2026-08-20,SUCCESS
TXN001851,ORD001851,CUST00468,15813.08,2026-08-21,SUCCESS
TXN001852,ORD001852,CUST00578,10930.94,2026-08-21,SUCCESS
TXN001853,ORD001853,CUST00655,13391.22,2026-08-12,SUCCESS
TXN001854,ORD001854,CUST00494,13537.74,2026-08-26,SUCCESS
TXN001855,ORD001855,CUST00092,11102.32,2026-08-12,SUCCESS
TXN001856,ORD001856,CUST00423,6569.2,2026-08-10,SUCCESS
TXN001857,ORD001857,CUST00011,102.3,2026-08-25,SUCCESS
TXN001858,ORD001858,CUST00140,8662.73,2026-08-16,SUCCESS
TXN001859,ORD001859,CUST00548,307.1,2026-08-16,SUCCESS
TXN001860,ORD001860,CUST00489,7560.3,2026-08-25,SUCCESS
TXN001861,ORD001861,CUST00441,19969.32,2026-08-20,SUCCESS
TXN001862,ORD001862,CUST00237,19939.51,2026-08-18,SUCCESS
TXN001863,ORD001863,CUST00383,4795.42,2026-08-18,SUCCESS
TXN001864,ORD001864,CUST00448,9929.33,2026-08-06,SUCCESS
TXN001865,ORD001865,CUST00662,9804.11,2026-08-13,SUCCESS
TXN001866,ORD001866,CUST00226,6648.21,2026-08-14,SUCCESS
TXN001867,ORD001867,CUST00641,6065.09,2026-08-25,SUCCESS
TXN001868,ORD001868,CUST00628,20208.62,2026-08-22,SUCCESS
TXN001869,ORD001869,CUST00279,7188.45,2026-08-24,SUCCESS
TXN001870,ORD001870,CUST00545,20239.34,2026-08-14,SUCCESS
TXN001871,ORD001871,CUST00193,21351.7,2026-08-06,SUCCESS
TXN001872,ORD001872,CUST00140,7310.92,2026-08-21,SUCCESS
TXN001873,ORD001873,CUST00467,15481.46,2026-08-09,SUCCESS
TXN001874,ORD001874,CUST00638,12350.7,2026-08-11,SUCCESS
TXN001875,ORD001875,CUST00020,3888.52,2026-08-18,SUCCESS
TXN001876,ORD001876,CUST00023,4729.85,2026-08-04,SUCCESS
TXN001877,ORD001877,CUST00289,6802.96,2026-08-23,SUCCESS
TXN001878,ORD001878,CUST00449,18204.97,2026-08-08,SUCCESS
TXN001879,ORD001879,CUST00093,3852.02,2026-08-16,SUCCESS
TXN001880,ORD001880,CUST00223,8613.63,2026-08-10,SUCCESS
TXN001881,ORD001881,CUST00511,24949.29,2026-08-15,SUCCESS
TXN001882,ORD001882,CUST00033,8323.19,2026-08-25,SUCCESS
TXN001883,ORD001883,CUST00150,1495.35,2026-08-25,SUCCESS
TXN001884,ORD001884,CUST00402,1877.48,2026-08-16,SUCCESS
TXN001885,ORD001885,CUST00186,4885.59,2026-08-09,SUCCESS
TXN001886,ORD001886,CUST00391,20723.48,2026-08-04,SUCCESS
TXN001887,ORD001887,CUST00255,9681.47,2026-08-15,SUCCESS
TXN001888,ORD001888,CUST00254,18466.71,2026-08-02,SUCCESS
TXN001889,ORD001889,CUST00204,11574.78,2026-08-25,SUCCESS
TXN001890,ORD001890,CUST00097,13076.36,2026-08-07,SUCCESS
TXN001891,ORD001891,CUST00485,9789.16,2026-08-10,SUCCESS
TXN001892,ORD001892,CUST00331,4049.42,2026-08-24,SUCCESS
TXN001893,ORD001893,CUST00044,18643.64,2026-08-18,SUCCESS
TXN001894,ORD001894,CUST00534,3141.32,2026-08-16,SUCCESS
TXN001895,ORD001895,CUST00654,7540.45,2026-08-12,SUCCESS
TXN001896,ORD001896,CUST00054,21605.08,2026-08-07,SUCCESS
TXN001897,ORD001897,CUST00116,5975.55,2026-08-14,SUCCESS
TXN001898,ORD001898,CUST00333,475.19,2026-08-26,SUCCESS
TXN001899,ORD001899,CUST00283,14658.95,2026-08-13,SUCCESS
TXN001900,ORD001900,CUST00249,322.35,2026-08-02,SUCCESS
TXN001901,ORD001901,CUST00596,19608.53,2026-08-16,SUCCESS
TXN001902,ORD001902,CUST00611,3959.3,2026-08-25,SUCCESS
TXN001903,ORD001903,CUST00092,6293.18,2026-08-16,SUCCESS
TXN001904,ORD001904,CUST00094,17180.02,2026-08-11,SUCCESS
TXN001905,ORD001905,CUST00641,1595.3,2026-08-12,SUCCESS
TXN001906,ORD001906,CUST00661,3932.57,2026-08-18,SUCCESS
TXN001907,ORD001907,CUST00110,3233.1,2026-08-08,SUCCESS
TXN001908,ORD001908,CUST00325,24543.73,2026-08-26,SUCCESS
TXN001909,ORD001909,CUST00661,18941.77,2026-08-26,SUCCESS
TXN001910,ORD001910,CUST00450,18356.4,2026-08-01,SUCCESS
TXN001911,ORD001911,CUST00387,9018.37,2026-08-05,SUCCESS
TXN001912,ORD001912,CUST00257,22476.71,2026-08-16,SUCCESS
TXN001913,ORD001913,CUST00449,14019.72,2026-08-18,SUCCESS
TXN001914,ORD001914,CUST00502,4825.42,2026-08-06,SUCCESS
TXN001915,ORD001915,CUST00557,8756.85,2026-08-24,SUCCESS
TXN001916,ORD001916,CUST00480,6955.58,2026-08-20,SUCCESS
TXN001917,ORD001917,CUST00568,4092.55,2026-08-17,SUCCESS
TXN001918,ORD001918,CUST00159,11289.67,2026-08-09,SUCCESS
TXN001919,ORD001919,CUST00555,9241.11,2026-08-01,SUCCESS
TXN001920,ORD001920,CUST00654,12698.35,2026-08-24,SUCCESS
TXN001921,ORD001921,CUST00190,22085.02,2026-08-20,SUCCESS
TXN001922,ORD001922,CUST00373,19422.81,2026-08-08,SUCCESS
TXN001923,ORD001923,CUST00329,18052.99,2026-08-22,SUCCESS
TXN001924,ORD001924,CUST00552,20494.34,2026-08-07,SUCCESS
TXN001925,ORD001925,CUST00537,17112.28,2026-08-25,SUCCESS
TXN001926,ORD001926,CUST00565,3937.87,2026-08-10,SUCCESS
TXN001927,ORD001927,CUST00331,10304.13,2026-08-11,SUCCESS
TXN001928,ORD001928,CUST00114,2496.78,2026-08-22,SUCCESS
TXN001929,ORD001929,CUST00069,1190.05,2026-08-05,SUCCESS
TXN001930,ORD001930,CUST00183,21849.97,2026-08-07,SUCCESS
TXN001931,ORD001931,CUST00110,12185.72,2026-08-04,SUCCESS
TXN001932,ORD001932,CUST00033,14318.2,2026-08-13,SUCCESS
TXN001933,ORD001933,CUST00674,12298.75,2026-08-20,SUCCESS
TXN001934,ORD001934,CUST00605,6472.87,2026-08-12,SUCCESS
TXN001935,ORD001935,CUST00227,15188.25,2026-08-03,SUCCESS
TXN001936,ORD001936,CUST00014,23262.25,2026-08-07,SUCCESS
TXN001937,ORD001937,CUST00672,12336.0,2026-08-03,SUCCESS
TXN001938,ORD001938,CUST00480,20045.4,2026-08-02,SUCCESS
TXN001939,ORD001939,CUST00370,13994.7,2026-08-14,SUCCESS
TXN001940,ORD001940,CUST00378,19876.81,2026-08-02,SUCCESS
TXN001941,ORD001941,CUST00632,6718.81,2026-08-02,SUCCESS
TXN001942,ORD001942,CUST00073,20877.97,2026-08-03,SUCCESS
TXN001943,ORD001943,CUST00222,24018.61,2026-08-04,SUCCESS
TXN001944,ORD001944,CUST00104,18156.78,2026-08-18,SUCCESS
TXN001945,ORD001945,CUST00395,4817.56,2026-08-17,SUCCESS
TXN001946,ORD001946,CUST00673,6294.2,2026-08-21,SUCCESS
TXN001947,ORD001947,CUST00184,14004.74,2026-08-18,SUCCESS
TXN001948,ORD001948,CUST00426,18678.1,2026-08-25,SUCCESS
TXN001949,ORD001949,CUST00654,14456.44,2026-08-22,SUCCESS
TXN001950,ORD001950,CUST00470,17593.51,2026-08-14,SUCCESS
TXN001951,ORD001951,CUST00107,4253.55,2026-08-06,SUCCESS
TXN001952,ORD001952,CUST00564,10098.77,2026-08-11,SUCCESS
TXN001953,ORD001953,CUST00674,4038.59,2026-08-20,SUCCESS
TXN001954,ORD001954,CUST00454,23344.65,2026-08-11,SUCCESS
TXN001955,ORD001955,CUST00564,24787.43,2026-08-11,SUCCESS
TXN001956,ORD001956,CUST00381,10367.35,2026-08-21,SUCCESS
TXN001957,ORD001957,CUST00441,20671.26,2026-08-11,SUCCESS
TXN001958,ORD001958,CUST00624,6093.99,2026-08-18,SUCCESS
TXN001959,ORD001959,CUST00220,9439.07,2026-08-18,SUCCESS
TXN001960,ORD001960,CUST00261,9064.21,2026-08-15,SUCCESS
TXN001961,ORD001961,CUST00459,23999.63,2026-08-01,SUCCESS
TXN001962,ORD001962,CUST00036,24575.62,2026-08-20,SUCCESS
TXN001963,ORD001963,CUST00017,12988.47,2026-08-10,SUCCESS
TXN001964,ORD001964,CUST00007,7578.32,2026-08-08,SUCCESS
TXN001965,ORD001965,CUST00220,21407.44,2026-08-01,SUCCESS
TXN001966,ORD001966,CUST00283,22985.89,2026-08-17,SUCCESS
TXN001967,ORD001967,CUST00570,14309.64,2026-08-19,SUCCESS
TXN001968,ORD001968,CUST00159,2447.75,2026-08-15,SUCCESS
TXN001969,ORD001969,CUST00365,3987.07,2026-08-09,SUCCESS
TXN001970,ORD001970,CUST00376,22251.67,2026-08-08,SUCCESS
TXN001971,ORD001971,CUST00239,6480.47,2026-08-10,SUCCESS
TXN001972,ORD001972,CUST00095,14305.13,2026-08-19,SUCCESS
TXN001973,ORD001973,CUST00223,18383.22,2026-08-24,SUCCESS
TXN001974,ORD001974,CUST00333,19843.31,2026-08-06,SUCCESS
TXN001975,ORD001975,CUST00500,20660.06,2026-08-23,SUCCESS
TXN001976,ORD001976,CUST00591,20505.93,2026-08-04,SUCCESS
TXN001977,ORD001977,CUST00610,16092.14,2026-08-02,SUCCESS
TXN001978,ORD001978,CUST00591,9600.5,2026-08-25,SUCCESS
TXN001979,ORD001979,CUST00058,23054.6,2026-08-11,SUCCESS
TXN001980,ORD001980,CUST00357,22006.83,2026-08-14,SUCCESS
TXN001981,ORD001981,CUST00427,23263.13,2026-08-04,SUCCESS
TXN001982,ORD001982,CUST00233,18717.2,2026-08-20,SUCCESS
TXN001983,ORD001983,CUST00012,15883.79,2026-08-21,SUCCESS
TXN001984,ORD001984,CUST00392,1447.79,2026-08-17,SUCCESS
TXN001985,ORD001985,CUST00043,8050.98,2026-08-19,SUCCESS
TXN001986,ORD001986,CUST00154,8238.11,2026-08-23,SUCCESS
TXN001987,ORD001987,CUST00227,3914.62,2026-08-22,SUCCESS
TXN001988,ORD001988,CUST00403,24278.9,2026-08-25,SUCCESS
TXN001989,ORD001989,CUST00610,14423.85,2026-08-03,SUCCESS
TXN001990,ORD001990,CUST00228,10855.2,2026-08-26,SUCCESS
TXN001991,ORD001991,CUST00404,3785.51,2026-08-11,SUCCESS
TXN001992,ORD001992,CUST00085,11948.78,2026-08-24,SUCCESS
TXN001993,ORD001993,CUST00051,13748.99,2026-08-09,SUCCESS
TXN001994,ORD001994,CUST00088,10023.32,2026-08-14,SUCCESS
TXN001995,ORD001995,CUST00134,19074.62,2026-08-16,SUCCESS
TXN001996,ORD001996,CUST00573,5032.9,2026-08-13,SUCCESS
TXN001997,ORD001997,CUST00668,14326.13,2026-08-18,SUCCESS
TXN001998,ORD001998,CUST00631,24927.26,2026-08-17,SUCCESS
TXN001999,ORD001999,CUST00253,6133.65,2026-08-09,SUCCESS
TXN002000,ORD002000,CUST00441,8152.95,2026-08-19,SUCCESS
